scope,period,contaminated,horizon,metric,state,n,quarters,mean_return,median_return,quarter_equal_hit,negative_fraction
US,later,True,3,MOS,fail,9553,31,0.5680264881751199,0.419322004761157,0.5035278457419146,0.18360724379775986
US,later,True,3,MOS,pass,375,31,0.6125508473740195,0.45321390403990436,0.46367772791335204,0.17066666666666666
US,later,True,3,MOS,unknown,2414,31,0.7884544650806762,0.39644983671483436,0.48448181600195633,0.19179784589892296
US,later,True,3,buy,fail,12190,31,0.6139322441144431,0.41614819078879095,0.5002372667091577,0.185233798195242
US,later,True,3,buy,pass,152,31,0.4970962648149242,0.36234254148066714,0.41177035330261136,0.1513157894736842
US,later,True,3,economics,fail,5720,31,0.6768442330617577,0.4251132174828254,0.5056315999719687,0.1874125874125874
US,later,True,3,economics,pass,6622,31,0.5569078337199752,0.4096323092136457,0.4960728695347033,0.1825732407127756
US,later,True,3,expected_hurdle,fail,8544,31,0.5536894892385936,0.413508350968384,0.5003033699719063,0.18656367041198502
US,later,True,3,expected_hurdle,pass,1198,31,0.659367003435021,0.46307445678465475,0.4973260190135541,0.1636060100166945
US,later,True,3,expected_hurdle,unknown,2600,31,0.7841338545527808,0.403870991208812,0.4878906355845738,0.18884615384615386
US,later,True,3,expected_return,quintile_1,1960,31,0.6265141674113822,0.4347095722643114,0.5116100726348523,0.2229591836734694
US,later,True,3,expected_return,quintile_2,1949,31,0.5231433558466048,0.4385333673558607,0.5246344133096865,0.17085684966649564
US,later,True,3,expected_return,quintile_3,1947,31,0.5229274102273849,0.3930949564776627,0.48066873597226595,0.1936312275295326
US,later,True,3,expected_return,quintile_4,1949,31,0.5750142362426056,0.4184589722394316,0.5037878905737793,0.15802975885069268
US,later,True,3,expected_return,quintile_5,1937,31,0.5855591550587511,0.4176724956062434,0.4900381030715125,0.1729478575116159
US,later,True,3,price_value,quintile_1,1998,31,0.5989086543535682,0.4225421311812798,0.49102947916217937,0.17867867867867868
US,later,True,3,price_value,quintile_2,1985,31,0.5831768241349875,0.4329621814612128,0.5111328792622754,0.1531486146095718
US,later,True,3,price_value,quintile_3,1986,31,0.5286630809961423,0.3930173994363628,0.48654768269505105,0.18932527693857
US,later,True,3,price_value,quintile_4,1985,31,0.5428132868416211,0.43865371769293726,0.5258651309116904,0.1677581863979849
US,later,True,3,price_value,quintile_5,1974,31,0.5949487683671942,0.4199769434023892,0.5001922541188858,0.22695035460992907
US,later,True,5,MOS,fail,6828,23,1.14876532472606,0.791690450594547,0.5050685839039918,0.11775043936731107
US,later,True,5,MOS,pass,278,23,1.1693546816709515,0.8693733231151846,0.4341505768963236,0.10431654676258993
US,later,True,5,MOS,unknown,1810,23,1.3980666571281481,0.7094838482310928,0.47106004781661376,0.12762430939226518
US,later,True,5,buy,fail,8792,23,1.202205614648229,0.7775488908713301,0.5003196491187155,0.11931301182893539
US,later,True,5,buy,pass,124,23,1.0448316463611538,0.8428729690416918,0.3565734989648033,0.12096774193548387
US,later,True,5,economics,fail,4235,23,1.2826397772960834,0.7814131032730727,0.5067309941887939,0.12750885478158205
US,later,True,5,economics,pass,4681,23,1.1252662745753255,0.7768191817263972,0.49426469178988053,0.1119418927579577
US,later,True,5,expected_hurdle,fail,6151,23,1.1376175469618297,0.786022738573718,0.5055076777593402,0.11819216387579255
US,later,True,5,expected_hurdle,pass,830,23,1.234416468075519,0.8547096435240974,0.46700782651572503,0.10963855421686747
US,later,True,5,expected_hurdle,unknown,1935,23,1.3836174099592327,0.7191046879113889,0.47162841957291723,0.12713178294573643
US,later,True,5,expected_return,quintile_1,1405,23,1.257819508106753,0.7815696444412323,0.5000119449729595,0.15729537366548044
US,later,True,5,expected_return,quintile_2,1396,23,1.1160539538998482,0.7991607928924023,0.5202852763844228,0.11891117478510028
US,later,True,5,expected_return,quintile_3,1396,23,1.0268959845284686,0.7724071697883894,0.4927801555065262,0.10458452722063037
US,later,True,5,expected_return,quintile_4,1396,23,1.169037146450262,0.8352653249931079,0.5251958802041065,0.1010028653295129
US,later,True,5,expected_return,quintile_5,1388,23,1.175274366343236,0.7790078426129539,0.48334532835984484,0.1037463976945245
US,later,True,5,price_value,quintile_1,1431,23,1.1831512384082679,0.7879759301415834,0.48432591660006885,0.10552061495457722
US,later,True,5,price_value,quintile_2,1421,23,1.2130299317164597,0.8523721088057554,0.5340193995578646,0.09570724841660802
US,later,True,5,price_value,quintile_3,1421,23,1.087574704586616,0.7716445979221345,0.49892133580632203,0.10837438423645321
US,later,True,5,price_value,quintile_4,1421,23,1.087507814391086,0.810031953915936,0.5170319486486172,0.11681914144968332
US,later,True,5,price_value,quintile_5,1412,23,1.17652480462849,0.756889149984754,0.48770259666811455,0.16005665722379603
US,train,False,3,MOS,fail,5996,29,0.4809057454175111,0.4070695327290882,0.5049792731361072,0.22031354236157438
US,train,False,3,MOS,pass,684,28,0.6165131350375815,0.5735460189173097,0.411244884814342,0.16666666666666666
US,train,False,3,MOS,unknown,1579,28,0.6422763437527177,0.4351854760966811,0.48817133696729154,0.20899303356554783
US,train,False,3,buy,fail,8100,29,0.5221297984121581,0.4239815641120639,0.4987000385130474,0.21555555555555556
US,train,False,3,buy,pass,159,26,0.5667220977117143,0.5606370389739985,0.4451215451215451,0.11949685534591195
US,train,False,3,economics,fail,3457,29,0.5686654750874965,0.43430887079047586,0.49095705987015603,0.2102979461961238
US,train,False,3,economics,pass,4802,29,0.49010487990361684,0.4200320934728392,0.5062179999358121,0.21615993336109954
US,train,False,3,expected_hurdle,fail,4781,29,0.4462536845524023,0.366759356376652,0.5015950167953511,0.2369797113574566
US,train,False,3,expected_hurdle,pass,1726,28,0.6205179461974973,0.5665238528930564,0.46354006155104677,0.15237543453070684
US,train,False,3,expected_hurdle,unknown,1752,28,0.6363055591853469,0.4392208018906898,0.4872163963944488,0.2106164383561644
US,train,False,3,expected_return,quintile_1,1315,29,0.4773434486783546,0.3652277249608984,0.45582349525404603,0.23650190114068442
US,train,False,3,expected_return,quintile_2,1299,29,0.5001428316907077,0.45144563986734854,0.5013879300752085,0.2132409545804465
US,train,False,3,expected_return,quintile_3,1306,29,0.489153752423337,0.4177385393293407,0.5196991741877377,0.17993874425727413
US,train,False,3,expected_return,quintile_4,1299,29,0.5411561558466191,0.45893460086517,0.556123945157284,0.1993841416474211
US,train,False,3,expected_return,quintile_5,1288,29,0.4544751711910044,0.41751281959497566,0.48457225615463456,0.24378881987577639
US,train,False,3,price_value,quintile_1,1351,29,0.4516164614459605,0.41739584481263803,0.47804220122598284,0.2509252405625463
US,train,False,3,price_value,quintile_2,1334,29,0.5635423954519034,0.4744581334449388,0.5686027572103471,0.18515742128935533
US,train,False,3,price_value,quintile_3,1334,29,0.48604580290882815,0.4177385393293407,0.5042129532721054,0.1896551724137931
US,train,False,3,price_value,quintile_4,1334,29,0.4909413556000505,0.4243264502291326,0.4932765331079016,0.22788605697151423
US,train,False,3,price_value,quintile_5,1327,29,0.48229507874297384,0.38478700405016775,0.4657811761306439,0.22004521477015826
US,train,False,5,MOS,fail,4100,21,0.9290810462297124,0.7071486687501587,0.5003055822595575,0.1419512195121951
US,train,False,5,MOS,pass,405,20,1.1151255910676119,0.9297430398432851,0.3424721078652738,0.12839506172839507
US,train,False,5,MOS,unknown,1122,20,1.3842774369100068,0.8707460218430038,0.5251324197699957,0.13279857397504458
US,train,False,5,buy,fail,5543,21,1.0333267804287656,0.7491873150664823,0.49845851795142454,0.14053761500992243
US,train,False,5,buy,pass,84,18,1.0272273121498021,0.9469662481433774,0.381657848324515,0.047619047619047616
US,train,False,5,economics,fail,2282,21,1.1506092161968406,0.7816505632021546,0.5062962862608353,0.13102541630148992
US,train,False,5,economics,pass,3345,21,0.9531620947013575,0.7357940550806754,0.4949705770532188,0.14469357249626308
US,train,False,5,expected_hurdle,fail,3362,21,0.8945577826192745,0.657366107945761,0.5010914616170535,0.1439619274241523
US,train,False,5,expected_hurdle,pass,1035,20,1.106037882939459,0.9736205244167342,0.4276283891804879,0.12173913043478261
US,train,False,5,expected_hurdle,unknown,1230,20,1.3510284261210492,0.8536158014629754,0.5115348213123262,0.14065040650406505
US,train,False,5,expected_return,quintile_1,889,21,0.9697754493632379,0.716927664167869,0.4636772982288981,0.1687289088863892
US,train,False,5,expected_return,quintile_2,879,21,0.974663074061655,0.7380717723612891,0.49962239084082105,0.13083048919226395
US,train,False,5,expected_return,quintile_3,881,21,0.9417356765648964,0.7576732714690437,0.4843289598802392,0.09194097616345062
US,train,False,5,expected_return,quintile_4,879,21,1.0335686977679641,0.7604475099619123,0.5711462583730286,0.10693970420932879
US,train,False,5,expected_return,quintile_5,869,21,0.8000198400834448,0.6324491635805671,0.4751719738187445,0.1956271576524741
US,train,False,5,price_value,quintile_1,912,21,0.8029126377422806,0.617605654811465,0.45411345297963407,0.2050438596491228
US,train,False,5,price_value,quintile_2,899,21,1.0557087969544634,0.7890388756677176,0.5866592882193615,0.08898776418242492
US,train,False,5,price_value,quintile_3,901,21,0.934518840905801,0.7439250974164788,0.4730164582388728,0.10987791342952276
US,train,False,5,price_value,quintile_4,899,21,0.9671552019113873,0.7260247840392211,0.48821961731230734,0.14015572858731926
US,train,False,5,price_value,quintile_5,894,21,0.9709682524236214,0.72934567415151,0.4722406389305295,0.15883668903803133
Western_nonUS,later,False,3,MOS,fail,14329,31,0.39371293762500614,0.2352020930961478,0.4942606358795081,0.308953869774583
Western_nonUS,later,False,3,MOS,pass,1180,31,0.5522912773807704,0.4127796926207328,0.5719955772478567,0.21271186440677967
Western_nonUS,later,False,3,MOS,unknown,4262,31,0.6257302876631649,0.2405721758069953,0.4992571958396832,0.34748944157672457
Western_nonUS,later,False,3,buy,fail,19484,31,0.45096151869853,0.24265064952237236,0.4970053210703599,0.31384725928967355
Western_nonUS,later,False,3,buy,pass,287,31,0.6046851785235956,0.5040092946789501,0.6916825369499393,0.15331010452961671
Western_nonUS,later,False,3,economics,fail,10216,31,0.5020169170684078,0.22616048975554914,0.48468997779479633,0.3279169929522318
Western_nonUS,later,False,3,economics,pass,9555,31,0.4009915281828966,0.26880963543988035,0.5157029709420453,0.29398220826792254
Western_nonUS,later,False,3,expected_hurdle,fail,11793,31,0.36650115628153623,0.21959732926004105,0.4860951694732536,0.31493258712795724
Western_nonUS,later,False,3,expected_hurdle,pass,3386,31,0.5149587542958116,0.34754877208623325,0.5284012707821303,0.26048434731246306
Western_nonUS,later,False,3,expected_hurdle,unknown,4592,31,0.6302875432240104,0.2528950090840778,0.5043457971095415,0.3403745644599303
Western_nonUS,later,False,3,expected_return,quintile_1,3047,31,0.41260994989457755,0.2116320455856311,0.480751067643425,0.33212996389891697
Western_nonUS,later,False,3,expected_return,quintile_2,3035,31,0.35671512130097455,0.22146469753787446,0.4881591832893852,0.31598023064250413
Western_nonUS,later,False,3,expected_return,quintile_3,3038,31,0.3502152195467162,0.22675213152219165,0.4777288892598796,0.29723502304147464
Western_nonUS,later,False,3,expected_return,quintile_4,3035,31,0.41119018485701175,0.2821491895448274,0.5190350491036232,0.2827018121911038
Western_nonUS,later,False,3,expected_return,quintile_5,3024,31,0.46760235435601344,0.28734088725486917,0.5308803659966053,0.2857142857142857
Western_nonUS,later,False,3,price_value,quintile_1,3115,31,0.47725832124106665,0.3009588067296949,0.5349453369349716,0.28025682182985556
Western_nonUS,later,False,3,price_value,quintile_2,3102,31,0.4018635119740488,0.268656301147176,0.5056316814122369,0.29529335912314636
Western_nonUS,later,False,3,price_value,quintile_3,3101,31,0.3500532474108975,0.22625507325593297,0.47739236830904336,0.30119316349564657
Western_nonUS,later,False,3,price_value,quintile_4,3102,31,0.3770657114713574,0.23614768500551442,0.4991221927331274,0.3039974210186976
Western_nonUS,later,False,3,price_value,quintile_5,3089,31,0.4224030911373441,0.2144594577753407,0.4864084544783204,0.32761411460019424
Western_nonUS,later,False,5,MOS,fail,10482,23,0.7061546933875787,0.39793952656786724,0.4824791800275806,0.26960503720664
Western_nonUS,later,False,5,MOS,pass,755,23,1.1006516866142795,0.7492942398404665,0.6241345778758254,0.1629139072847682
Western_nonUS,later,False,5,MOS,unknown,3030,23,1.14040173077628,0.5081075283722734,0.5231725111382087,0.27920792079207923
Western_nonUS,later,False,5,buy,fail,14084,23,0.8168406667564317,0.4302146239230199,0.4973954227718169,0.26753763135472874
Western_nonUS,later,False,5,buy,pass,183,23,1.0051301264312769,0.8281275413757658,0.7037080069688765,0.14754098360655737
Western_nonUS,later,False,5,economics,fail,7231,23,0.8981328195206694,0.42753275768148513,0.4917425772309354,0.26427879961277834
Western_nonUS,later,False,5,economics,pass,7036,23,0.7381927722826249,0.44359791462292075,0.5071015973104395,0.26776577600909607
Western_nonUS,later,False,5,expected_hurdle,fail,8732,23,0.6744575157666242,0.3858870154189561,0.47594577654631465,0.26660558863948697
Western_nonUS,later,False,5,expected_hurdle,pass,2283,23,0.9378647635724168,0.5756030270128998,0.5331501104717425,0.24529128339903636
Western_nonUS,later,False,5,expected_hurdle,unknown,3252,23,1.1247892007455471,0.5116602744581261,0.5247217652228935,0.2789052890528905
Western_nonUS,later,False,5,expected_return,quintile_1,2211,23,0.719070450612698,0.37566151366867007,0.4711349717254236,0.2831298055178652
Western_nonUS,later,False,5,expected_return,quintile_2,2203,23,0.6471624293727011,0.3792651503130118,0.4694921138038738,0.2605537902859737
Western_nonUS,later,False,5,expected_return,quintile_3,2204,23,0.6484330998423601,0.40374205390374707,0.4720556991771355,0.2518148820326679
Western_nonUS,later,False,5,expected_return,quintile_4,2203,23,0.7407159273641641,0.46186646836110046,0.5084092301876992,0.2505674080798911
Western_nonUS,later,False,5,expected_return,quintile_5,2194,23,0.8906111871747666,0.5060668722085944,0.5350364562039417,0.2648131267092069
Western_nonUS,later,False,5,price_value,quintile_1,2258,23,0.8786118620203914,0.5156195757755443,0.5394767356800817,0.2604074402125775
Western_nonUS,later,False,5,price_value,quintile_2,2247,23,0.7526559895741127,0.43205891033472854,0.5011872020633046,0.25055629728526924
Western_nonUS,later,False,5,price_value,quintile_3,2247,23,0.636348156369147,0.41862238368882765,0.4783180533659446,0.2630173564753004
Western_nonUS,later,False,5,price_value,quintile_4,2247,23,0.6737365966203496,0.37887326899985707,0.4637617263319039,0.253671562082777
Western_nonUS,later,False,5,price_value,quintile_5,2238,23,0.7211892254244445,0.378202213931102,0.4786427215634335,0.2846291331546023
Western_nonUS,train,False,3,MOS,fail,5042,30,0.4504875766139397,0.3497297118161997,0.4863057604822405,0.26338754462514874
Western_nonUS,train,False,3,MOS,pass,676,29,4.603816211141076,0.4423935043231152,0.4430726136034509,0.2588757396449704
Western_nonUS,train,False,3,MOS,unknown,1582,29,0.9702531534296984,0.3450411547006248,0.5160580170104254,0.3008849557522124
Western_nonUS,train,False,3,buy,fail,7208,30,0.950920180963392,0.3542158034950714,0.4835830988961703,0.2727524972253052
Western_nonUS,train,False,3,buy,pass,92,23,0.6983254821794025,0.46627495416155673,0.4937025534851622,0.14130434782608695
Western_nonUS,train,False,3,economics,fail,3588,30,1.2316600329673502,0.3444754714954943,0.42749741572926653,0.29375696767001114
Western_nonUS,train,False,3,economics,pass,3712,29,0.673298063162118,0.37202507656735884,0.5353971756086706,0.2491918103448276
Western_nonUS,train,False,3,expected_hurdle,fail,3700,30,0.4347035788646415,0.32671345907501803,0.4841484605540624,0.27702702702702703
Western_nonUS,train,False,3,expected_hurdle,pass,1798,29,0.7424776675850411,0.4090859070080858,0.4787898142219089,0.23526140155728587
Western_nonUS,train,False,3,expected_hurdle,unknown,1802,29,2.205938135753361,0.39826298676484895,0.5268758429221597,0.2946725860155383
Western_nonUS,train,False,3,expected_return,quintile_1,1112,30,0.431106979743727,0.2917956493024949,0.39920402832896285,0.30845323741007197
Western_nonUS,train,False,3,expected_return,quintile_2,1100,29,0.47585792373334507,0.3620265812685458,0.5204276024437631,0.2409090909090909
Western_nonUS,train,False,3,expected_return,quintile_3,1100,29,0.4834414882442226,0.4093822104657514,0.5550146197421896,0.24
Western_nonUS,train,False,3,expected_return,quintile_4,1100,29,0.4769769381915294,0.38873361608852497,0.5461185261863907,0.21363636363636362
Western_nonUS,train,False,3,expected_return,quintile_5,1086,29,0.8140728742689191,0.2895763324567435,0.4510336406718836,0.3139963167587477
Western_nonUS,train,False,3,price_value,quintile_1,1155,30,2.8121423641851995,0.3469387061405125,0.46572351118312566,0.30043290043290044
Western_nonUS,train,False,3,price_value,quintile_2,1144,29,0.4738824164541604,0.37322198073288526,0.536983619508747,0.23164335664335664
Western_nonUS,train,False,3,price_value,quintile_3,1144,29,0.5114369033639264,0.41978351324696495,0.5938376152956432,0.2263986013986014
Western_nonUS,train,False,3,price_value,quintile_4,1144,29,0.46476934937878495,0.3620265812685458,0.4925100727584322,0.24388111888111888
Western_nonUS,train,False,3,price_value,quintile_5,1131,29,0.4214078265461758,0.28546038806799023,0.38917054359748354,0.3121131741821397
Western_nonUS,train,False,5,MOS,fail,2807,22,0.7090479646543887,0.5128764326192157,0.47521789343733706,0.26291414321339507
Western_nonUS,train,False,5,MOS,pass,393,21,54.06288846908375,0.631921056856994,0.41954982772191607,0.17557251908396945
Western_nonUS,train,False,5,MOS,unknown,996,21,3.581096208633667,0.6327347527772748,0.5395731551082293,0.27309236947791166
Western_nonUS,train,False,5,buy,fail,4142,22,6.457385618289605,0.5440850258869998,0.47807064239133856,0.25857073877353937
Western_nonUS,train,False,5,buy,pass,54,15,1.0609888514513446,0.710946488061168,0.5134920634920634,0.14814814814814814
Western_nonUS,train,False,5,economics,fail,2049,22,10.718753039297239,0.49156053595280413,0.4227384107481807,0.2894094680331869
Western_nonUS,train,False,5,economics,pass,2147,21,2.2548018870115847,0.5895805233079965,0.5345847324958722,0.2263623660922217
Western_nonUS,train,False,5,expected_hurdle,fail,2130,22,0.6658879578682296,0.4714116611675413,0.4756435438306133,0.27605633802816903
Western_nonUS,train,False,5,expected_hurdle,pass,949,21,2.8440396584893946,0.631921056856994,0.43659963997159756,0.2065331928345627
Western_nonUS,train,False,5,expected_hurdle,unknown,1117,21,20.310160826112938,0.6574814199680579,0.5466068446917491,0.26410026857654434
Western_nonUS,train,False,5,expected_return,quintile_1,625,22,0.6415350461626205,0.4000029510915595,0.3930540363657682,0.3024
Western_nonUS,train,False,5,expected_return,quintile_2,616,21,0.7089704287524894,0.49097239769888723,0.49094351920297646,0.26785714285714285
Western_nonUS,train,False,5,expected_return,quintile_3,616,21,0.8037867358810393,0.7083481350854742,0.5816827654621406,0.20616883116883117
Western_nonUS,train,False,5,expected_return,quintile_4,616,21,0.8876036139777513,0.6834420634208896,0.5728137543174793,0.20616883116883117
Western_nonUS,train,False,5,expected_return,quintile_5,606,21,3.692662281665971,0.33266110399901805,0.4014713874370963,0.29042904290429045
Western_nonUS,train,False,5,price_value,quintile_1,647,22,32.883235137885514,0.4092264615902985,0.41216415147882185,0.2704791344667697
Western_nonUS,train,False,5,price_value,quintile_2,641,21,0.893834123785857,0.6442385482273509,0.5692958001732722,0.22152886115444617
Western_nonUS,train,False,5,price_value,quintile_3,640,21,0.8717153311792724,0.7154082086835072,0.6190564131302103,0.18125
Western_nonUS,train,False,5,price_value,quintile_4,641,21,0.7130397747475641,0.49709508619464793,0.47278243885620513,0.2589703588143526
Western_nonUS,train,False,5,price_value,quintile_5,631,21,0.5921643264789216,0.3547610455644292,0.3735582679155949,0.329635499207607
all_nonUS,later,False,3,MOS,fail,20166,31,0.4656432886651477,0.2594975123692129,0.4966307471257985,0.2999107408509372
all_nonUS,later,False,3,MOS,pass,2241,31,0.5636928634406666,0.39163741909142114,0.5414011117475642,0.22356091030789826
all_nonUS,later,False,3,MOS,unknown,6257,31,0.6789832848563934,0.23970499766008624,0.4937039339035037,0.3498481700495445
all_nonUS,later,False,3,buy,fail,28127,31,0.5200191347087962,0.2638687050344115,0.49877915718841415,0.3064315426458563
all_nonUS,later,False,3,buy,pass,537,31,0.512511131441426,0.3765547874404851,0.5556109731184896,0.22160148975791433
all_nonUS,later,False,3,economics,fail,15053,31,0.5733908312368894,0.24937307670330244,0.4897625380625077,0.32166345578954364
all_nonUS,later,False,3,economics,pass,13611,31,0.46069682587094707,0.2872025498488715,0.5116714384623003,0.2862390713393579
all_nonUS,later,False,3,expected_hurdle,fail,16471,31,0.436773854175916,0.2385163345343433,0.4860947943658688,0.30890656305020947
all_nonUS,later,False,3,expected_hurdle,pass,5334,31,0.5759932150705436,0.3742418403938712,0.5359800104572698,0.24221972253468316
all_nonUS,later,False,3,expected_hurdle,unknown,6859,31,0.6758050325441849,0.2503671668549685,0.49804430952011464,0.34378189240414053
all_nonUS,later,False,3,expected_return,quintile_1,4372,31,0.4904866283312891,0.19825576165824121,0.46117659379419457,0.3536139066788655
all_nonUS,later,False,3,expected_return,quintile_2,4361,31,0.41939681157962166,0.22575775369505302,0.47853279874214705,0.316441183214859
all_nonUS,later,False,3,expected_return,quintile_3,4361,31,0.4101099189760392,0.25576573500471445,0.4851726600727035,0.27998165558358173
all_nonUS,later,False,3,expected_return,quintile_4,4361,31,0.49319845735219014,0.3288867592600979,0.5420957475077092,0.2520064205457464
all_nonUS,later,False,3,expected_return,quintile_5,4350,31,0.5410862293763812,0.3379293504897488,0.5402031257340045,0.26068965517241377
all_nonUS,later,False,3,price_value,quintile_1,4497,31,0.541982265122563,0.33029283667294673,0.5370757194980896,0.2626195241271959
all_nonUS,later,False,3,price_value,quintile_2,4480,31,0.49577741853233687,0.3211440516101366,0.5302917882295907,0.26205357142857144
all_nonUS,later,False,3,price_value,quintile_3,4479,31,0.43162854108936616,0.2640117536652331,0.49410748931610804,0.27595445411922304
all_nonUS,later,False,3,price_value,quintile_4,4480,31,0.4364972504849428,0.24537760786309448,0.49300987753412384,0.2982142857142857
all_nonUS,later,False,3,price_value,quintile_5,4471,31,0.4710913145155566,0.1906615187183891,0.45757759194638903,0.3627823753075375
all_nonUS,later,False,5,MOS,fail,14133,23,0.8367826821010933,0.4391370301337856,0.4853785461392532,0.25670416755112146
all_nonUS,later,False,5,MOS,pass,1381,23,0.9660336996735553,0.6086963386080995,0.5396735980608053,0.1788559015206372
all_nonUS,later,False,5,MOS,unknown,4298,23,1.2753147162934968,0.5368041092756903,0.5312125558342435,0.2624476500697999
all_nonUS,later,False,5,buy,fail,19461,23,0.9409630068879519,0.46844533457575666,0.49891691650059083,0.253584091259442
all_nonUS,later,False,5,buy,pass,351,23,0.9389280882249299,0.629671097786322,0.5185956860387119,0.19373219373219372
all_nonUS,later,False,5,economics,fail,10465,23,1.0733257759285157,0.4755735655075284,0.5005679292315515,0.24529383659818443
all_nonUS,later,False,5,economics,pass,9347,23,0.7926918359817551,0.46581763432025336,0.4985283725323236,0.26061838022895045
all_nonUS,later,False,5,expected_hurdle,fail,11712,23,0.7940758752588214,0.4202976075650918,0.475318378318882,0.2575136612021858
all_nonUS,later,False,5,expected_hurdle,pass,3418,23,1.0309969422920446,0.5932948561432704,0.5326388471944017,0.2205968402574605
all_nonUS,later,False,5,expected_hurdle,unknown,4682,23,1.2425204263622076,0.5281151628966957,0.5290154433120271,0.2633489961554891
all_nonUS,later,False,5,expected_return,quintile_1,3035,23,0.8288915582960217,0.37519076193042533,0.45530072539112315,0.2952224052718287
all_nonUS,later,False,5,expected_return,quintile_2,3027,23,0.7952730509047525,0.40971155146096194,0.46319808499174164,0.25966303270564917
all_nonUS,later,False,5,expected_return,quintile_3,3023,23,0.7251815863661493,0.42376441957068667,0.4663454384830253,0.24313595765795568
all_nonUS,later,False,5,expected_return,quintile_4,3027,23,0.8986585679239354,0.5301332199506044,0.5238909557841419,0.2206805417905517
all_nonUS,later,False,5,expected_return,quintile_5,3018,23,0.9902993288859482,0.5713358903396436,0.5458216823542443,0.22697150430748841
all_nonUS,later,False,5,price_value,quintile_1,3116,23,0.9341654811533575,0.5421879374841546,0.5294789325534695,0.23234916559691912
all_nonUS,later,False,5,price_value,quintile_2,3102,23,0.9731327223398922,0.5110973031978618,0.5191607579801105,0.22437137330754353
all_nonUS,later,False,5,price_value,quintile_3,3098,23,0.7817721933515185,0.4534759194188823,0.48345714159865927,0.23854099418979988
all_nonUS,later,False,5,price_value,quintile_4,3102,23,0.7599557388778202,0.4118678330998401,0.4683238149357794,0.2488716956802063
all_nonUS,later,False,5,price_value,quintile_5,3096,23,0.791832004008308,0.3645066318152156,0.4544816479944285,0.3049095607235142
all_nonUS,train,False,3,MOS,fail,6380,30,0.4802373017262639,0.35169831377187066,0.4892762740893828,0.2702194357366771
all_nonUS,train,False,3,MOS,pass,749,29,4.229226798629741,0.4722520191511974,0.42159582475111307,0.24566088117489987
all_nonUS,train,False,3,MOS,unknown,2270,29,0.8570566895011312,0.30740416922278213,0.5190624124241743,0.3312775330396476
all_nonUS,train,False,3,buy,fail,9297,30,0.8719173430664603,0.34801304710833225,0.483811767236033,0.2847154996235345
all_nonUS,train,False,3,buy,pass,102,23,0.6951765084894681,0.5302039539969323,0.4789431582909844,0.12745098039215685
all_nonUS,train,False,3,economics,fail,4846,30,1.0797597964517467,0.3357748958489669,0.44023268399394055,0.30581923235658276
all_nonUS,train,False,3,economics,pass,4553,29,0.6467400765977691,0.3702408734097571,0.5275745406334573,0.2587305073577861
all_nonUS,train,False,3,expected_hurdle,fail,4842,30,0.47197860914723444,0.33414309876196435,0.48984708234384505,0.28211482858323006
all_nonUS,train,False,3,expected_hurdle,pass,2016,29,0.7312996324908626,0.41786113029598126,0.4635701847314408,0.23015873015873015
all_nonUS,train,False,3,expected_hurdle,unknown,2541,29,1.7384899873129946,0.33175882041473015,0.5280544381487676,0.3266430539157812
all_nonUS,train,False,3,expected_return,quintile_1,1383,30,0.502983468921333,0.331183338517989,0.43833529741575217,0.3051337671728127
all_nonUS,train,False,3,expected_return,quintile_2,1371,29,0.5121423979725414,0.35332399896394073,0.5201975383054805,0.24653537563822028
all_nonUS,train,False,3,expected_return,quintile_3,1372,29,0.4919973426083468,0.4035298709890157,0.5468366130799223,0.25583090379008744
all_nonUS,train,False,3,expected_return,quintile_4,1371,29,0.48471163659692545,0.37908495690047217,0.5308988751132172,0.2261123267687819
all_nonUS,train,False,3,expected_return,quintile_5,1361,29,0.7511293986927948,0.3168926839698545,0.44850009029971155,0.3005143277002204
all_nonUS,train,False,3,price_value,quintile_1,1438,30,2.370799268156311,0.35735649431257666,0.459139684778472,0.28929068150208626
all_nonUS,train,False,3,price_value,quintile_2,1428,29,0.5104779023640014,0.39354182227885937,0.5363553214695385,0.22198879551820727
all_nonUS,train,False,3,price_value,quintile_3,1423,29,0.5018677229637885,0.4081882789085276,0.5722328034521412,0.24877020379479972
all_nonUS,train,False,3,price_value,quintile_4,1428,29,0.48183254507244627,0.33448868571660406,0.48240368429996006,0.265406162464986
all_nonUS,train,False,3,price_value,quintile_5,1412,29,0.4895314595338145,0.31620257766565396,0.44147420359075695,0.3130311614730878
all_nonUS,train,False,5,MOS,fail,3553,22,0.7693668223774041,0.5265978588636815,0.47844403007981706,0.26090627638615255
all_nonUS,train,False,5,MOS,pass,415,21,51.26305795090087,0.6499946567054524,0.40819431770333947,0.16626506024096385
all_nonUS,train,False,5,MOS,unknown,1459,21,2.7761088567527326,0.5409348930517384,0.532734566066071,0.3002056202878684
all_nonUS,train,False,5,buy,fail,5368,22,5.214550290891787,0.5355261836615388,0.4782642484955014,0.2656482861400894
all_nonUS,train,False,5,buy,pass,59,15,1.1248513563712437,0.7328638695464642,0.5136363636363637,0.13559322033898305
all_nonUS,train,False,5,economics,fail,2804,22,8.118765801649328,0.46717784904315585,0.42872019840282927,0.2942225392296719
all_nonUS,train,False,5,economics,pass,2623,21,2.017938575565498,0.6012886987103501,0.5319671018137283,0.2321768966831872
all_nonUS,train,False,5,expected_hurdle,fail,2804,22,0.741951637558079,0.4890029423564205,0.47661789614460226,0.26783166904422256
all_nonUS,train,False,5,expected_hurdle,pass,1009,21,2.7428095079313195,0.6457790987321346,0.43474305525861145,0.2051536174430129
all_nonUS,train,False,5,expected_hurdle,unknown,1614,21,14.38051115633052,0.559476467923576,0.5400957478609792,0.2949194547707559
all_nonUS,train,False,5,expected_return,quintile_1,772,22,0.8097989660177525,0.4244727706950815,0.4195319657141878,0.29015544041450775
all_nonUS,train,False,5,expected_return,quintile_2,762,21,0.7589621823907727,0.49279709234360936,0.4966336825668627,0.2545931758530184
all_nonUS,train,False,5,expected_return,quintile_3,762,21,0.7746823073013983,0.6144967044690447,0.554265174593536,0.22703412073490814
all_nonUS,train,False,5,expected_return,quintile_4,762,21,0.8976542640815992,0.7061639481484838,0.5782221915957829,0.2047244094488189
all_nonUS,train,False,5,expected_return,quintile_5,755,21,3.139222163012235,0.40053983757901057,0.41797972466755945,0.27947019867549666
all_nonUS,train,False,5,price_value,quintile_1,802,22,26.758143790895495,0.45420892456322626,0.42811077625233923,0.25561097256857856
all_nonUS,train,False,5,price_value,quintile_2,795,21,0.9268339933692119,0.7328186113674882,0.6063618662948648,0.1949685534591195
all_nonUS,train,False,5,price_value,quintile_3,792,21,0.7798768549360011,0.6091365180887275,0.5582936011353044,0.22601010101010102
all_nonUS,train,False,5,price_value,quintile_4,795,21,0.6874970688407961,0.4581115568514931,0.4576287436919707,0.28050314465408804
all_nonUS,train,False,5,price_value,quintile_5,784,21,0.8247989613090858,0.4051196793933255,0.4228127870972974,0.29846938775510207
