scope,period,horizon,metric,quarters,mean_spearman
US,train,3,price_value,29,-0.007716569673948736
US,train,3,expected_return,29,0.00794263547506638
US,train,5,price_value,21,0.03611656009971589
US,train,5,expected_return,21,-0.02631140749453802
US,later,3,price_value,31,0.001112557927871751
US,later,3,expected_return,31,-0.008856997799842392
US,later,5,price_value,23,-0.016616128016354436
US,later,5,expected_return,23,0.004615909780990619
Western_nonUS,train,3,price_value,29,-0.04526229325328151
Western_nonUS,train,3,expected_return,29,0.008315749423494957
Western_nonUS,train,5,price_value,21,-0.0771878670721443
Western_nonUS,train,5,expected_return,21,0.03188150720030669
Western_nonUS,later,3,price_value,31,-0.030027512163257046
Western_nonUS,later,3,expected_return,31,0.03897207685717635
Western_nonUS,later,5,price_value,23,-0.03365299834949314
Western_nonUS,later,5,expected_return,23,0.039685643011295846
all_nonUS,train,3,price_value,29,-0.0320388037027634
all_nonUS,train,3,expected_return,29,-0.01340534808855128
all_nonUS,train,5,price_value,21,-0.07084211135156229
all_nonUS,train,5,expected_return,21,0.02036814648270075
all_nonUS,later,3,price_value,31,-0.05966530237850248
all_nonUS,later,3,expected_return,31,0.06948260742702161
all_nonUS,later,5,price_value,23,-0.05218474661644041
all_nonUS,later,5,expected_return,23,0.06484851873345752
