id,period,rows,quality_pass,valued,price_pass,buy,buy_quarters,minimum_price_value,median_price_value
AAPL.US,later,42,42,42,5,5,2016Q1 2016Q2 2016Q3 2016Q4 2018Q4,0.66705,1.7133850000000002
AAPL.US,train,40,4,40,0,0,,0.861709,3.2870429999999997
ASML.AS,later,42,28,42,0,0,,1.664517,3.0208209999999998
ASML.AS,train,38,0,26,0,0,,0.710697,1.2774459999999999
BRK-B.US,later,42,6,42,0,0,,0.742684,1.328871
BRK-B.US,train,39,0,39,0,0,,1.011454,1.385808
COST.US,later,42,21,42,0,0,,2.678827,3.8193159999999997
COST.US,train,36,4,36,0,0,,1.442513,2.919578
GOOGL.US,later,42,0,39,0,0,,2.07183,2.914943
GOOGL.US,train,18,0,18,0,0,,1.214321,2.272401
KO.US,later,42,14,42,0,0,,1.568178,2.3195675
KO.US,train,39,11,39,0,0,,1.004942,1.539099
MA.US,later,42,26,42,0,0,,1.503514,2.4529875
MA.US,train,23,0,23,0,0,,1.37919,2.042115
MC.PA,later,42,37,42,0,0,,1.10502,2.1993775
MC.PA,train,18,18,18,0,0,,1.230264,1.612627
META.US,later,38,0,31,0,0,,1.457085,3.420889
MSFT.US,later,42,28,42,0,0,,1.179644,2.724927
MSFT.US,train,37,0,37,10,0,,0.588764,0.832859
NVDA.US,later,42,4,42,0,0,,1.820865,7.4037625
NVDA.US,train,27,0,19,0,0,,0.849822,1.140492
RMS.PA,later,42,29,42,0,0,,1.817218,2.927153
RMS.PA,train,18,18,18,0,0,,1.863212,2.8986725
V.US,later,42,33,42,0,0,,1.578619,2.0802155
V.US,train,12,0,12,0,0,,2.261655,2.357154
