id,quarter,period,horizon,return,quality,price_value,expected,kind
000001.SHE,2020Q1,later,3,-0.0028087503733631447,PPPPP,0.32967,0.181334,bank
000001.SHE,2020Q2,later,3,-0.10014682939235164,PPPPP,0.329412,0.181428,bank
000001.SHE,2020Q4,later,3,-0.4692640859539077,PPPPP,0.497722,0.140366,bank
000001.SHE,2020Q4,later,5,-0.25683139972316205,PPPPP,0.497722,0.140366,bank
000001.SHE,2021Q1,later,3,-0.49221061328926674,PPPPP,0.566435,0.130617,bank
000001.SHE,2021Q1,later,5,-0.38369388641407676,PPPPP,0.566435,0.130617,bank
000338.SHE,2020Q4,later,3,-0.07765819513117811,PPPPP,0.44664,0.227975,operating
000338.SHE,2021Q1,later,3,-0.05509079571642894,PPPPP,0.544228,0.17909,operating
000338.SHE,2021Q4,later,3,-0.14224821983213076,PPPPP,0.586644,0.190115,operating
2317.TW,2016Q1,later,3,-0.13075308636735516,PPPPP,0.440587,0.248916,operating
2317.TW,2016Q2,later,3,-0.08130909646710827,PPPPP,0.42848,0.260043,operating
2317.TW,2016Q3,later,3,-0.1722166271493365,PPPPP,0.452325,0.239597,operating
2317.TW,2016Q4,later,3,-0.03530715968627274,PPPPP,0.480912,0.219364,operating
2317.TW,2017Q1,later,3,-0.36117507980902697,PPPPP,0.51975,0.197557,operating
3008.TW,2018Q4,later,3,-0.1354849081628552,PPPPP,0.84832,0.114051,operating
3008.TW,2020Q3,later,3,-0.2711961233724166,PPPPP,0.792185,0.121606,operating
3008.TW,2020Q3,later,5,-0.14398045730744202,PPPPP,0.792185,0.121606,operating
3008.TW,2020Q4,later,3,-0.0363811566800043,PPPPP,0.753185,0.127266,operating
3008.TW,2020Q4,later,5,-0.10608350677364231,PPPPP,0.753185,0.127266,operating
3008.TW,2021Q1,later,3,-0.11978725939257318,PPPPP,0.756722,0.126724,operating
3008.TW,2021Q1,later,5,-0.16760345924267117,PPPPP,0.756722,0.126724,operating
600000.SHG,2017Q2,later,3,-0.1222883823768296,PPPPP,0.309279,0.189333,bank
600000.SHG,2017Q2,later,5,-0.26394853661169115,PPPPP,0.309279,0.189333,bank
600000.SHG,2017Q4,later,3,-0.16388017011155664,PPPPP,0.307812,0.18995,bank
600000.SHG,2017Q4,later,5,-0.3027467459073955,PPPPP,0.307812,0.18995,bank
600000.SHG,2018Q1,later,5,-0.25197107786592776,PPPPP,0.28483,0.200435,bank
600000.SHG,2018Q2,later,5,-0.05055628952862945,PPPPP,0.221332,0.240724,bank
600000.SHG,2018Q4,later,5,-0.14016270554542198,PPPPP,0.226889,0.236298,bank
600000.SHG,2019Q1,later,3,-0.20133021119329264,PPPPP,0.261154,0.213167,bank
600000.SHG,2019Q1,later,5,-0.21477619865232866,PPPPP,0.261154,0.213167,bank
600000.SHG,2019Q2,later,3,-0.24232116810424198,PPPPP,0.270608,0.207815,bank
600000.SHG,2019Q2,later,5,-0.1412257141285831,PPPPP,0.270608,0.207815,bank
600000.SHG,2019Q4,later,3,-0.3174169264118367,PPPPP,0.286594,0.19957,bank
600015.SHG,2017Q2,later,3,-0.27454724895019955,PPPPP,0.307441,0.190106,bank
600015.SHG,2017Q2,later,5,-0.3073609127811683,PPPPP,0.307441,0.190106,bank
600015.SHG,2017Q4,later,3,-0.2542575811735871,PPPPP,0.300105,0.193287,bank
600015.SHG,2017Q4,later,5,-0.3054753423474813,PPPPP,0.300105,0.193287,bank
600015.SHG,2018Q1,later,3,-0.21079565058096583,PPPPP,0.297104,0.194633,bank
600015.SHG,2018Q1,later,5,-0.260569483994493,PPPPP,0.297104,0.194633,bank
600015.SHG,2018Q2,later,3,-0.09558200378041748,PPPPP,0.247549,0.221584,bank
600015.SHG,2018Q2,later,5,-0.05045370480419353,PPPPP,0.247549,0.221584,bank
600015.SHG,2018Q4,later,3,-0.14203388186368404,PPPPP,0.245555,0.222896,bank
600015.SHG,2018Q4,later,5,-0.016294137560180055,PPPPP,0.245555,0.222896,bank
600015.SHG,2019Q1,later,3,-0.2630847708032319,PPPPP,0.274131,0.205916,bank
600015.SHG,2019Q1,later,5,-0.018784003989589793,PPPPP,0.274131,0.205916,bank
600015.SHG,2019Q2,later,3,-0.19899683356464404,PPPPP,0.203522,0.256539,bank
600015.SHG,2019Q4,later,3,-0.21315562673258603,PPPPP,0.202729,0.257307,bank
600016.SHG,2018Q2,later,3,-0.07308400312798236,PPPPP,0.266282,0.210217,bank
600016.SHG,2018Q2,later,5,-0.11851743440823614,PPPPP,0.266282,0.210217,bank
600016.SHG,2018Q4,later,3,-0.18754844959300676,PPPPP,0.261565,0.212926,bank
600016.SHG,2018Q4,later,5,-0.1286651045363565,PPPPP,0.261565,0.212926,bank
600016.SHG,2019Q1,later,3,-0.3039954626088318,PPPPP,0.28941,0.198212,bank
600016.SHG,2019Q1,later,5,-0.17475211892175924,PPPPP,0.28941,0.198212,bank
600016.SHG,2023Q2,later,3,-0.0305640607295804,PPPPP,0.217174,0.460461,bank
600036.SHG,2020Q4,later,3,-0.27227283362406396,PPPPP,0.656402,0.120938,bank
600036.SHG,2021Q4,later,3,-0.0509672292312765,PPPPP,0.686287,0.118285,bank
600741.SHG,2022Q2,later,3,-0.106802267758068,PPPPP,0.718633,0.147462,operating
600741.SHG,2023Q2,later,3,-0.04455134974225938,PPPPP,0.494506,0.249171,operating
601166.SHG,2019Q4,later,3,-0.0022375699677587013,PPPPP,0.268551,0.208947,bank
601166.SHG,2020Q4,later,3,-0.027871052520365924,PPPPP,0.288525,0.198636,bank
601166.SHG,2021Q1,later,3,-0.2274362808031235,PPPPP,0.333041,0.180105,bank
601169.SHG,2017Q2,later,3,-0.2739984287216649,PPPPP,0.391625,0.162139,bank
601169.SHG,2017Q2,later,5,-0.2396868273780417,PPPPP,0.391625,0.162139,bank
601169.SHG,2017Q4,later,3,-0.2142378812344361,PPPPP,0.366428,0.169162,bank
601169.SHG,2017Q4,later,5,-0.19917849800651022,PPPPP,0.366428,0.169162,bank
601169.SHG,2018Q1,later,3,-0.18556823507778275,PPPPP,0.352591,0.173446,bank
601169.SHG,2018Q1,later,5,-0.14556527987176082,PPPPP,0.352591,0.173446,bank
601229.SHG,2016Q4,later,5,-0.1418941975537349,PPPPP,0.503051,0.139515,bank
601229.SHG,2017Q1,later,3,-0.10626480245296144,PPPPP,0.518178,0.137194,bank
601229.SHG,2017Q1,later,5,-0.20924643528049858,PPPPP,0.518178,0.137194,bank
601229.SHG,2017Q2,later,3,-0.15637603423952273,PPPPP,0.491571,0.141372,bank
601229.SHG,2017Q2,later,5,-0.2690233886058515,PPPPP,0.491571,0.141372,bank
601229.SHG,2017Q4,later,5,-0.062277977304533993,PPPPP,0.354801,0.172739,bank
601229.SHG,2018Q1,later,5,-0.06962744827473022,PPPPP,0.370314,0.168016,bank
601229.SHG,2018Q2,later,5,-0.08269915590628485,PPPPP,0.319049,0.185372,bank
601229.SHG,2018Q4,later,3,-0.040427820165750306,PPPPP,0.317146,0.186125,bank
601229.SHG,2018Q4,later,5,-0.08402453997555537,PPPPP,0.317146,0.186125,bank
601229.SHG,2019Q1,later,3,-0.19287706060532206,PPPPP,0.339537,0.177808,bank
601229.SHG,2019Q1,later,5,-0.06875851501984642,PPPPP,0.339537,0.177808,bank
601229.SHG,2019Q2,later,3,-0.2018526638791306,PPPPP,0.31921,0.185309,bank
601229.SHG,2019Q4,later,3,-0.27556968997729725,PPPPP,0.332329,0.180363,bank
601229.SHG,2020Q1,later,3,-0.1468189056905489,PPPPP,0.300371,0.193168,bank
601229.SHG,2020Q2,later,3,-0.14008559692512146,PPPPP,0.302559,0.192206,bank
601229.SHG,2020Q4,later,3,-0.08009159659142218,PPPPP,0.28579,0.199963,bank
601229.SHG,2021Q1,later,3,-0.07720567012674451,PPPPP,0.32042,0.184836,bank
601288.SHG,2019Q2,later,3,-0.0691732338369484,PPPPP,0.245305,0.223063,bank
601288.SHG,2019Q4,later,3,-0.06390658775315394,PPPPP,0.251437,0.219085,bank
601318.SHG,2020Q1,later,3,-0.25982168899017544,PPPPP,0.579,0.129085,insurer
601318.SHG,2020Q1,later,5,-0.0706568144002877,PPPPP,0.579,0.129085,insurer
601318.SHG,2020Q2,later,3,-0.28053439041958417,PPPPP,0.597667,0.126927,insurer
601318.SHG,2020Q2,later,5,-0.047788399817721205,PPPPP,0.597667,0.126927,insurer
601318.SHG,2020Q4,later,3,-0.4552115375484934,PPPPP,0.728082,0.114939,insurer
601318.SHG,2021Q1,later,3,-0.4066622819194389,PPPPP,0.658773,0.120719,insurer
601318.SHG,2021Q1,later,5,-0.08995085777501921,PPPPP,0.658773,0.120719,insurer
601318.SHG,2021Q2,later,3,-0.27819740641224733,PPPPP,0.455353,0.147844,insurer
601318.SHG,2021Q2,later,5,-0.050749646118059655,PPPPP,0.455353,0.147844,insurer
601328.SHG,2018Q4,later,3,-0.02860369437087551,PPPPP,0.278207,0.203778,bank
601328.SHG,2019Q1,later,3,-0.03398803456270538,PPPPP,0.299829,0.193409,bank
601328.SHG,2019Q2,later,3,-0.034111056644376414,PPPPP,0.308723,0.189566,bank
601398.SHG,2017Q4,later,3,-0.07306760141193636,PPPPP,0.34501,0.175939,bank
601398.SHG,2017Q4,later,5,-0.0949279955751684,PPPPP,0.34501,0.175939,bank
601398.SHG,2018Q1,later,5,-0.03557065419928773,PPPPP,0.338889,0.178033,bank
601398.SHG,2019Q1,later,3,-0.02028849638179353,PPPPP,0.28676,0.19949,bank
601398.SHG,2019Q2,later,3,-0.0666261685487004,PPPPP,0.284565,0.200565,bank
601398.SHG,2019Q4,later,3,-0.14086020206274064,PPPPP,0.284082,0.200804,bank
601668.SHG,2017Q2,later,3,-0.23368399828290876,PPPPP,0.428053,,operating
601668.SHG,2017Q2,later,5,-0.06375008294631879,PPPPP,0.428053,,operating
601668.SHG,2017Q4,later,3,-0.16947670334429643,PPPPP,0.399825,,operating
601668.SHG,2017Q4,later,5,-0.0060011548548266624,PPPPP,0.399825,,operating
601668.SHG,2018Q1,later,3,-0.0754960961326484,PPPPP,0.383868,,operating
601939.SHG,2017Q4,later,3,-0.08042747390773752,PPPPP,0.635278,0.157411,bank
601939.SHG,2017Q4,later,5,-0.07535297574175315,PPPPP,0.635278,0.157411,bank
601939.SHG,2019Q2,later,3,-0.06464116299795886,PPPPP,0.293565,0.196256,bank
601939.SHG,2019Q4,later,3,-0.0958075899837123,PPPPP,0.285279,0.200214,bank
601988.SHG,2017Q4,later,3,-0.07208858848554889,PPPPP,0.30651,0.190502,bank
601988.SHG,2019Q2,later,3,-0.028232660076581317,PPPPP,0.252667,0.218311,bank
ABT.US,2008Q1,train,3,-0.02259054109294023,PPPPP,0.737155,0.125851,operating
ABT.US,2008Q3,train,3,-0.02911292485364514,PPPPP,0.77012,0.121586,operating
AMGN.US,2020Q2,later,3,-0.04475230691698573,PPPPP,0.733562,0.125351,operating
ANZ.AU,2019Q2,later,3,-0.10322021126160907,PPPPP,0.597436,0.126953,bank
ANZ.AU,2019Q3,later,3,-0.0713680025890352,PPPPP,0.604002,0.126225,bank
BARC.LSE,2009Q2,train,3,-0.43858142585282656,PPPPP,0.309922,0.189065,bank
BARC.LSE,2009Q2,train,5,-0.20540499688317937,PPPPP,0.309922,0.189065,bank
BARC.LSE,2009Q3,train,3,-0.4079648491548903,PPPPP,0.405199,0.158717,bank
BARC.LSE,2009Q3,train,5,-0.3211620519500482,PPPPP,0.405199,0.158717,bank
BARC.LSE,2009Q4,train,3,-0.06403846053757789,PPPPP,0.302257,0.192338,bank
BARC.LSE,2009Q4,train,5,-0.05928222957279261,PPPPP,0.302257,0.192338,bank
BARC.LSE,2010Q1,train,3,-0.1961001851112476,PPPPP,0.394576,0.161375,bank
BARC.LSE,2010Q1,train,5,-0.2744715760072606,PPPPP,0.394576,0.161375,bank
BARC.LSE,2010Q3,train,3,-0.040397820169520204,PPPPP,0.258297,0.214861,bank
BARC.LSE,2010Q3,train,5,-0.11708989531455993,PPPPP,0.258297,0.214861,bank
BARC.LSE,2010Q4,train,5,-0.13003233499200129,PPPPP,0.225579,0.237322,bank
BARC.LSE,2011Q1,train,3,-0.12635410116567036,PPPPP,0.239287,0.227164,bank
BARC.LSE,2012Q4,train,3,-0.1394929023963305,PPPPP,0.280901,0.355997,bank
BBY.US,2008Q2,train,3,-0.1714723684329672,PPPPP,0.673456,0.133073,operating
BBY.US,2008Q2,train,5,-0.22978930560927513,PPPPP,0.673456,0.133073,operating
BBY.US,2008Q3,train,3,-0.3256189167184246,PPPPP,0.644335,0.137601,operating
BBY.US,2008Q4,train,3,-0.15055748702471639,PPPPP,0.550829,0.155773,operating
BEN.US,2012Q4,train,3,-0.11475946701828499,PPPPP,0.650721,0.14481,operating
BIIB.US,2019Q1,later,3,-0.0941545824441562,PPPPP,0.685988,0.132335,operating
BIIB.US,2019Q1,later,5,-0.07251924905153528,PPPPP,0.685988,0.132335,operating
BIIB.US,2019Q2,later,3,-0.13397597484311774,PPPPP,0.678774,0.133433,operating
BIIB.US,2019Q2,later,5,-0.015584517743161053,PPPPP,0.678774,0.133433,operating
BIIB.US,2019Q3,later,5,-0.14683099057413818,PPPPP,0.675778,0.133894,operating
BIIB.US,2020Q2,later,5,-0.5256637778105374,PPPPP,0.648652,0.138928,operating
BIIB.US,2020Q3,later,3,-0.10001049419089891,PPPPP,0.68777,0.132546,operating
BIIB.US,2020Q3,later,5,-0.509472289672156,PPPPP,0.68777,0.132546,operating
BIIB.US,2020Q4,later,5,-0.27561223418884506,PPPPP,0.593617,0.14941,operating
BIIB.US,2021Q1,later,3,-0.22632840051029435,PPPPP,0.579459,0.150057,operating
BIIB.US,2021Q1,later,5,-0.3422194845834817,PPPPP,0.579459,0.150057,operating
BKG.LSE,2017Q3,later,5,-0.122811872077773,PPPPP,0.642068,0.140853,operating
BKG.LSE,2017Q4,later,5,-0.10532761024622839,PPPPP,0.724983,0.1276,operating
BKG.LSE,2019Q2,later,3,-0.004752725617562903,PPPPP,0.491516,0.181759,operating
BKG.LSE,2019Q3,later,3,-0.20812299825374225,PPPPP,0.368185,0.239331,operating
BKG.LSE,2019Q4,later,3,-0.23701660545934766,PPPPP,0.428096,0.20542,operating
BKG.LSE,2019Q4,later,5,-0.23840424790332626,PPPPP,0.428096,0.20542,operating
BKG.LSE,2020Q1,later,5,-0.001914914433274073,PPPPP,0.372474,0.243932,operating
BKG.LSE,2020Q2,later,3,-0.059688513957846134,PPPPP,0.429144,0.209714,operating
BKG.LSE,2020Q2,later,5,-0.10661467095823007,PPPPP,0.429144,0.209714,operating
BKG.LSE,2020Q3,later,3,-0.05025854606118574,PPPPP,0.751692,0.13431,operating
BKG.LSE,2020Q3,later,5,-0.14356209787674235,PPPPP,0.751692,0.13431,operating
BKG.LSE,2020Q4,later,3,-0.0011063264717788845,PPPPP,0.843076,0.118385,operating
BKG.LSE,2020Q4,later,5,-0.19688452679783075,PPPPP,0.843076,0.118385,operating
BKG.LSE,2021Q1,later,5,-0.26694344687405525,PPPPP,0.831161,0.12061,operating
BKG.LSE,2021Q3,later,5,-0.24678438736441366,PPPPP,0.715201,0.139436,operating
BKG.LSE,2021Q4,later,3,-0.23182931949309082,PPPPP,0.782917,0.126527,operating
BKG.LSE,2022Q1,later,3,-0.07148931831547645,PPPPP,0.61378,0.16665,operating
BKG.LSE,2022Q2,later,3,-0.0039932722475043425,PPPPP,0.611154,0.167536,operating
BNS.TO,2022Q1,later,3,-0.08083266449029403,PPPPP,0.702434,0.116945,bank
BOSS.XETRA,2018Q2,later,3,-0.37723651694187643,PPPPP,0.842463,0.112619,operating
BOSS.XETRA,2018Q3,later,3,-0.19970459574178046,PPPPP,0.765582,0.120637,operating
BOSS.XETRA,2018Q3,later,5,-0.05154875038340179,PPPPP,0.765582,0.120637,operating
BOSS.XETRA,2019Q1,later,3,-0.10302712635836431,PPPPP,0.818556,0.115016,operating
BOSS.XETRA,2019Q1,later,5,-0.04130816534503545,PPPPP,0.818556,0.115016,operating
BOSS.XETRA,2019Q3,later,5,-0.09620032535541367,PPPPP,0.722201,0.126225,operating
BRBY.LSE,2020Q1,later,5,-0.3742266520910543,PPPPP,0.72389,0.129607,operating
BTRW.LSE,2022Q4,later,3,-0.07896980745615101,PPPPP,0.391375,0.242614,operating
BTRW.LSE,2023Q1,later,3,-0.43985245490090163,PPPPP,0.460122,0.202171,operating
BTRW.LSE,2023Q2,later,3,-0.3253916899657425,PPPPP,0.410373,0.227299,operating
CON.XETRA,2019Q3,later,3,-0.5190959509182898,PPPPP,0.723304,0.130022,operating
CON.XETRA,2019Q3,later,5,-0.3415272527234171,PPPPP,0.723304,0.130022,operating
CON.XETRA,2019Q4,later,3,-0.4074799482113648,PPPPP,0.743327,0.127154,operating
CON.XETRA,2019Q4,later,5,-0.2575468373528208,PPPPP,0.743327,0.127154,operating
DNLM.LSE,2019Q3,later,3,-0.11981748957381144,PPPPP,0.841009,0.112496,operating
EBP.WAR,2019Q3,later,3,-0.3581824687789321,PPPPP,0.71132,0.122518,bank
EBP.WAR,2019Q4,later,3,-0.14180383002213692,PPPPP,0.697257,0.123779,bank
FR.PA,2018Q4,later,5,-0.36802637169586383,PPPPP,0.524201,0.19259,operating
FR.PA,2019Q1,later,3,-0.34575812547136087,PPPPP,0.531187,0.18947,operating
FR.PA,2019Q1,later,5,-0.530148033806324,PPPPP,0.531187,0.18947,operating
FR.PA,2019Q2,later,3,-0.3110935731038035,PPPPP,0.608983,0.160289,operating
FR.PA,2019Q2,later,5,-0.6077140550197013,PPPPP,0.608983,0.160289,operating
GD.US,2010Q1,train,3,-0.01673642773099482,PPPPP,0.581775,0.149258,operating
GILD.US,2017Q3,later,3,-0.1602178552436595,PPPPP,0.399078,0.235106,operating
GILD.US,2017Q3,later,5,-0.10344051493103579,PPPPP,0.399078,0.235106,operating
GILD.US,2017Q4,later,3,-0.12342355710308295,PPPPP,0.363244,0.265025,operating
GILD.US,2018Q1,later,3,-0.010607669835849043,PPPPP,0.793047,0.122974,operating
GL.US,2006Q1,train,3,-0.5273632297606632,PPPPP,0.697285,0.117365,insurer
GL.US,2006Q2,train,3,-0.37818580511882693,PPPPP,0.741491,0.113945,insurer
GL.US,2007Q3,train,3,-0.13098739652182578,PPPPP,0.726613,0.11505,insurer
GL.US,2021Q2,later,3,-0.1295358788031854,PPPPP,0.319329,0.185263,insurer
GRG.LSE,2010Q2,train,3,-0.07177924627859866,PPPPP,0.709997,0.128057,operating
GRG.LSE,2010Q3,train,3,-0.0941899323203218,PPPPP,0.839145,0.113256,operating
GRG.LSE,2010Q4,train,3,-0.09108283023293084,PPPPP,0.822172,0.114957,operating
GS.US,2009Q2,train,3,-0.32741049515877985,PPPPP,0.285785,0.199965,bank
GS.US,2009Q3,train,3,-0.34204388697309474,PPPPP,0.357328,0.171942,bank
GS.US,2009Q4,train,3,-0.23489636415349247,PPPPP,0.327265,0.182225,bank
JUP.LSE,2019Q2,later,3,-0.6564586857369551,PPPPP,0.822387,0.118472,operating
JUP.LSE,2019Q2,later,5,-0.8213267475254394,PPPPP,0.822387,0.118472,operating
JUP.LSE,2019Q3,later,3,-0.7326434543051945,PPPPP,0.691793,0.139819,operating
JUP.LSE,2019Q3,later,5,-0.74727382024002,PPPPP,0.691793,0.139819,operating
JUP.LSE,2019Q4,later,3,-0.6787426840828752,PPPPP,0.797294,0.121901,operating
JUP.LSE,2019Q4,later,5,-0.7899641098061694,PPPPP,0.797294,0.121901,operating
KLR.LSE,2009Q2,train,3,-0.3843654298620024,PPPPP,0.532641,0.161055,operating
LYB.US,2022Q3,later,3,-0.24348842801457893,PPPPP,0.356892,0.226627,operating
LYB.US,2022Q4,later,3,-0.36867288991733627,PPPPP,0.525184,0.163642,operating
MMM.US,2007Q2,train,3,-0.022483998993759413,PPPPP,0.752641,0.122215,operating
MMM.US,2007Q3,train,3,-0.0024666014271214065,PPPPP,0.811629,0.115711,operating
MS.US,2007Q1,train,3,-0.52174269862253,PPPPP,0.630636,0.123428,bank
MS.US,2007Q1,train,5,-0.6737660378336288,PPPPP,0.630636,0.123428,bank
MS.US,2007Q3,train,3,-0.5902701345784463,PPPPP,0.504445,0.139295,bank
MS.US,2007Q3,train,5,-0.7163617478993787,PPPPP,0.504445,0.139295,bank
MS.US,2007Q4,train,3,-0.43352251440977285,PPPPP,0.425255,0.154061,bank
MS.US,2007Q4,train,5,-0.5933915788855975,PPPPP,0.425255,0.154061,bank
NAB.AU,2005Q4,train,3,-0.24061559469896387,PPPPP,0.679173,0.118895,bank
NAB.AU,2005Q4,train,5,-0.025642352912040756,PPPPP,0.679173,0.118895,bank
NAB.AU,2006Q2,train,3,-0.24906491400983,PPPPP,0.737029,0.114272,bank
NAB.AU,2006Q2,train,5,-0.03064263201176798,PPPPP,0.737029,0.114272,bank
NXT.LSE,2017Q1,later,3,-0.021224659290406067,PPPPP,0.553735,0.152155,operating
NXT.LSE,2017Q3,later,5,-0.09115032053218963,PPPPP,0.637096,0.137315,operating
OPM.PA,2019Q2,later,3,-0.22895421546046224,PPPPP,0.546341,0.169068,operating
OPM.PA,2019Q2,later,5,-0.5514890488185398,PPPPP,0.546341,0.169068,operating
OPM.PA,2019Q3,later,3,-0.42163635575319114,PPPPP,0.600685,0.154082,operating
OPM.PA,2019Q3,later,5,-0.5837588892278038,PPPPP,0.600685,0.154082,operating
OPM.PA,2019Q4,later,3,-0.41390598339709783,PPPPP,0.594642,0.155532,operating
OPM.PA,2019Q4,later,5,-0.5304338896508181,PPPPP,0.594642,0.155532,operating
OXY.US,2012Q1,train,3,-0.14689586579257552,PPPPP,0.834384,0.114874,operating
PNDORA.CO,2023Q1,later,3,-0.232296836122576,PPPPP,0.636114,0.137601,operating
PPT.AU,2019Q3,later,3,-0.2727251960020778,PPPPP,0.837906,0.115741,operating
PPT.AU,2019Q3,later,5,-0.35256625318816726,PPPPP,0.837906,0.115741,operating
PPT.AU,2020Q2,later,3,-0.0008270136775829773,PPPPP,0.665603,0.142604,operating
PPT.AU,2020Q2,later,5,-0.21543400944944935,PPPPP,0.665603,0.142604,operating
PSN.LSE,2022Q2,later,3,-0.3074895740838174,PPPPP,0.527089,0.180936,operating
PSN.LSE,2022Q3,later,3,-0.09116840658803915,PPPPP,0.3742,0.27444,operating
PSN.LSE,2023Q1,later,3,-0.14798182742519517,PPPPP,0.379794,0.269187,operating
SCR.PA,2021Q3,later,3,-0.038288111574915074,PPPPP,0.643495,0.122161,insurer
TD.TO,2017Q1,later,3,-0.0016508961543438838,PPPPP,0.667702,0.119907,bank
TD.TO,2017Q3,later,3,-0.024575806685951385,PPPPP,0.704189,0.116803,bank
TD.TO,2021Q2,later,3,-0.017015624171101695,PPPPP,0.648328,0.121697,bank
TD.TO,2021Q4,later,3,-0.11796536388612588,PPPPP,0.723781,0.115265,bank
TD.TO,2022Q1,later,3,-0.00272575287962451,PPPPP,0.731048,0.114716,bank
USB.US,2018Q1,later,5,-0.13141547106028761,PPPPP,0.709829,0.116352,bank
USB.US,2018Q2,later,5,-0.20843330546550864,PPPPP,0.703082,0.116892,bank
USB.US,2018Q3,later,5,-0.2382072988880577,PPPPP,0.742298,0.113887,bank
USB.US,2019Q2,later,3,-0.033132792940739564,PPPPP,0.696126,0.117461,bank
USB.US,2019Q2,later,5,-0.07733945444076817,PPPPP,0.696126,0.117461,bank
USB.US,2019Q3,later,3,-0.16161134987387715,PPPPP,0.735183,0.114408,bank
USB.US,2021Q1,later,3,-0.08855981391866663,PPPPP,0.681643,0.118682,bank
USB.US,2021Q2,later,3,-0.21110040023022392,PPPPP,0.702101,0.116972,bank
USB.US,2021Q3,later,3,-0.13589154170202222,PPPPP,0.732541,0.114604,bank
USB.US,2021Q4,later,3,-0.03896763358039701,PPPPP,0.692241,0.117783,bank
WFC.US,2018Q1,later,3,-0.1550851712358221,PPPPP,0.603534,0.126276,bank
WFC.US,2018Q1,later,5,-0.15868896106764618,PPPPP,0.603534,0.126276,bank
WFC.US,2018Q2,later,3,-0.11174375587119045,PPPPP,0.638426,0.122654,bank
WFC.US,2018Q2,later,5,-0.12391560152054282,PPPPP,0.638426,0.122654,bank
WFC.US,2018Q3,later,3,-0.021764013451336606,PPPPP,0.605261,0.126087,bank
WFC.US,2018Q3,later,5,-0.09549006766446999,PPPPP,0.605261,0.126087,bank
WFC.US,2019Q2,later,3,-0.1070346488633892,PPPPP,0.550439,0.132669,bank
WFC.US,2019Q3,later,3,-0.11255909638467254,PPPPP,0.586732,0.128174,bank
WFC.US,2019Q4,later,3,-0.17102204905228557,PPPPP,0.625816,0.123917,bank
