scope,period,variant,id,quarter,return_3y,loser,below_median,top_decile
US,train,sbc_once,FICO.US,2007Q4,-0.2475083398401633,True,True,False
US,train,sbc_once,AJG.US,2008Q2,0.36718327001835593,False,False,False
US,train,sbc_once,FICO.US,2008Q2,0.4667435301557219,False,False,False
US,train,sbc_once,FICO.US,2008Q3,-0.02102434077690718,True,True,False
US,train,sbc_once,ADBE.US,2008Q4,0.22806254976547558,False,True,False
US,train,sbc_once,ADI.US,2008Q4,0.9873133993780814,False,False,False
US,train,sbc_once,ADI.US,2009Q1,1.3158202323188162,False,False,False
US,train,sbc_once,APH.US,2009Q1,1.042303944387088,False,False,False
US,train,sbc_once,TJX.US,2009Q1,2.2273425370961655,False,False,False
US,train,sbc_once,UNH.US,2009Q1,1.931121874764524,False,False,False
US,train,sbc_once,ADI.US,2009Q2,0.649796351060467,False,True,False
US,train,sbc_once,APH.US,2010Q1,0.7801798045087207,False,False,False
US,train,sbc_once,MMM.US,2010Q1,0.3695618909987355,False,True,False
US,train,sbc_once,SYK.US,2010Q1,0.18250110918486406,False,True,False
US,train,sbc_once,APH.US,2010Q2,0.9950750323242412,False,False,False
US,train,sbc_once,BDX.US,2010Q2,0.5701109137177702,False,True,False
US,train,sbc_once,GWW.US,2010Q2,1.6798728294449239,False,False,True
US,train,sbc_once,MMM.US,2010Q2,0.5028996455310384,False,True,False
US,train,sbc_once,APH.US,2010Q3,0.5997129895956506,False,True,False
US,train,sbc_once,MMM.US,2010Q3,0.47018089336102853,False,True,False
US,train,sbc_once,APH.US,2010Q4,0.6969671179056101,False,False,False
US,train,sbc_once,MMM.US,2010Q4,0.7409139872064292,False,False,False
US,train,sbc_once,OXY.US,2011Q1,-0.013363085388175322,True,True,False
US,train,sbc_once,SHW.US,2011Q2,1.5094076757042738,False,False,True
US,train,sbc_once,GPN.US,2011Q3,0.7851134499743624,False,True,False
US,train,sbc_once,ORCL.US,2011Q3,0.41513829722268425,False,True,False
US,train,sbc_once,OXY.US,2011Q3,0.520401695402479,False,True,False
US,train,sbc_once,SHW.US,2011Q3,2.074711133639395,False,False,True
US,train,sbc_once,TT.US,2011Q3,1.7874917141813529,False,False,False
US,train,sbc_once,HUBB.US,2011Q4,0.6683521484822346,False,True,False
US,train,sbc_once,HON.US,2012Q1,0.8226170288032362,False,False,False
US,train,sbc_once,HUBB.US,2012Q1,0.44775690177920313,False,True,False
US,train,sbc_once,ORCL.US,2012Q1,0.5116597302292885,False,True,False
US,train,sbc_once,HUBB.US,2012Q2,0.4259439588933194,False,True,False
US,train,sbc_once,INFY.US,2012Q2,0.48162611589408133,False,True,False
US,train,sbc_once,INFY.US,2012Q3,0.6387333022295079,False,False,False
US,train,sbc_once,GPN.US,2012Q4,1.8064936145694377,False,False,True
US,train,sbc_once,INFY.US,2012Q4,0.6634860301968397,False,False,False
US,train,sbc_once,ADI.US,2013Q1,,,,
US,train,sbc_once,HON.US,2013Q1,,,,
US,train,sbc_once,ADI.US,2013Q2,,,,
US,train,sbc_once,SYK.US,2013Q3,,,,
US,train,sbc_once,HON.US,2014Q1,,,,
US,train,sbc_once,HUM.US,2014Q1,,,,
US,train,sbc_once,HON.US,2014Q2,,,,
US,train,sbc_once,BDX.US,2014Q3,,,,
US,train,sbc_once,HON.US,2014Q3,,,,
US,train,sbc_once,AAPL.US,2014Q4,,,,
US,train,sbc_once,HON.US,2014Q4,,,,
US,train,sbc_once,HON.US,2015Q1,,,,
US,train,sbc_once,DECK.US,2015Q2,,,,
US,train,sbc_once,HON.US,2015Q2,,,,
US,train,sbc_once,AAPL.US,2015Q3,,,,
US,train,sbc_once,DECK.US,2015Q3,,,,
US,train,sbc_once,HON.US,2015Q3,,,,
US,train,sbc_once,HUBB.US,2015Q3,,,,
US,train,sbc_once,RTX.US,2015Q3,,,,
US,train,current_scale,BBY.US,2008Q1,-0.3086001468314651,True,True,False
US,train,current_scale,ORCL.US,2008Q3,0.4771354897830673,False,False,False
US,train,current_scale,SYY.US,2008Q3,-0.07894554985504498,True,True,False
US,train,current_scale,ADBE.US,2008Q4,0.22806254976547558,False,True,False
US,train,current_scale,FDS.US,2008Q4,0.9873993352710657,False,False,False
US,train,current_scale,ORCL.US,2008Q4,0.424996974391445,False,True,False
US,train,current_scale,WAT.US,2008Q4,0.9440798833057171,False,False,False
US,train,current_scale,ORCL.US,2009Q1,0.6087577285045724,False,True,False
US,train,current_scale,TJX.US,2009Q1,2.2273425370961655,False,False,False
US,train,current_scale,ORCL.US,2009Q2,0.3995911603525173,False,True,False
US,train,current_scale,ORCL.US,2009Q3,0.5824213171022501,False,False,False
US,train,current_scale,RTX.US,2009Q3,0.4020395052174095,False,True,False
US,train,current_scale,ORCL.US,2009Q4,0.38022382853961645,False,True,False
US,train,current_scale,SYK.US,2010Q1,0.18250110918486406,False,True,False
US,train,current_scale,BDX.US,2010Q2,0.5701109137177702,False,True,False
US,train,current_scale,GWW.US,2010Q2,1.6798728294449239,False,False,True
US,train,current_scale,ORCL.US,2010Q2,0.4611510116623836,False,True,False
US,train,current_scale,YUM.US,2011Q1,0.5553344446933486,False,False,False
US,train,current_scale,ORCL.US,2011Q2,0.2652155806610066,False,True,False
US,train,current_scale,GPN.US,2011Q3,0.7851134499743624,False,True,False
US,train,current_scale,ORCL.US,2011Q3,0.41513829722268425,False,True,False
US,train,current_scale,YUM.US,2011Q3,0.5750899875441176,False,True,False
US,train,current_scale,GPN.US,2011Q4,0.6841996161260886,False,True,False
US,train,current_scale,HUBB.US,2012Q1,0.44775690177920313,False,True,False
US,train,current_scale,ORCL.US,2012Q1,0.5116597302292885,False,True,False
US,train,current_scale,HUBB.US,2012Q2,0.4259439588933194,False,True,False
US,train,current_scale,HUBB.US,2012Q3,0.13740571850758054,False,True,False
US,train,current_scale,HUBB.US,2012Q4,0.23584684525517918,False,True,False
US,train,current_scale,MCO.US,2013Q1,,,,
US,train,current_scale,WAT.US,2013Q1,,,,
US,train,current_scale,YUM.US,2013Q2,,,,
US,train,current_scale,ITW.US,2013Q3,,,,
US,train,current_scale,AMGN.US,2014Q3,,,,
US,train,current_scale,AAPL.US,2014Q4,,,,
US,train,current_scale,CMI.US,2015Q1,,,,
US,train,current_scale,CMI.US,2015Q2,,,,
US,train,current_scale,AAPL.US,2015Q3,,,,
US,train,combined,TJX.US,2007Q1,0.6383659614140076,False,False,True
US,train,combined,TJX.US,2007Q2,0.5907032010544258,False,False,True
US,train,combined,FICO.US,2007Q4,-0.2475083398401633,True,True,False
US,train,combined,AJG.US,2008Q2,0.36718327001835593,False,False,False
US,train,combined,FICO.US,2008Q2,0.4667435301557219,False,False,False
US,train,combined,FICO.US,2008Q3,-0.02102434077690718,True,True,False
US,train,combined,ORCL.US,2008Q3,0.4771354897830673,False,False,False
US,train,combined,SYY.US,2008Q3,-0.07894554985504498,True,True,False
US,train,combined,TJX.US,2008Q3,0.8921218663736619,False,False,True
US,train,combined,ADBE.US,2008Q4,0.22806254976547558,False,True,False
US,train,combined,ADI.US,2008Q4,0.9873133993780814,False,False,False
US,train,combined,FDS.US,2008Q4,0.9873993352710657,False,False,False
US,train,combined,ORCL.US,2008Q4,0.424996974391445,False,True,False
US,train,combined,WAT.US,2008Q4,0.9440798833057171,False,False,False
US,train,combined,ADI.US,2009Q1,1.3158202323188162,False,False,False
US,train,combined,APH.US,2009Q1,1.042303944387088,False,False,False
US,train,combined,ORCL.US,2009Q1,0.6087577285045724,False,True,False
US,train,combined,TJX.US,2009Q1,2.2273425370961655,False,False,False
US,train,combined,UNH.US,2009Q1,1.931121874764524,False,False,False
US,train,combined,ADBE.US,2009Q2,0.1294486777468582,False,True,False
US,train,combined,ADI.US,2009Q2,0.649796351060467,False,True,False
US,train,combined,INFY.US,2009Q2,0.2702651773263445,False,True,False
US,train,combined,ORCL.US,2009Q2,0.3995911603525173,False,True,False
US,train,combined,ADBE.US,2009Q3,0.008079500281775509,False,True,False
US,train,combined,ORCL.US,2009Q3,0.5824213171022501,False,False,False
US,train,combined,BDX.US,2009Q4,0.06282248894889508,False,True,False
US,train,combined,ORCL.US,2009Q4,0.38022382853961645,False,True,False
US,train,combined,APH.US,2010Q1,0.7801798045087207,False,False,False
US,train,combined,BDX.US,2010Q1,0.2947811861483194,False,True,False
US,train,combined,MMM.US,2010Q1,0.3695618909987355,False,True,False
US,train,combined,SYK.US,2010Q1,0.18250110918486406,False,True,False
US,train,combined,APH.US,2010Q2,0.9950750323242412,False,False,False
US,train,combined,BDX.US,2010Q2,0.5701109137177702,False,True,False
US,train,combined,GWW.US,2010Q2,1.6798728294449239,False,False,True
US,train,combined,MMM.US,2010Q2,0.5028996455310384,False,True,False
US,train,combined,ORCL.US,2010Q2,0.4611510116623836,False,True,False
US,train,combined,TJX.US,2010Q2,1.4197811149634791,False,False,True
US,train,combined,APH.US,2010Q3,0.5997129895956506,False,True,False
US,train,combined,BDX.US,2010Q3,0.43877082060644157,False,True,False
US,train,combined,MMM.US,2010Q3,0.47018089336102853,False,True,False
US,train,combined,APH.US,2010Q4,0.6969671179056101,False,False,False
US,train,combined,MMM.US,2010Q4,0.7409139872064292,False,False,False
US,train,combined,OXY.US,2011Q1,-0.013363085388175322,True,True,False
US,train,combined,TJX.US,2011Q1,1.5359725366062782,False,False,True
US,train,combined,ORCL.US,2011Q2,0.2652155806610066,False,True,False
US,train,combined,SHW.US,2011Q2,1.5094076757042738,False,False,True
US,train,combined,GPN.US,2011Q3,0.7851134499743624,False,True,False
US,train,combined,INFY.US,2011Q3,0.27997700644044743,False,True,False
US,train,combined,NKE.US,2011Q3,1.2386094471515259,False,False,False
US,train,combined,ORCL.US,2011Q3,0.41513829722268425,False,True,False
US,train,combined,OXY.US,2011Q3,0.520401695402479,False,True,False
US,train,combined,SHW.US,2011Q3,2.074711133639395,False,False,True
US,train,combined,TT.US,2011Q3,1.7874917141813529,False,False,False
US,train,combined,YUM.US,2011Q3,0.5750899875441176,False,True,False
US,train,combined,BF-A.US,2011Q4,0.8483836764301425,False,False,False
US,train,combined,GPN.US,2011Q4,0.6841996161260886,False,True,False
US,train,combined,HUBB.US,2011Q4,0.6683521484822346,False,True,False
US,train,combined,INFY.US,2011Q4,0.24931548661792036,False,True,False
US,train,combined,HON.US,2012Q1,0.8226170288032362,False,False,False
US,train,combined,HUBB.US,2012Q1,0.44775690177920313,False,True,False
US,train,combined,ORCL.US,2012Q1,0.5116597302292885,False,True,False
US,train,combined,GOOGL.US,2012Q2,0.8588384439390206,False,False,False
US,train,combined,HUBB.US,2012Q2,0.4259439588933194,False,True,False
US,train,combined,INFY.US,2012Q2,0.48162611589408133,False,True,False
US,train,combined,MCHP.US,2012Q2,0.6037260588319373,False,True,False
US,train,combined,HUBB.US,2012Q3,0.13740571850758054,False,True,False
US,train,combined,INFY.US,2012Q3,0.6387333022295079,False,False,False
US,train,combined,MCHP.US,2012Q3,0.45029363459812033,False,True,False
US,train,combined,GPN.US,2012Q4,1.8064936145694377,False,False,True
US,train,combined,HUBB.US,2012Q4,0.23584684525517918,False,True,False
US,train,combined,INFY.US,2012Q4,0.6634860301968397,False,False,False
US,train,combined,ROK.US,2012Q4,0.2728635396988579,False,True,False
US,train,combined,ADI.US,2013Q1,,,,
US,train,combined,HON.US,2013Q1,,,,
US,train,combined,INFY.US,2013Q1,,,,
US,train,combined,MCO.US,2013Q1,,,,
US,train,combined,ROK.US,2013Q1,,,,
US,train,combined,WAT.US,2013Q1,,,,
US,train,combined,YUM.US,2013Q1,,,,
US,train,combined,ADI.US,2013Q2,,,,
US,train,combined,MCO.US,2013Q2,,,,
US,train,combined,ROK.US,2013Q2,,,,
US,train,combined,WAT.US,2013Q2,,,,
US,train,combined,YUM.US,2013Q2,,,,
US,train,combined,ITW.US,2013Q3,,,,
US,train,combined,SYK.US,2013Q3,,,,
US,train,combined,UNH.US,2013Q3,,,,
US,train,combined,YUM.US,2013Q3,,,,
US,train,combined,UNH.US,2013Q4,,,,
US,train,combined,WAT.US,2013Q4,,,,
US,train,combined,HON.US,2014Q1,,,,
US,train,combined,HUM.US,2014Q1,,,,
US,train,combined,UNH.US,2014Q1,,,,
US,train,combined,HON.US,2014Q2,,,,
US,train,combined,UNH.US,2014Q2,,,,
US,train,combined,AMGN.US,2014Q3,,,,
US,train,combined,BDX.US,2014Q3,,,,
US,train,combined,HON.US,2014Q3,,,,
US,train,combined,AAPL.US,2014Q4,,,,
US,train,combined,HON.US,2014Q4,,,,
US,train,combined,CMI.US,2015Q1,,,,
US,train,combined,HON.US,2015Q1,,,,
US,train,combined,CMI.US,2015Q2,,,,
US,train,combined,DECK.US,2015Q2,,,,
US,train,combined,HON.US,2015Q2,,,,
US,train,combined,JNJ.US,2015Q2,,,,
US,train,combined,AAPL.US,2015Q3,,,,
US,train,combined,DECK.US,2015Q3,,,,
US,train,combined,HON.US,2015Q3,,,,
US,train,combined,HUBB.US,2015Q3,,,,
US,train,combined,JNJ.US,2015Q3,,,,
US,train,combined,RTX.US,2015Q3,,,,
US,later,sbc_once,DECK.US,2016Q1,1.4837784146779867,False,False,True
US,later,sbc_once,DECK.US,2016Q2,2.038680674661919,False,False,True
US,later,sbc_once,AMGN.US,2016Q3,0.26104413525770176,False,True,False
US,later,sbc_once,AAPL.US,2017Q1,0.8488414265055453,False,False,False
US,later,sbc_once,AAPL.US,2017Q2,1.6522552491518754,False,False,True
US,later,sbc_once,CSCO.US,2017Q2,0.6328845831908874,False,False,False
US,later,sbc_once,AMGN.US,2017Q3,0.48019400594927353,False,False,False
US,later,sbc_once,APH.US,2017Q3,0.31592322871190315,False,True,False
US,later,sbc_once,ORCL.US,2017Q3,0.28633670434966785,False,True,False
US,later,sbc_once,HSIC.US,2017Q4,0.1927592283783761,False,True,False
US,later,sbc_once,ORCL.US,2017Q4,0.45887274642172216,False,False,False
US,later,sbc_once,HSIC.US,2018Q1,0.3410450278189163,False,True,False
US,later,sbc_once,SWKS.US,2018Q4,1.3940090553439473,False,False,False
US,later,sbc_once,AAPL.US,2019Q1,2.750808722557683,False,False,True
US,later,sbc_once,CMI.US,2019Q1,0.3698899854512976,False,True,False
US,later,sbc_once,GILD.US,2019Q1,0.019916313066184355,False,True,False
US,later,sbc_once,HON.US,2019Q1,0.27997835388083914,False,True,False
US,later,sbc_once,SWKS.US,2019Q1,0.6658853643343405,False,False,False
US,later,sbc_once,GILD.US,2019Q2,0.03295150338784314,False,True,False
US,later,sbc_once,HON.US,2019Q2,0.04442670941977944,False,True,False
US,later,sbc_once,GILD.US,2019Q3,0.10831473094318511,False,True,False
US,later,sbc_once,HON.US,2019Q3,0.08041031085846195,False,True,False
US,later,sbc_once,SWKS.US,2019Q3,0.15459688203633726,False,True,False
US,later,sbc_once,ORCL.US,2019Q4,0.5926817034798593,False,False,False
US,later,sbc_once,AOS.US,2020Q1,1.052979928885709,False,False,False
US,later,sbc_once,BIIB.US,2020Q1,-0.05196573398331783,True,True,False
US,later,sbc_once,ORCL.US,2020Q1,1.0038891719119447,False,False,False
US,later,sbc_once,PH.US,2020Q1,2.0383317892459836,False,False,False
US,later,sbc_once,ULTA.US,2020Q1,2.3787615040876546,False,False,True
US,later,sbc_once,WSM.US,2020Q1,2.449945231958763,False,False,True
US,later,sbc_once,CTSH.US,2020Q2,0.20802235050261397,False,True,False
US,later,sbc_once,ORCL.US,2020Q2,1.25319964087371,False,False,False
US,later,sbc_once,CSCO.US,2020Q3,0.5051809409703361,False,False,False
US,later,sbc_once,ROST.US,2022Q1,0.4601514486866878,False,False,False
US,later,sbc_once,APH.US,2022Q2,2.1866640392131913,False,False,True
US,later,sbc_once,CTSH.US,2022Q2,0.20466804459063415,False,True,False
US,later,sbc_once,ROST.US,2022Q2,0.8488069821667699,False,False,False
US,later,sbc_once,SWKS.US,2022Q2,-0.10798983557901365,True,True,False
US,later,sbc_once,APH.US,2022Q3,2.663811470627639,False,False,True
US,later,sbc_once,GRMN.US,2022Q3,2.186114270947541,False,False,True
US,later,sbc_once,SWKS.US,2022Q3,-0.04137339459935052,True,True,False
US,later,sbc_once,JNJ.US,2024Q1,,,,
US,later,sbc_once,LMT.US,2024Q1,,,,
US,later,sbc_once,WSM.US,2024Q2,,,,
US,later,sbc_once,JNJ.US,2024Q3,,,,
US,later,sbc_once,HON.US,2024Q4,,,,
US,later,sbc_once,NKE.US,2025Q1,,,,
US,later,sbc_once,HPQ.US,2025Q3,,,,
US,later,sbc_once,TGT.US,2025Q3,,,,
US,later,sbc_once,ACN.US,2026Q1,,,,
US,later,sbc_once,ADBE.US,2026Q1,,,,
US,later,sbc_once,BBY.US,2026Q1,,,,
US,later,sbc_once,ADBE.US,2026Q2,,,,
US,later,sbc_once,BR.US,2026Q2,,,,
US,later,current_scale,AMGN.US,2016Q3,0.26104413525770176,False,True,False
US,later,current_scale,AMGN.US,2017Q3,0.48019400594927353,False,False,False
US,later,current_scale,APH.US,2017Q3,0.31592322871190315,False,True,False
US,later,current_scale,ORLY.US,2017Q3,1.1405757151345526,False,False,False
US,later,current_scale,APH.US,2017Q4,0.5346691606314546,False,False,False
US,later,current_scale,ORLY.US,2018Q1,1.1486360089941412,False,False,False
US,later,current_scale,AAPL.US,2019Q1,2.750808722557683,False,False,True
US,later,current_scale,APH.US,2019Q1,0.5864599696392987,False,False,False
US,later,current_scale,CMI.US,2019Q1,0.3698899854512976,False,True,False
US,later,current_scale,HON.US,2019Q1,0.27997835388083914,False,True,False
US,later,current_scale,AAPL.US,2019Q2,1.780047720078949,False,False,True
US,later,current_scale,APH.US,2019Q2,0.3556656323121208,False,False,False
US,later,current_scale,CMI.US,2019Q2,0.21397022437204938,False,True,False
US,later,current_scale,CTSH.US,2019Q2,0.09214016362913902,False,True,False
US,later,current_scale,APH.US,2019Q3,0.4484811874868391,False,False,False
US,later,current_scale,CMI.US,2019Q3,0.39792277501035955,False,False,False
US,later,current_scale,CTSH.US,2019Q3,-0.013707885081526205,True,True,False
US,later,current_scale,APH.US,2019Q4,0.4372476338989286,False,False,False
US,later,current_scale,BIIB.US,2019Q4,-0.0588634359076905,True,True,False
US,later,current_scale,CMI.US,2019Q4,0.4609237721152224,False,False,False
US,later,current_scale,CTSH.US,2019Q4,-0.03727572907883148,True,True,False
US,later,current_scale,AOS.US,2020Q1,1.052979928885709,False,False,False
US,later,current_scale,BIIB.US,2020Q1,-0.05196573398331783,True,True,False
US,later,current_scale,BKNG.US,2020Q1,1.085834696268364,False,False,False
US,later,current_scale,LMT.US,2020Q1,0.5144520048714829,False,True,False
US,later,current_scale,ORCL.US,2020Q1,1.0038891719119447,False,False,False
US,later,current_scale,PH.US,2020Q1,2.0383317892459836,False,False,False
US,later,current_scale,ULTA.US,2020Q1,2.3787615040876546,False,False,True
US,later,current_scale,WSM.US,2020Q1,2.449945231958763,False,False,True
US,later,current_scale,APH.US,2020Q2,0.8413189054190711,False,False,False
US,later,current_scale,BKNG.US,2020Q2,0.6278915128769926,False,False,False
US,later,current_scale,CMI.US,2020Q2,0.5469325937630134,False,False,False
US,later,current_scale,CTSH.US,2020Q2,0.20802235050261397,False,True,False
US,later,current_scale,ULTA.US,2020Q2,1.3117354677597848,False,False,False
US,later,current_scale,APH.US,2020Q3,0.576676362101588,False,False,False
US,later,current_scale,CMI.US,2020Q3,0.19142795221649345,False,True,False
US,later,current_scale,LMT.US,2021Q1,0.3309852178657888,False,False,False
US,later,current_scale,LMT.US,2021Q2,0.3336807452271604,False,False,False
US,later,current_scale,LMT.US,2021Q4,0.48332691693516106,False,False,False
US,later,current_scale,APH.US,2022Q1,0.7880977548455848,False,False,False
US,later,current_scale,EXPD.US,2022Q1,0.2461664480171808,False,False,False
US,later,current_scale,APH.US,2022Q2,2.1866640392131913,False,False,True
US,later,current_scale,BBY.US,2022Q2,0.15760310799508126,False,True,False
US,later,current_scale,CTSH.US,2022Q2,0.20466804459063415,False,True,False
US,later,current_scale,EXPD.US,2022Q2,0.2145409134984484,False,True,False
US,later,current_scale,SWKS.US,2022Q2,-0.10798983557901365,True,True,False
US,later,current_scale,WSM.US,2022Q2,2.08335559045681,False,False,True
US,later,current_scale,AOS.US,2022Q3,0.5319523949810299,False,True,False
US,later,current_scale,APH.US,2022Q3,2.663811470627639,False,False,True
US,later,current_scale,BBY.US,2022Q3,0.36837194254150063,False,True,False
US,later,current_scale,EXPD.US,2022Q3,0.3988145660888949,False,True,False
US,later,current_scale,FERG.US,2022Q3,1.2306667130403524,False,False,False
US,later,current_scale,KLAC.US,2022Q3,2.5154674233994614,False,False,True
US,later,current_scale,SWKS.US,2022Q3,-0.04137339459935052,True,True,False
US,later,current_scale,APH.US,2022Q4,2.6310819251022237,False,False,True
US,later,current_scale,EXPD.US,2022Q4,0.471424865181195,False,False,False
US,later,current_scale,FERG.US,2022Q4,0.8175391155571983,False,False,False
US,later,current_scale,WSM.US,2022Q4,2.3166636050454184,False,False,True
US,later,current_scale,APH.US,2023Q1,2.1909940347612933,False,False,True
US,later,current_scale,EXPD.US,2023Q1,0.3707384943769989,False,True,False
US,later,current_scale,FERG.US,2023Q1,0.8477322874970048,False,False,False
US,later,current_scale,APH.US,2023Q2,3.296966449426935,False,False,True
US,later,current_scale,EXPD.US,2023Q2,0.38716971614666806,False,True,False
US,later,current_scale,APH.US,2023Q3,3.1761439200145363,False,False,True
US,later,current_scale,EXPD.US,2023Q3,0.6668595633308079,False,False,False
US,later,current_scale,APH.US,2023Q4,,,,
US,later,current_scale,WSM.US,2023Q4,,,,
US,later,current_scale,JNJ.US,2024Q1,,,,
US,later,current_scale,LMT.US,2024Q1,,,,
US,later,current_scale,JNJ.US,2024Q3,,,,
US,later,current_scale,ULTA.US,2024Q4,,,,
US,later,current_scale,CMI.US,2025Q1,,,,
US,later,current_scale,CMI.US,2025Q2,,,,
US,later,current_scale,ADBE.US,2026Q2,,,,
US,later,current_scale,BR.US,2026Q2,,,,
US,later,current_scale,CPRT.US,2026Q2,,,,
US,later,combined,DECK.US,2016Q1,1.4837784146779867,False,False,True
US,later,combined,DECK.US,2016Q2,2.038680674661919,False,False,True
US,later,combined,WAB.US,2016Q2,0.03995975120858253,False,True,False
US,later,combined,AMGN.US,2016Q3,0.26104413525770176,False,True,False
US,later,combined,CTSH.US,2016Q3,0.22781559657125827,False,True,False
US,later,combined,AAPL.US,2017Q1,0.8488414265055453,False,False,False
US,later,combined,HSIC.US,2017Q1,-0.237941466651583,True,True,False
US,later,combined,AAPL.US,2017Q2,1.6522552491518754,False,False,True
US,later,combined,CSCO.US,2017Q2,0.6328845831908874,False,False,False
US,later,combined,ORLY.US,2017Q2,0.9131164679444976,False,False,False
US,later,combined,AAPL.US,2017Q3,2.13555240150147,False,False,True
US,later,combined,AMGN.US,2017Q3,0.48019400594927353,False,False,False
US,later,combined,APH.US,2017Q3,0.31592322871190315,False,True,False
US,later,combined,HSIC.US,2017Q3,-0.07510182159423318,True,True,False
US,later,combined,ORCL.US,2017Q3,0.28633670434966785,False,True,False
US,later,combined,ORLY.US,2017Q3,1.1405757151345526,False,False,False
US,later,combined,AAPL.US,2017Q4,2.2018176718773437,False,False,True
US,later,combined,APH.US,2017Q4,0.5346691606314546,False,False,False
US,later,combined,HSIC.US,2017Q4,0.1927592283783761,False,True,False
US,later,combined,ORCL.US,2017Q4,0.45887274642172216,False,False,False
US,later,combined,AAPL.US,2018Q1,2.038325812985616,False,False,True
US,later,combined,HSIC.US,2018Q1,0.3410450278189163,False,True,False
US,later,combined,ORLY.US,2018Q1,1.1486360089941412,False,False,False
US,later,combined,SWKS.US,2018Q4,1.3940090553439473,False,False,False
US,later,combined,AAPL.US,2019Q1,2.750808722557683,False,False,True
US,later,combined,APH.US,2019Q1,0.5864599696392987,False,False,False
US,later,combined,CMI.US,2019Q1,0.3698899854512976,False,True,False
US,later,combined,CTSH.US,2019Q1,0.2623759025034562,False,True,False
US,later,combined,GILD.US,2019Q1,0.019916313066184355,False,True,False
US,later,combined,HON.US,2019Q1,0.27997835388083914,False,True,False
US,later,combined,SWKS.US,2019Q1,0.6658853643343405,False,False,False
US,later,combined,AAPL.US,2019Q2,1.780047720078949,False,False,True
US,later,combined,APH.US,2019Q2,0.3556656323121208,False,False,False
US,later,combined,CMI.US,2019Q2,0.21397022437204938,False,True,False
US,later,combined,CTSH.US,2019Q2,0.09214016362913902,False,True,False
US,later,combined,GILD.US,2019Q2,0.03295150338784314,False,True,False
US,later,combined,HON.US,2019Q2,0.04442670941977944,False,True,False
US,later,combined,ORCL.US,2019Q2,0.2647248776748323,False,True,False
US,later,combined,AAPL.US,2019Q3,1.5158026178503103,False,False,True
US,later,combined,APH.US,2019Q3,0.4484811874868391,False,False,False
US,later,combined,CMI.US,2019Q3,0.39792277501035955,False,False,False
US,later,combined,CTSH.US,2019Q3,-0.013707885081526205,True,True,False
US,later,combined,GILD.US,2019Q3,0.10831473094318511,False,True,False
US,later,combined,HON.US,2019Q3,0.08041031085846195,False,True,False
US,later,combined,ORCL.US,2019Q3,0.19244265572473118,False,True,False
US,later,combined,PH.US,2019Q3,0.4473417324880682,False,False,False
US,later,combined,SWKS.US,2019Q3,0.15459688203633726,False,True,False
US,later,combined,APH.US,2019Q4,0.4372476338989286,False,False,False
US,later,combined,BIIB.US,2019Q4,-0.0588634359076905,True,True,False
US,later,combined,CMI.US,2019Q4,0.4609237721152224,False,False,False
US,later,combined,CTSH.US,2019Q4,-0.03727572907883148,True,True,False
US,later,combined,ORCL.US,2019Q4,0.5926817034798593,False,False,False
US,later,combined,AOS.US,2020Q1,1.052979928885709,False,False,False
US,later,combined,BIIB.US,2020Q1,-0.05196573398331783,True,True,False
US,later,combined,BKNG.US,2020Q1,1.085834696268364,False,False,False
US,later,combined,HAS.US,2020Q1,-0.15187493152195386,True,True,False
US,later,combined,LMT.US,2020Q1,0.5144520048714829,False,True,False
US,later,combined,ORCL.US,2020Q1,1.0038891719119447,False,False,False
US,later,combined,PH.US,2020Q1,2.0383317892459836,False,False,False
US,later,combined,ULTA.US,2020Q1,2.3787615040876546,False,False,True
US,later,combined,WSM.US,2020Q1,2.449945231958763,False,False,True
US,later,combined,APH.US,2020Q2,0.8413189054190711,False,False,False
US,later,combined,BKNG.US,2020Q2,0.6278915128769926,False,False,False
US,later,combined,CMI.US,2020Q2,0.5469325937630134,False,False,False
US,later,combined,CTSH.US,2020Q2,0.20802235050261397,False,True,False
US,later,combined,HAS.US,2020Q2,-0.03751905022378632,True,True,False
US,later,combined,ORCL.US,2020Q2,1.25319964087371,False,False,False
US,later,combined,PH.US,2020Q2,1.2637866263280437,False,False,False
US,later,combined,ULTA.US,2020Q2,1.3117354677597848,False,False,False
US,later,combined,APH.US,2020Q3,0.576676362101588,False,False,False
US,later,combined,CMI.US,2020Q3,0.19142795221649345,False,True,False
US,later,combined,CSCO.US,2020Q3,0.5051809409703361,False,False,False
US,later,combined,ORCL.US,2020Q3,0.861990800757575,False,False,False
US,later,combined,ULTA.US,2020Q3,0.7471460599048447,False,False,False
US,later,combined,APH.US,2020Q4,0.5896926291334452,False,False,False
US,later,combined,LMT.US,2020Q4,0.4281971315032287,False,False,False
US,later,combined,LMT.US,2021Q1,0.3309852178657888,False,False,False
US,later,combined,LMT.US,2021Q2,0.3336807452271604,False,False,False
US,later,combined,LMT.US,2021Q4,0.48332691693516106,False,False,False
US,later,combined,APH.US,2022Q1,0.7880977548455848,False,False,False
US,later,combined,EXPD.US,2022Q1,0.2461664480171808,False,False,False
US,later,combined,ROST.US,2022Q1,0.4601514486866878,False,False,False
US,later,combined,SWKS.US,2022Q1,-0.468581619974622,True,True,False
US,later,combined,APH.US,2022Q2,2.1866640392131913,False,False,True
US,later,combined,BBY.US,2022Q2,0.15760310799508126,False,True,False
US,later,combined,CTSH.US,2022Q2,0.20466804459063415,False,True,False
US,later,combined,EXPD.US,2022Q2,0.2145409134984484,False,True,False
US,later,combined,ROST.US,2022Q2,0.8488069821667699,False,False,False
US,later,combined,SWKS.US,2022Q2,-0.10798983557901365,True,True,False
US,later,combined,WSM.US,2022Q2,2.08335559045681,False,False,True
US,later,combined,AOS.US,2022Q3,0.5319523949810299,False,True,False
US,later,combined,APH.US,2022Q3,2.663811470627639,False,False,True
US,later,combined,BBY.US,2022Q3,0.36837194254150063,False,True,False
US,later,combined,EXPD.US,2022Q3,0.3988145660888949,False,True,False
US,later,combined,FERG.US,2022Q3,1.2306667130403524,False,False,False
US,later,combined,GRMN.US,2022Q3,2.186114270947541,False,False,True
US,later,combined,KLAC.US,2022Q3,2.5154674233994614,False,False,True
US,later,combined,SWKS.US,2022Q3,-0.04137339459935052,True,True,False
US,later,combined,WSM.US,2022Q3,2.3989529180431624,False,False,True
US,later,combined,APH.US,2022Q4,2.6310819251022237,False,False,True
US,later,combined,EXPD.US,2022Q4,0.471424865181195,False,False,False
US,later,combined,FERG.US,2022Q4,0.8175391155571983,False,False,False
US,later,combined,WSM.US,2022Q4,2.3166636050454184,False,False,True
US,later,combined,APH.US,2023Q1,2.1909940347612933,False,False,True
US,later,combined,EXPD.US,2023Q1,0.3707384943769989,False,True,False
US,later,combined,FERG.US,2023Q1,0.8477322874970048,False,False,False
US,later,combined,APH.US,2023Q2,3.296966449426935,False,False,True
US,later,combined,EXPD.US,2023Q2,0.38716971614666806,False,True,False
US,later,combined,APH.US,2023Q3,3.1761439200145363,False,False,True
US,later,combined,EXPD.US,2023Q3,0.6668595633308079,False,False,False
US,later,combined,FERG.US,2023Q3,0.43731514040192065,False,True,False
US,later,combined,LRCX.US,2023Q3,4.338582672284074,False,False,True
US,later,combined,APH.US,2023Q4,,,,
US,later,combined,WSM.US,2023Q4,,,,
US,later,combined,JNJ.US,2024Q1,,,,
US,later,combined,LMT.US,2024Q1,,,,
US,later,combined,LMT.US,2024Q2,,,,
US,later,combined,WSM.US,2024Q2,,,,
US,later,combined,JNJ.US,2024Q3,,,,
US,later,combined,HON.US,2024Q4,,,,
US,later,combined,ULTA.US,2024Q4,,,,
US,later,combined,CMI.US,2025Q1,,,,
US,later,combined,NKE.US,2025Q1,,,,
US,later,combined,CMI.US,2025Q2,,,,
US,later,combined,HPQ.US,2025Q3,,,,
US,later,combined,TGT.US,2025Q3,,,,
US,later,combined,FDS.US,2025Q4,,,,
US,later,combined,ACN.US,2026Q1,,,,
US,later,combined,ADBE.US,2026Q1,,,,
US,later,combined,BBY.US,2026Q1,,,,
US,later,combined,BR.US,2026Q1,,,,
US,later,combined,INFY.US,2026Q1,,,,
US,later,combined,ADBE.US,2026Q2,,,,
US,later,combined,ALLE.US,2026Q2,,,,
US,later,combined,BR.US,2026Q2,,,,
US,later,combined,CPRT.US,2026Q2,,,,
US,later,combined,INTU.US,2026Q2,,,,
US,later,combined,LOGI.US,2026Q2,,,,
Western_nonUS,train,sbc_once,GRG.LSE,2008Q1,0.12473227166674028,False,False,False
Western_nonUS,train,sbc_once,GRG.LSE,2008Q3,0.42181453858502627,False,False,False
Western_nonUS,train,sbc_once,BNZL.LSE,2009Q1,0.8075102267254899,False,False,False
Western_nonUS,train,sbc_once,HLMA.LSE,2009Q1,1.2607837210693802,False,False,False
Western_nonUS,train,sbc_once,DPLM.LSE,2010Q4,1.3791069564530258,False,False,True
Western_nonUS,train,sbc_once,ARCAD.AS,2012Q1,1.0435084188888633,False,False,False
Western_nonUS,train,sbc_once,MTO.LSE,2013Q1,,,,
Western_nonUS,train,sbc_once,SRP.LSE,2014Q1,,,,
Western_nonUS,train,sbc_once,WEIR.LSE,2014Q3,,,,
Western_nonUS,train,sbc_once,MTO.LSE,2014Q4,,,,
Western_nonUS,train,sbc_once,WEIR.LSE,2014Q4,,,,
Western_nonUS,train,sbc_once,MTO.LSE,2015Q1,,,,
Western_nonUS,train,sbc_once,WEIR.LSE,2015Q1,,,,
Western_nonUS,train,sbc_once,REL.LSE,2015Q2,,,,
Western_nonUS,train,sbc_once,ROR.LSE,2015Q3,,,,
Western_nonUS,train,current_scale,RSW.LSE,2007Q3,0.5657265937001192,False,False,True
Western_nonUS,train,current_scale,GRG.LSE,2008Q1,0.12473227166674028,False,False,False
Western_nonUS,train,current_scale,RSW.LSE,2008Q1,1.0742715075024063,False,False,True
Western_nonUS,train,current_scale,RSW.LSE,2008Q2,1.3819212890369506,False,False,True
Western_nonUS,train,current_scale,MTO.LSE,2008Q3,0.13801774594688943,False,False,False
Western_nonUS,train,current_scale,MTO.LSE,2008Q4,0.15582356196989777,False,True,False
Western_nonUS,train,current_scale,HLMA.LSE,2009Q1,1.2607837210693802,False,False,False
Western_nonUS,train,current_scale,MTO.LSE,2009Q1,0.48044755507728465,False,True,False
Western_nonUS,train,current_scale,BAG.LSE,2009Q2,0.9022328409064388,False,False,False
Western_nonUS,train,current_scale,BNZL.LSE,2009Q2,1.0369314181795874,False,False,False
Western_nonUS,train,current_scale,ROR.LSE,2009Q2,1.39571552025307,False,False,False
Western_nonUS,train,current_scale,GDWN.LSE,2009Q3,0.3212810501220347,False,False,False
Western_nonUS,train,current_scale,ARCAD.AS,2009Q4,0.24040570107831938,False,True,False
Western_nonUS,train,current_scale,GDWN.LSE,2009Q4,0.8050355061239445,False,False,False
Western_nonUS,train,current_scale,ARCAD.AS,2010Q1,0.5068600056705308,False,False,False
Western_nonUS,train,current_scale,GDWN.LSE,2010Q1,0.9542325680835848,False,False,False
Western_nonUS,train,current_scale,GDWN.LSE,2010Q2,0.9396870246889832,False,False,False
Western_nonUS,train,current_scale,DPLM.LSE,2010Q4,1.3791069564530258,False,False,True
Western_nonUS,train,current_scale,GDWN.LSE,2010Q4,1.7774445861254549,False,False,True
Western_nonUS,train,current_scale,DPLM.LSE,2011Q1,1.1879920342737766,False,False,False
Western_nonUS,train,current_scale,GDWN.LSE,2011Q1,2.085917785426269,False,False,True
Western_nonUS,train,current_scale,DPLM.LSE,2011Q3,1.212074430382529,False,False,False
Western_nonUS,train,current_scale,DPLM.LSE,2011Q4,1.0096386072651935,False,False,False
Western_nonUS,train,current_scale,TNE.AU,2011Q4,2.5104894370428354,False,False,True
Western_nonUS,train,current_scale,TNE.AU,2012Q1,2.8780907827994837,False,False,True
Western_nonUS,train,current_scale,TNE.AU,2012Q2,2.48350975499564,False,False,True
Western_nonUS,train,current_scale,MTO.LSE,2012Q3,0.03938028715835373,False,True,False
Western_nonUS,train,current_scale,MTO.LSE,2013Q1,,,,
Western_nonUS,train,current_scale,ALFA.ST,2013Q3,,,,
Western_nonUS,train,current_scale,ADDT-B.ST,2015Q1,,,,
Western_nonUS,train,current_scale,ADDT-B.ST,2015Q2,,,,
Western_nonUS,train,current_scale,ADDT-B.ST,2015Q3,,,,
Western_nonUS,train,current_scale,ROR.LSE,2015Q3,,,,
Western_nonUS,train,combined,BNZL.LSE,2007Q2,-0.04107650195481727,True,False,False
Western_nonUS,train,combined,BNZL.LSE,2007Q3,0.09309670980142193,False,False,False
Western_nonUS,train,combined,RSW.LSE,2007Q3,0.5657265937001192,False,False,True
Western_nonUS,train,combined,BNZL.LSE,2007Q4,0.011487384370373332,False,False,False
Western_nonUS,train,combined,GRG.LSE,2008Q1,0.12473227166674028,False,False,False
Western_nonUS,train,combined,RSW.LSE,2008Q1,1.0742715075024063,False,False,True
Western_nonUS,train,combined,MTO.LSE,2008Q2,0.1647374081981996,False,True,False
Western_nonUS,train,combined,RSW.LSE,2008Q2,1.3819212890369506,False,False,True
Western_nonUS,train,combined,GRG.LSE,2008Q3,0.42181453858502627,False,False,False
Western_nonUS,train,combined,HLMA.LSE,2008Q3,0.6096696140104005,False,False,False
Western_nonUS,train,combined,MTO.LSE,2008Q3,0.13801774594688943,False,False,False
Western_nonUS,train,combined,MTO.LSE,2008Q4,0.15582356196989777,False,True,False
Western_nonUS,train,combined,BNZL.LSE,2009Q1,0.8075102267254899,False,False,False
Western_nonUS,train,combined,HLMA.LSE,2009Q1,1.2607837210693802,False,False,False
Western_nonUS,train,combined,MTO.LSE,2009Q1,0.48044755507728465,False,True,False
Western_nonUS,train,combined,BAG.LSE,2009Q2,0.9022328409064388,False,False,False
Western_nonUS,train,combined,BNZL.LSE,2009Q2,1.0369314181795874,False,False,False
Western_nonUS,train,combined,HLMA.LSE,2009Q2,1.069186162494848,False,False,False
Western_nonUS,train,combined,ROR.LSE,2009Q2,1.39571552025307,False,False,False
Western_nonUS,train,combined,GDWN.LSE,2009Q3,0.3212810501220347,False,False,False
Western_nonUS,train,combined,ARCAD.AS,2009Q4,0.24040570107831938,False,True,False
Western_nonUS,train,combined,GDWN.LSE,2009Q4,0.8050355061239445,False,False,False
Western_nonUS,train,combined,ARCAD.AS,2010Q1,0.5068600056705308,False,False,False
Western_nonUS,train,combined,GDWN.LSE,2010Q1,0.9542325680835848,False,False,False
Western_nonUS,train,combined,GDWN.LSE,2010Q2,0.9396870246889832,False,False,False
Western_nonUS,train,combined,DPLM.LSE,2010Q4,1.3791069564530258,False,False,True
Western_nonUS,train,combined,GDWN.LSE,2010Q4,1.7774445861254549,False,False,True
Western_nonUS,train,combined,DPLM.LSE,2011Q1,1.1879920342737766,False,False,False
Western_nonUS,train,combined,GDWN.LSE,2011Q1,2.085917785426269,False,False,True
Western_nonUS,train,combined,ARCAD.AS,2011Q2,0.5879319984330951,False,False,False
Western_nonUS,train,combined,DPLM.LSE,2011Q3,1.212074430382529,False,False,False
Western_nonUS,train,combined,DPLM.LSE,2011Q4,1.0096386072651935,False,False,False
Western_nonUS,train,combined,TNE.AU,2011Q4,2.5104894370428354,False,False,True
Western_nonUS,train,combined,ARCAD.AS,2012Q1,1.0435084188888633,False,False,False
Western_nonUS,train,combined,TNE.AU,2012Q1,2.8780907827994837,False,False,True
Western_nonUS,train,combined,TNE.AU,2012Q2,2.48350975499564,False,False,True
Western_nonUS,train,combined,MTO.LSE,2012Q3,0.03938028715835373,False,True,False
Western_nonUS,train,combined,MTO.LSE,2013Q1,,,,
Western_nonUS,train,combined,ALFA.ST,2013Q3,,,,
Western_nonUS,train,combined,SRP.LSE,2014Q1,,,,
Western_nonUS,train,combined,WEIR.LSE,2014Q3,,,,
Western_nonUS,train,combined,MTO.LSE,2014Q4,,,,
Western_nonUS,train,combined,WEIR.LSE,2014Q4,,,,
Western_nonUS,train,combined,ADDT-B.ST,2015Q1,,,,
Western_nonUS,train,combined,MTO.LSE,2015Q1,,,,
Western_nonUS,train,combined,WEIR.LSE,2015Q1,,,,
Western_nonUS,train,combined,ADDT-B.ST,2015Q2,,,,
Western_nonUS,train,combined,REL.LSE,2015Q2,,,,
Western_nonUS,train,combined,ADDT-B.ST,2015Q3,,,,
Western_nonUS,train,combined,ROR.LSE,2015Q3,,,,
Western_nonUS,later,sbc_once,CCC.LSE,2017Q3,1.3874888880061524,False,False,True
Western_nonUS,later,sbc_once,DNLM.LSE,2018Q3,1.659545307706583,False,False,True
Western_nonUS,later,sbc_once,IPS.PA,2018Q4,1.1751938215427677,False,False,False
Western_nonUS,later,sbc_once,IPS.PA,2019Q1,1.1624227932804891,False,False,False
Western_nonUS,later,sbc_once,BOSS.XETRA,2019Q2,-0.12910750492638234,True,True,False
Western_nonUS,later,sbc_once,PPT.AU,2019Q4,-0.29354094700509825,True,True,False
Western_nonUS,later,sbc_once,IMI.LSE,2020Q1,1.1742263255296108,False,False,False
Western_nonUS,later,sbc_once,RAND.AS,2020Q1,1.2677160596603207,False,False,False
Western_nonUS,later,sbc_once,ATE.PA,2020Q2,0.9879802750336519,False,False,False
Western_nonUS,later,sbc_once,ASHM.LSE,2020Q3,-0.48374502880805625,True,True,False
Western_nonUS,later,sbc_once,ATE.PA,2020Q3,0.6326052426397057,False,False,False
Western_nonUS,later,sbc_once,ASHM.LSE,2021Q1,-0.5066967951294075,True,True,False
Western_nonUS,later,sbc_once,ASHM.LSE,2021Q2,-0.5677481145828946,True,True,False
Western_nonUS,later,sbc_once,SDR.LSE,2021Q2,-0.39139177648882706,True,True,False
Western_nonUS,later,sbc_once,SDR.LSE,2021Q3,-0.41988400373649815,True,True,False
Western_nonUS,later,sbc_once,SDR.LSE,2021Q4,-0.4695923476310401,True,True,False
Western_nonUS,later,sbc_once,SDR.LSE,2022Q1,-0.3640195262271312,True,True,False
Western_nonUS,later,sbc_once,HWDN.LSE,2022Q2,0.41566251435753365,False,False,False
Western_nonUS,later,sbc_once,SK.PA,2022Q2,-0.05208975657302117,True,True,False
Western_nonUS,later,sbc_once,HWDN.LSE,2022Q3,0.6437847621406716,False,False,False
Western_nonUS,later,sbc_once,SK.PA,2022Q3,0.08203737819708623,False,True,False
Western_nonUS,later,sbc_once,HWDN.LSE,2022Q4,0.4316282269024949,False,False,False
Western_nonUS,later,sbc_once,SK.PA,2022Q4,-0.3350963450117078,True,True,False
Western_nonUS,later,sbc_once,SIQ.AU,2025Q1,,,,
Western_nonUS,later,sbc_once,ATE.PA,2025Q2,,,,
Western_nonUS,later,sbc_once,IPS.PA,2025Q2,,,,
Western_nonUS,later,sbc_once,ATE.PA,2025Q3,,,,
Western_nonUS,later,sbc_once,ATE.PA,2025Q4,,,,
Western_nonUS,later,sbc_once,IPS.PA,2025Q4,,,,
Western_nonUS,later,sbc_once,DSY.PA,2026Q1,,,,
Western_nonUS,later,sbc_once,CAP.PA,2026Q2,,,,
Western_nonUS,later,sbc_once,DSY.PA,2026Q2,,,,
Western_nonUS,later,current_scale,ADDT-B.ST,2016Q1,0.8406532086769762,False,False,False
Western_nonUS,later,current_scale,DNLM.LSE,2016Q2,0.1556700467915979,False,True,False
Western_nonUS,later,current_scale,DNLM.LSE,2016Q3,-0.01953222995803494,True,True,False
Western_nonUS,later,current_scale,DNLM.LSE,2016Q4,0.46459497046216414,False,False,False
Western_nonUS,later,current_scale,JBH.AU,2017Q2,1.1440352558269007,False,False,True
Western_nonUS,later,current_scale,CCC.LSE,2017Q3,1.3874888880061524,False,False,True
Western_nonUS,later,current_scale,JBH.AU,2018Q3,1.132446197810332,False,False,False
Western_nonUS,later,current_scale,JBH.AU,2018Q4,1.6199260691122817,False,False,False
Western_nonUS,later,current_scale,JBH.AU,2019Q1,1.475244065227019,False,False,True
Western_nonUS,later,current_scale,JBH.AU,2019Q2,0.7406610147580357,False,False,False
Western_nonUS,later,current_scale,CDA.AU,2019Q3,0.07603724328716144,False,False,False
Western_nonUS,later,current_scale,CCC.LSE,2020Q1,0.559187806022795,False,True,False
Western_nonUS,later,current_scale,IMI.LSE,2020Q1,1.1742263255296108,False,False,False
Western_nonUS,later,current_scale,JD.LSE,2020Q1,1.1016778368142641,False,False,False
Western_nonUS,later,current_scale,ALFA.ST,2020Q2,1.0351358923226814,False,False,False
Western_nonUS,later,current_scale,ATE.PA,2020Q2,0.9879802750336519,False,False,False
Western_nonUS,later,current_scale,HWDN.LSE,2020Q2,0.16051360593125086,False,True,False
Western_nonUS,later,current_scale,ALFA.ST,2020Q3,1.045171453191751,False,False,False
Western_nonUS,later,current_scale,ATE.PA,2020Q3,0.6326052426397057,False,False,False
Western_nonUS,later,current_scale,DNLM.LSE,2022Q2,0.43089021723498333,False,False,False
Western_nonUS,later,current_scale,PGHN.SW,2022Q2,0.3486524896642904,False,True,False
Western_nonUS,later,current_scale,PGHN.SW,2022Q3,0.4130474969632605,False,True,False
Western_nonUS,later,current_scale,PGHN.SW,2022Q4,0.3209507019869817,False,True,False
Western_nonUS,later,current_scale,DNLM.LSE,2023Q1,-0.2857203866357282,True,True,False
Western_nonUS,later,current_scale,DNLM.LSE,2023Q2,-0.29623845766420276,True,True,False
Western_nonUS,later,current_scale,KNIN.SW,2023Q2,-0.15962361065075326,True,True,False
Western_nonUS,later,current_scale,RS1.LSE,2023Q2,-0.23407702275123332,True,True,False
Western_nonUS,later,current_scale,DNLM.LSE,2023Q3,-0.22698733838105944,True,True,False
Western_nonUS,later,current_scale,KNIN.SW,2023Q3,-0.04649845155519439,True,True,False
Western_nonUS,later,current_scale,RS1.LSE,2023Q3,0.09879935754795177,False,True,False
Western_nonUS,later,current_scale,DNLM.LSE,2023Q4,,,,
Western_nonUS,later,current_scale,ANDR.VI,2024Q1,,,,
Western_nonUS,later,current_scale,MELE.BR,2024Q1,,,,
Western_nonUS,later,current_scale,RS1.LSE,2024Q1,,,,
Western_nonUS,later,current_scale,ANDR.VI,2024Q2,,,,
Western_nonUS,later,current_scale,ANDR.VI,2025Q1,,,,
Western_nonUS,later,combined,ADDT-B.ST,2016Q1,0.8406532086769762,False,False,False
Western_nonUS,later,combined,DNLM.LSE,2016Q2,0.1556700467915979,False,True,False
Western_nonUS,later,combined,DNLM.LSE,2016Q3,-0.01953222995803494,True,True,False
Western_nonUS,later,combined,DNLM.LSE,2016Q4,0.46459497046216414,False,False,False
Western_nonUS,later,combined,JBH.AU,2017Q2,1.1440352558269007,False,False,True
Western_nonUS,later,combined,CCC.LSE,2017Q3,1.3874888880061524,False,False,True
Western_nonUS,later,combined,DNLM.LSE,2018Q3,1.659545307706583,False,False,True
Western_nonUS,later,combined,JBH.AU,2018Q3,1.132446197810332,False,False,False
Western_nonUS,later,combined,IPS.PA,2018Q4,1.1751938215427677,False,False,False
Western_nonUS,later,combined,JBH.AU,2018Q4,1.6199260691122817,False,False,False
Western_nonUS,later,combined,IPS.PA,2019Q1,1.1624227932804891,False,False,False
Western_nonUS,later,combined,JBH.AU,2019Q1,1.475244065227019,False,False,True
Western_nonUS,later,combined,BOSS.XETRA,2019Q2,-0.12910750492638234,True,True,False
Western_nonUS,later,combined,JBH.AU,2019Q2,0.7406610147580357,False,False,False
Western_nonUS,later,combined,CDA.AU,2019Q3,0.07603724328716144,False,False,False
Western_nonUS,later,combined,IMI.LSE,2019Q3,0.1752020418835507,False,False,False
Western_nonUS,later,combined,PPT.AU,2019Q4,-0.29354094700509825,True,True,False
Western_nonUS,later,combined,CCC.LSE,2020Q1,0.559187806022795,False,True,False
Western_nonUS,later,combined,IMI.LSE,2020Q1,1.1742263255296108,False,False,False
Western_nonUS,later,combined,JD.LSE,2020Q1,1.1016778368142641,False,False,False
Western_nonUS,later,combined,RAND.AS,2020Q1,1.2677160596603207,False,False,False
Western_nonUS,later,combined,ALFA.ST,2020Q2,1.0351358923226814,False,False,False
Western_nonUS,later,combined,ATE.PA,2020Q2,0.9879802750336519,False,False,False
Western_nonUS,later,combined,CCC.LSE,2020Q2,0.38474074147399895,False,False,False
Western_nonUS,later,combined,HWDN.LSE,2020Q2,0.16051360593125086,False,True,False
Western_nonUS,later,combined,ALFA.ST,2020Q3,1.045171453191751,False,False,False
Western_nonUS,later,combined,ASHM.LSE,2020Q3,-0.48374502880805625,True,True,False
Western_nonUS,later,combined,ATE.PA,2020Q3,0.6326052426397057,False,False,False
Western_nonUS,later,combined,ASHM.LSE,2021Q1,-0.5066967951294075,True,True,False
Western_nonUS,later,combined,ASHM.LSE,2021Q2,-0.5677481145828946,True,True,False
Western_nonUS,later,combined,SDR.LSE,2021Q2,-0.39139177648882706,True,True,False
Western_nonUS,later,combined,SDR.LSE,2021Q3,-0.41988400373649815,True,True,False
Western_nonUS,later,combined,SDR.LSE,2021Q4,-0.4695923476310401,True,True,False
Western_nonUS,later,combined,SDR.LSE,2022Q1,-0.3640195262271312,True,True,False
Western_nonUS,later,combined,DNLM.LSE,2022Q2,0.43089021723498333,False,False,False
Western_nonUS,later,combined,HWDN.LSE,2022Q2,0.41566251435753365,False,False,False
Western_nonUS,later,combined,PGHN.SW,2022Q2,0.3486524896642904,False,True,False
Western_nonUS,later,combined,SK.PA,2022Q2,-0.05208975657302117,True,True,False
Western_nonUS,later,combined,HWDN.LSE,2022Q3,0.6437847621406716,False,False,False
Western_nonUS,later,combined,PGHN.SW,2022Q3,0.4130474969632605,False,True,False
Western_nonUS,later,combined,SK.PA,2022Q3,0.08203737819708623,False,True,False
Western_nonUS,later,combined,HWDN.LSE,2022Q4,0.4316282269024949,False,False,False
Western_nonUS,later,combined,PGHN.SW,2022Q4,0.3209507019869817,False,True,False
Western_nonUS,later,combined,SK.PA,2022Q4,-0.3350963450117078,True,True,False
Western_nonUS,later,combined,DNLM.LSE,2023Q1,-0.2857203866357282,True,True,False
Western_nonUS,later,combined,HWDN.LSE,2023Q1,0.14834979400453308,False,True,False
Western_nonUS,later,combined,PGHN.SW,2023Q1,0.11612852430665588,False,True,False
Western_nonUS,later,combined,DNLM.LSE,2023Q2,-0.29623845766420276,True,True,False
Western_nonUS,later,combined,KNIN.SW,2023Q2,-0.15962361065075326,True,True,False
Western_nonUS,later,combined,RS1.LSE,2023Q2,-0.23407702275123332,True,True,False
Western_nonUS,later,combined,DNLM.LSE,2023Q3,-0.22698733838105944,True,True,False
Western_nonUS,later,combined,KNIN.SW,2023Q3,-0.04649845155519439,True,True,False
Western_nonUS,later,combined,RS1.LSE,2023Q3,0.09879935754795177,False,True,False
Western_nonUS,later,combined,DNLM.LSE,2023Q4,,,,
Western_nonUS,later,combined,RS1.LSE,2023Q4,,,,
Western_nonUS,later,combined,ANDR.VI,2024Q1,,,,
Western_nonUS,later,combined,MELE.BR,2024Q1,,,,
Western_nonUS,later,combined,RS1.LSE,2024Q1,,,,
Western_nonUS,later,combined,ANDR.VI,2024Q2,,,,
Western_nonUS,later,combined,MELE.BR,2024Q3,,,,
Western_nonUS,later,combined,ANDR.VI,2025Q1,,,,
Western_nonUS,later,combined,SIQ.AU,2025Q1,,,,
Western_nonUS,later,combined,ATE.PA,2025Q2,,,,
Western_nonUS,later,combined,IPS.PA,2025Q2,,,,
Western_nonUS,later,combined,ATE.PA,2025Q3,,,,
Western_nonUS,later,combined,ATE.PA,2025Q4,,,,
Western_nonUS,later,combined,IPS.PA,2025Q4,,,,
Western_nonUS,later,combined,DSY.PA,2026Q1,,,,
Western_nonUS,later,combined,CAP.PA,2026Q2,,,,
Western_nonUS,later,combined,DSY.PA,2026Q2,,,,
all_nonUS,train,sbc_once,GRG.LSE,2008Q1,0.12473227166674028,False,True,False
all_nonUS,train,sbc_once,GRG.LSE,2008Q3,0.42181453858502627,False,False,False
all_nonUS,train,sbc_once,BNZL.LSE,2009Q1,0.8075102267254899,False,False,False
all_nonUS,train,sbc_once,HLMA.LSE,2009Q1,1.2607837210693802,False,False,False
all_nonUS,train,sbc_once,DPLM.LSE,2010Q4,1.3791069564530258,False,False,True
all_nonUS,train,sbc_once,ARCAD.AS,2012Q1,1.0435084188888633,False,False,False
all_nonUS,train,sbc_once,MTO.LSE,2013Q1,,,,
all_nonUS,train,sbc_once,SRP.LSE,2014Q1,,,,
all_nonUS,train,sbc_once,WEIR.LSE,2014Q3,,,,
all_nonUS,train,sbc_once,MTO.LSE,2014Q4,,,,
all_nonUS,train,sbc_once,WEIR.LSE,2014Q4,,,,
all_nonUS,train,sbc_once,MTO.LSE,2015Q1,,,,
all_nonUS,train,sbc_once,WEIR.LSE,2015Q1,,,,
all_nonUS,train,sbc_once,REL.LSE,2015Q2,,,,
all_nonUS,train,sbc_once,ROR.LSE,2015Q3,,,,
all_nonUS,train,current_scale,RSW.LSE,2007Q3,0.5657265937001192,False,False,True
all_nonUS,train,current_scale,GRG.LSE,2008Q1,0.12473227166674028,False,True,False
all_nonUS,train,current_scale,RSW.LSE,2008Q1,1.0742715075024063,False,False,False
all_nonUS,train,current_scale,RSW.LSE,2008Q2,1.3819212890369506,False,False,False
all_nonUS,train,current_scale,MTO.LSE,2008Q3,0.13801774594688943,False,True,False
all_nonUS,train,current_scale,MTO.LSE,2008Q4,0.15582356196989777,False,True,False
all_nonUS,train,current_scale,HLMA.LSE,2009Q1,1.2607837210693802,False,False,False
all_nonUS,train,current_scale,MTO.LSE,2009Q1,0.48044755507728465,False,True,False
all_nonUS,train,current_scale,BAG.LSE,2009Q2,0.9022328409064388,False,False,False
all_nonUS,train,current_scale,BNZL.LSE,2009Q2,1.0369314181795874,False,False,False
all_nonUS,train,current_scale,ROR.LSE,2009Q2,1.39571552025307,False,False,False
all_nonUS,train,current_scale,GDWN.LSE,2009Q3,0.3212810501220347,False,False,False
all_nonUS,train,current_scale,ARCAD.AS,2009Q4,0.24040570107831938,False,False,False
all_nonUS,train,current_scale,GDWN.LSE,2009Q4,0.8050355061239445,False,False,False
all_nonUS,train,current_scale,ARCAD.AS,2010Q1,0.5068600056705308,False,False,False
all_nonUS,train,current_scale,GDWN.LSE,2010Q1,0.9542325680835848,False,False,False
all_nonUS,train,current_scale,GDWN.LSE,2010Q2,0.9396870246889832,False,False,False
all_nonUS,train,current_scale,DPLM.LSE,2010Q4,1.3791069564530258,False,False,True
all_nonUS,train,current_scale,GDWN.LSE,2010Q4,1.7774445861254549,False,False,True
all_nonUS,train,current_scale,DPLM.LSE,2011Q1,1.1879920342737766,False,False,False
all_nonUS,train,current_scale,GDWN.LSE,2011Q1,2.085917785426269,False,False,True
all_nonUS,train,current_scale,DPLM.LSE,2011Q3,1.212074430382529,False,False,False
all_nonUS,train,current_scale,DPLM.LSE,2011Q4,1.0096386072651935,False,False,False
all_nonUS,train,current_scale,TNE.AU,2011Q4,2.5104894370428354,False,False,True
all_nonUS,train,current_scale,2330.TW,2012Q1,0.8635660842733985,False,False,False
all_nonUS,train,current_scale,TNE.AU,2012Q1,2.8780907827994837,False,False,True
all_nonUS,train,current_scale,TNE.AU,2012Q2,2.48350975499564,False,False,True
all_nonUS,train,current_scale,MTO.LSE,2012Q3,0.03938028715835373,False,True,False
all_nonUS,train,current_scale,MTO.LSE,2013Q1,,,,
all_nonUS,train,current_scale,600809.SHG,2013Q2,,,,
all_nonUS,train,current_scale,600809.SHG,2013Q3,,,,
all_nonUS,train,current_scale,ALFA.ST,2013Q3,,,,
all_nonUS,train,current_scale,600519.SHG,2013Q4,,,,
all_nonUS,train,current_scale,600809.SHG,2013Q4,,,,
all_nonUS,train,current_scale,600809.SHG,2014Q1,,,,
all_nonUS,train,current_scale,600519.SHG,2014Q3,,,,
all_nonUS,train,current_scale,ADDT-B.ST,2015Q1,,,,
all_nonUS,train,current_scale,2330.TW,2015Q2,,,,
all_nonUS,train,current_scale,ADDT-B.ST,2015Q2,,,,
all_nonUS,train,current_scale,2330.TW,2015Q3,,,,
all_nonUS,train,current_scale,3034.TW,2015Q3,,,,
all_nonUS,train,current_scale,600519.SHG,2015Q3,,,,
all_nonUS,train,current_scale,ADDT-B.ST,2015Q3,,,,
all_nonUS,train,current_scale,ROR.LSE,2015Q3,,,,
all_nonUS,train,combined,BNZL.LSE,2007Q2,-0.04107650195481727,True,False,False
all_nonUS,train,combined,BNZL.LSE,2007Q3,0.09309670980142193,False,False,False
all_nonUS,train,combined,RSW.LSE,2007Q3,0.5657265937001192,False,False,True
all_nonUS,train,combined,BNZL.LSE,2007Q4,0.011487384370373332,False,False,False
all_nonUS,train,combined,GRG.LSE,2008Q1,0.12473227166674028,False,True,False
all_nonUS,train,combined,RSW.LSE,2008Q1,1.0742715075024063,False,False,False
all_nonUS,train,combined,MTO.LSE,2008Q2,0.1647374081981996,False,True,False
all_nonUS,train,combined,RSW.LSE,2008Q2,1.3819212890369506,False,False,False
all_nonUS,train,combined,GRG.LSE,2008Q3,0.42181453858502627,False,False,False
all_nonUS,train,combined,HLMA.LSE,2008Q3,0.6096696140104005,False,False,False
all_nonUS,train,combined,MTO.LSE,2008Q3,0.13801774594688943,False,True,False
all_nonUS,train,combined,MTO.LSE,2008Q4,0.15582356196989777,False,True,False
all_nonUS,train,combined,BNZL.LSE,2009Q1,0.8075102267254899,False,False,False
all_nonUS,train,combined,HLMA.LSE,2009Q1,1.2607837210693802,False,False,False
all_nonUS,train,combined,MTO.LSE,2009Q1,0.48044755507728465,False,True,False
all_nonUS,train,combined,BAG.LSE,2009Q2,0.9022328409064388,False,False,False
all_nonUS,train,combined,BNZL.LSE,2009Q2,1.0369314181795874,False,False,False
all_nonUS,train,combined,HLMA.LSE,2009Q2,1.069186162494848,False,False,False
all_nonUS,train,combined,ROR.LSE,2009Q2,1.39571552025307,False,False,False
all_nonUS,train,combined,GDWN.LSE,2009Q3,0.3212810501220347,False,False,False
all_nonUS,train,combined,ARCAD.AS,2009Q4,0.24040570107831938,False,False,False
all_nonUS,train,combined,GDWN.LSE,2009Q4,0.8050355061239445,False,False,False
all_nonUS,train,combined,ARCAD.AS,2010Q1,0.5068600056705308,False,False,False
all_nonUS,train,combined,GDWN.LSE,2010Q1,0.9542325680835848,False,False,False
all_nonUS,train,combined,GDWN.LSE,2010Q2,0.9396870246889832,False,False,False
all_nonUS,train,combined,DPLM.LSE,2010Q4,1.3791069564530258,False,False,True
all_nonUS,train,combined,GDWN.LSE,2010Q4,1.7774445861254549,False,False,True
all_nonUS,train,combined,DPLM.LSE,2011Q1,1.1879920342737766,False,False,False
all_nonUS,train,combined,GDWN.LSE,2011Q1,2.085917785426269,False,False,True
all_nonUS,train,combined,ARCAD.AS,2011Q2,0.5879319984330951,False,False,False
all_nonUS,train,combined,DPLM.LSE,2011Q3,1.212074430382529,False,False,False
all_nonUS,train,combined,DPLM.LSE,2011Q4,1.0096386072651935,False,False,False
all_nonUS,train,combined,TNE.AU,2011Q4,2.5104894370428354,False,False,True
all_nonUS,train,combined,ARCAD.AS,2012Q1,1.0435084188888633,False,False,False
all_nonUS,train,combined,TNE.AU,2012Q1,2.8780907827994837,False,False,True
all_nonUS,train,combined,TNE.AU,2012Q2,2.48350975499564,False,False,True
all_nonUS,train,combined,MTO.LSE,2012Q3,0.03938028715835373,False,True,False
all_nonUS,train,combined,MTO.LSE,2013Q1,,,,
all_nonUS,train,combined,600809.SHG,2013Q2,,,,
all_nonUS,train,combined,600809.SHG,2013Q3,,,,
all_nonUS,train,combined,ALFA.ST,2013Q3,,,,
all_nonUS,train,combined,600519.SHG,2013Q4,,,,
all_nonUS,train,combined,600809.SHG,2013Q4,,,,
all_nonUS,train,combined,600809.SHG,2014Q1,,,,
all_nonUS,train,combined,SRP.LSE,2014Q1,,,,
all_nonUS,train,combined,600519.SHG,2014Q3,,,,
all_nonUS,train,combined,WEIR.LSE,2014Q3,,,,
all_nonUS,train,combined,MTO.LSE,2014Q4,,,,
all_nonUS,train,combined,WEIR.LSE,2014Q4,,,,
all_nonUS,train,combined,ADDT-B.ST,2015Q1,,,,
all_nonUS,train,combined,MTO.LSE,2015Q1,,,,
all_nonUS,train,combined,WEIR.LSE,2015Q1,,,,
all_nonUS,train,combined,2330.TW,2015Q2,,,,
all_nonUS,train,combined,ADDT-B.ST,2015Q2,,,,
all_nonUS,train,combined,REL.LSE,2015Q2,,,,
all_nonUS,train,combined,2330.TW,2015Q3,,,,
all_nonUS,train,combined,3034.TW,2015Q3,,,,
all_nonUS,train,combined,600519.SHG,2015Q3,,,,
all_nonUS,train,combined,ADDT-B.ST,2015Q3,,,,
all_nonUS,train,combined,ROR.LSE,2015Q3,,,,
all_nonUS,later,sbc_once,CCC.LSE,2017Q3,1.3874888880061524,False,False,True
all_nonUS,later,sbc_once,2330.TW,2018Q2,2.0232599841372623,False,False,False
all_nonUS,later,sbc_once,DNLM.LSE,2018Q3,1.659545307706583,False,False,True
all_nonUS,later,sbc_once,2330.TW,2018Q4,2.0745413526606864,False,False,False
all_nonUS,later,sbc_once,IPS.PA,2018Q4,1.1751938215427677,False,False,False
all_nonUS,later,sbc_once,IPS.PA,2019Q1,1.1624227932804891,False,False,False
all_nonUS,later,sbc_once,BOSS.XETRA,2019Q2,-0.12910750492638234,True,True,False
all_nonUS,later,sbc_once,PPT.AU,2019Q4,-0.29354094700509825,True,True,False
all_nonUS,later,sbc_once,IMI.LSE,2020Q1,1.1742263255296108,False,False,False
all_nonUS,later,sbc_once,RAND.AS,2020Q1,1.2677160596603207,False,False,False
all_nonUS,later,sbc_once,ATE.PA,2020Q2,0.9879802750336519,False,False,False
all_nonUS,later,sbc_once,ASHM.LSE,2020Q3,-0.48374502880805625,True,True,False
all_nonUS,later,sbc_once,ATE.PA,2020Q3,0.6326052426397057,False,False,False
all_nonUS,later,sbc_once,ASHM.LSE,2021Q1,-0.5066967951294075,True,True,False
all_nonUS,later,sbc_once,ASHM.LSE,2021Q2,-0.5677481145828946,True,True,False
all_nonUS,later,sbc_once,SDR.LSE,2021Q2,-0.39139177648882706,True,True,False
all_nonUS,later,sbc_once,SDR.LSE,2021Q3,-0.41988400373649815,True,True,False
all_nonUS,later,sbc_once,SDR.LSE,2021Q4,-0.4695923476310401,True,True,False
all_nonUS,later,sbc_once,SDR.LSE,2022Q1,-0.3640195262271312,True,True,False
all_nonUS,later,sbc_once,HWDN.LSE,2022Q2,0.41566251435753365,False,False,False
all_nonUS,later,sbc_once,SK.PA,2022Q2,-0.05208975657302117,True,True,False
all_nonUS,later,sbc_once,HWDN.LSE,2022Q3,0.6437847621406716,False,False,False
all_nonUS,later,sbc_once,SK.PA,2022Q3,0.08203737819708623,False,True,False
all_nonUS,later,sbc_once,HWDN.LSE,2022Q4,0.4316282269024949,False,False,False
all_nonUS,later,sbc_once,SK.PA,2022Q4,-0.3350963450117078,True,True,False
all_nonUS,later,sbc_once,SIQ.AU,2025Q1,,,,
all_nonUS,later,sbc_once,ATE.PA,2025Q2,,,,
all_nonUS,later,sbc_once,IPS.PA,2025Q2,,,,
all_nonUS,later,sbc_once,ATE.PA,2025Q3,,,,
all_nonUS,later,sbc_once,ATE.PA,2025Q4,,,,
all_nonUS,later,sbc_once,IPS.PA,2025Q4,,,,
all_nonUS,later,sbc_once,DSY.PA,2026Q1,,,,
all_nonUS,later,sbc_once,CAP.PA,2026Q2,,,,
all_nonUS,later,sbc_once,DSY.PA,2026Q2,,,,
all_nonUS,later,current_scale,2330.TW,2016Q1,0.7239118862195595,False,False,False
all_nonUS,later,current_scale,ADDT-B.ST,2016Q1,0.8406532086769762,False,False,False
all_nonUS,later,current_scale,2330.TW,2016Q2,0.5932666754287812,False,False,False
all_nonUS,later,current_scale,DNLM.LSE,2016Q2,0.1556700467915979,False,True,False
all_nonUS,later,current_scale,DNLM.LSE,2016Q3,-0.01953222995803494,True,True,False
all_nonUS,later,current_scale,DNLM.LSE,2016Q4,0.46459497046216414,False,False,False
all_nonUS,later,current_scale,JBH.AU,2017Q2,1.1440352558269007,False,False,False
all_nonUS,later,current_scale,CCC.LSE,2017Q3,1.3874888880061524,False,False,True
all_nonUS,later,current_scale,002236.SHE,2018Q3,,,,
all_nonUS,later,current_scale,JBH.AU,2018Q3,1.132446197810332,False,False,False
all_nonUS,later,current_scale,002236.SHE,2018Q4,1.1488704564552887,False,False,False
all_nonUS,later,current_scale,JBH.AU,2018Q4,1.6199260691122817,False,False,False
all_nonUS,later,current_scale,JBH.AU,2019Q1,1.475244065227019,False,False,False
all_nonUS,later,current_scale,JBH.AU,2019Q2,0.7406610147580357,False,False,False
all_nonUS,later,current_scale,CDA.AU,2019Q3,0.07603724328716144,False,True,False
all_nonUS,later,current_scale,002236.SHE,2020Q1,0.43102676114842,False,True,False
all_nonUS,later,current_scale,2379.TW,2020Q1,1.093031091234463,False,False,False
all_nonUS,later,current_scale,3008.TW,2020Q1,-0.34487487267980066,True,True,False
all_nonUS,later,current_scale,3034.TW,2020Q1,2.1875813810842697,False,False,True
all_nonUS,later,current_scale,CCC.LSE,2020Q1,0.559187806022795,False,True,False
all_nonUS,later,current_scale,IMI.LSE,2020Q1,1.1742263255296108,False,False,False
all_nonUS,later,current_scale,JD.LSE,2020Q1,1.1016778368142641,False,False,False
all_nonUS,later,current_scale,002236.SHE,2020Q2,0.02986308968907081,False,True,False
all_nonUS,later,current_scale,ALFA.ST,2020Q2,1.0351358923226814,False,False,False
all_nonUS,later,current_scale,ATE.PA,2020Q2,0.9879802750336519,False,False,False
all_nonUS,later,current_scale,HWDN.LSE,2020Q2,0.16051360593125086,False,True,False
all_nonUS,later,current_scale,002236.SHE,2020Q3,,,,
all_nonUS,later,current_scale,ALFA.ST,2020Q3,1.045171453191751,False,False,False
all_nonUS,later,current_scale,ATE.PA,2020Q3,0.6326052426397057,False,False,False
all_nonUS,later,current_scale,002236.SHE,2020Q4,-0.04343302639490343,True,True,False
all_nonUS,later,current_scale,002236.SHE,2021Q2,-0.20629260238361935,True,True,False
all_nonUS,later,current_scale,2379.TW,2022Q2,0.953016849500145,False,False,False
all_nonUS,later,current_scale,DNLM.LSE,2022Q2,0.43089021723498333,False,False,False
all_nonUS,later,current_scale,PGHN.SW,2022Q2,0.3486524896642904,False,False,False
all_nonUS,later,current_scale,PGHN.SW,2022Q3,0.4130474969632605,False,True,False
all_nonUS,later,current_scale,PGHN.SW,2022Q4,0.3209507019869817,False,True,False
all_nonUS,later,current_scale,2379.TW,2023Q1,0.44946855557393306,False,False,False
all_nonUS,later,current_scale,DNLM.LSE,2023Q1,-0.2857203866357282,True,True,False
all_nonUS,later,current_scale,2379.TW,2023Q2,1.3692640964081497,False,False,False
all_nonUS,later,current_scale,DNLM.LSE,2023Q2,-0.29623845766420276,True,True,False
all_nonUS,later,current_scale,KNIN.SW,2023Q2,-0.15962361065075326,True,True,False
all_nonUS,later,current_scale,RS1.LSE,2023Q2,-0.23407702275123332,True,True,False
all_nonUS,later,current_scale,DNLM.LSE,2023Q3,-0.22698733838105944,True,True,False
all_nonUS,later,current_scale,KNIN.SW,2023Q3,-0.04649845155519439,True,True,False
all_nonUS,later,current_scale,RS1.LSE,2023Q3,0.09879935754795177,False,True,False
all_nonUS,later,current_scale,DNLM.LSE,2023Q4,,,,
all_nonUS,later,current_scale,000858.SHE,2024Q1,,,,
all_nonUS,later,current_scale,300628.SHE,2024Q1,,,,
all_nonUS,later,current_scale,ANDR.VI,2024Q1,,,,
all_nonUS,later,current_scale,MELE.BR,2024Q1,,,,
all_nonUS,later,current_scale,RS1.LSE,2024Q1,,,,
all_nonUS,later,current_scale,ANDR.VI,2024Q2,,,,
all_nonUS,later,current_scale,000568.SHE,2024Q4,,,,
all_nonUS,later,current_scale,000858.SHE,2024Q4,,,,
all_nonUS,later,current_scale,000568.SHE,2025Q1,,,,
all_nonUS,later,current_scale,ANDR.VI,2025Q1,,,,
all_nonUS,later,current_scale,000596.SHE,2025Q2,,,,
all_nonUS,later,current_scale,600809.SHG,2025Q2,,,,
all_nonUS,later,current_scale,000596.SHE,2025Q4,,,,
all_nonUS,later,current_scale,600809.SHG,2025Q4,,,,
all_nonUS,later,current_scale,300760.SHE,2026Q1,,,,
all_nonUS,later,current_scale,600809.SHG,2026Q1,,,,
all_nonUS,later,current_scale,000538.SHE,2026Q2,,,,
all_nonUS,later,current_scale,600519.SHG,2026Q2,,,,
all_nonUS,later,combined,2330.TW,2016Q1,0.7239118862195595,False,False,False
all_nonUS,later,combined,ADDT-B.ST,2016Q1,0.8406532086769762,False,False,False
all_nonUS,later,combined,2330.TW,2016Q2,0.5932666754287812,False,False,False
all_nonUS,later,combined,DNLM.LSE,2016Q2,0.1556700467915979,False,True,False
all_nonUS,later,combined,DNLM.LSE,2016Q3,-0.01953222995803494,True,True,False
all_nonUS,later,combined,DNLM.LSE,2016Q4,0.46459497046216414,False,False,False
all_nonUS,later,combined,JBH.AU,2017Q2,1.1440352558269007,False,False,False
all_nonUS,later,combined,CCC.LSE,2017Q3,1.3874888880061524,False,False,True
all_nonUS,later,combined,2330.TW,2018Q2,2.0232599841372623,False,False,False
all_nonUS,later,combined,002236.SHE,2018Q3,,,,
all_nonUS,later,combined,DNLM.LSE,2018Q3,1.659545307706583,False,False,True
all_nonUS,later,combined,JBH.AU,2018Q3,1.132446197810332,False,False,False
all_nonUS,later,combined,002236.SHE,2018Q4,1.1488704564552887,False,False,False
all_nonUS,later,combined,2330.TW,2018Q4,2.0745413526606864,False,False,False
all_nonUS,later,combined,IPS.PA,2018Q4,1.1751938215427677,False,False,False
all_nonUS,later,combined,JBH.AU,2018Q4,1.6199260691122817,False,False,False
all_nonUS,later,combined,IPS.PA,2019Q1,1.1624227932804891,False,False,False
all_nonUS,later,combined,JBH.AU,2019Q1,1.475244065227019,False,False,False
all_nonUS,later,combined,BOSS.XETRA,2019Q2,-0.12910750492638234,True,True,False
all_nonUS,later,combined,JBH.AU,2019Q2,0.7406610147580357,False,False,False
all_nonUS,later,combined,CDA.AU,2019Q3,0.07603724328716144,False,True,False
all_nonUS,later,combined,IMI.LSE,2019Q3,0.1752020418835507,False,False,False
all_nonUS,later,combined,PPT.AU,2019Q4,-0.29354094700509825,True,True,False
all_nonUS,later,combined,002236.SHE,2020Q1,0.43102676114842,False,True,False
all_nonUS,later,combined,2379.TW,2020Q1,1.093031091234463,False,False,False
all_nonUS,later,combined,3008.TW,2020Q1,-0.34487487267980066,True,True,False
all_nonUS,later,combined,3034.TW,2020Q1,2.1875813810842697,False,False,True
all_nonUS,later,combined,CCC.LSE,2020Q1,0.559187806022795,False,True,False
all_nonUS,later,combined,IMI.LSE,2020Q1,1.1742263255296108,False,False,False
all_nonUS,later,combined,JD.LSE,2020Q1,1.1016778368142641,False,False,False
all_nonUS,later,combined,RAND.AS,2020Q1,1.2677160596603207,False,False,False
all_nonUS,later,combined,002236.SHE,2020Q2,0.02986308968907081,False,True,False
all_nonUS,later,combined,ALFA.ST,2020Q2,1.0351358923226814,False,False,False
all_nonUS,later,combined,ATE.PA,2020Q2,0.9879802750336519,False,False,False
all_nonUS,later,combined,CCC.LSE,2020Q2,0.38474074147399895,False,False,False
all_nonUS,later,combined,HWDN.LSE,2020Q2,0.16051360593125086,False,True,False
all_nonUS,later,combined,002236.SHE,2020Q3,,,,
all_nonUS,later,combined,ALFA.ST,2020Q3,1.045171453191751,False,False,False
all_nonUS,later,combined,ASHM.LSE,2020Q3,-0.48374502880805625,True,True,False
all_nonUS,later,combined,ATE.PA,2020Q3,0.6326052426397057,False,False,False
all_nonUS,later,combined,002236.SHE,2020Q4,-0.04343302639490343,True,True,False
all_nonUS,later,combined,ASHM.LSE,2021Q1,-0.5066967951294075,True,True,False
all_nonUS,later,combined,002236.SHE,2021Q2,-0.20629260238361935,True,True,False
all_nonUS,later,combined,ASHM.LSE,2021Q2,-0.5677481145828946,True,True,False
all_nonUS,later,combined,SDR.LSE,2021Q2,-0.39139177648882706,True,True,False
all_nonUS,later,combined,SDR.LSE,2021Q3,-0.41988400373649815,True,True,False
all_nonUS,later,combined,SDR.LSE,2021Q4,-0.4695923476310401,True,True,False
all_nonUS,later,combined,SDR.LSE,2022Q1,-0.3640195262271312,True,True,False
all_nonUS,later,combined,2379.TW,2022Q2,0.953016849500145,False,False,False
all_nonUS,later,combined,DNLM.LSE,2022Q2,0.43089021723498333,False,False,False
all_nonUS,later,combined,HWDN.LSE,2022Q2,0.41566251435753365,False,False,False
all_nonUS,later,combined,PGHN.SW,2022Q2,0.3486524896642904,False,False,False
all_nonUS,later,combined,SK.PA,2022Q2,-0.05208975657302117,True,True,False
all_nonUS,later,combined,HWDN.LSE,2022Q3,0.6437847621406716,False,False,False
all_nonUS,later,combined,PGHN.SW,2022Q3,0.4130474969632605,False,True,False
all_nonUS,later,combined,SK.PA,2022Q3,0.08203737819708623,False,True,False
all_nonUS,later,combined,HWDN.LSE,2022Q4,0.4316282269024949,False,False,False
all_nonUS,later,combined,PGHN.SW,2022Q4,0.3209507019869817,False,True,False
all_nonUS,later,combined,SK.PA,2022Q4,-0.3350963450117078,True,True,False
all_nonUS,later,combined,2379.TW,2023Q1,0.44946855557393306,False,False,False
all_nonUS,later,combined,DNLM.LSE,2023Q1,-0.2857203866357282,True,True,False
all_nonUS,later,combined,HWDN.LSE,2023Q1,0.14834979400453308,False,True,False
all_nonUS,later,combined,PGHN.SW,2023Q1,0.11612852430665588,False,True,False
all_nonUS,later,combined,2379.TW,2023Q2,1.3692640964081497,False,False,False
all_nonUS,later,combined,DNLM.LSE,2023Q2,-0.29623845766420276,True,True,False
all_nonUS,later,combined,KNIN.SW,2023Q2,-0.15962361065075326,True,True,False
all_nonUS,later,combined,RS1.LSE,2023Q2,-0.23407702275123332,True,True,False
all_nonUS,later,combined,DNLM.LSE,2023Q3,-0.22698733838105944,True,True,False
all_nonUS,later,combined,KNIN.SW,2023Q3,-0.04649845155519439,True,True,False
all_nonUS,later,combined,RS1.LSE,2023Q3,0.09879935754795177,False,True,False
all_nonUS,later,combined,DNLM.LSE,2023Q4,,,,
all_nonUS,later,combined,RS1.LSE,2023Q4,,,,
all_nonUS,later,combined,000858.SHE,2024Q1,,,,
all_nonUS,later,combined,300628.SHE,2024Q1,,,,
all_nonUS,later,combined,ANDR.VI,2024Q1,,,,
all_nonUS,later,combined,MELE.BR,2024Q1,,,,
all_nonUS,later,combined,RS1.LSE,2024Q1,,,,
all_nonUS,later,combined,ANDR.VI,2024Q2,,,,
all_nonUS,later,combined,MELE.BR,2024Q3,,,,
all_nonUS,later,combined,000568.SHE,2024Q4,,,,
all_nonUS,later,combined,000858.SHE,2024Q4,,,,
all_nonUS,later,combined,000568.SHE,2025Q1,,,,
all_nonUS,later,combined,ANDR.VI,2025Q1,,,,
all_nonUS,later,combined,SIQ.AU,2025Q1,,,,
all_nonUS,later,combined,000596.SHE,2025Q2,,,,
all_nonUS,later,combined,600809.SHG,2025Q2,,,,
all_nonUS,later,combined,ATE.PA,2025Q2,,,,
all_nonUS,later,combined,IPS.PA,2025Q2,,,,
all_nonUS,later,combined,ATE.PA,2025Q3,,,,
all_nonUS,later,combined,000596.SHE,2025Q4,,,,
all_nonUS,later,combined,600809.SHG,2025Q4,,,,
all_nonUS,later,combined,ATE.PA,2025Q4,,,,
all_nonUS,later,combined,IPS.PA,2025Q4,,,,
all_nonUS,later,combined,300760.SHE,2026Q1,,,,
all_nonUS,later,combined,600809.SHG,2026Q1,,,,
all_nonUS,later,combined,DSY.PA,2026Q1,,,,
all_nonUS,later,combined,600519.SHG,2026Q2,,,,
all_nonUS,later,combined,CAP.PA,2026Q2,,,,
all_nonUS,later,combined,DSY.PA,2026Q2,,,,
