scope,period,horizon,method,buy,n,median_return,negative
US,later,3,book_value,False,882,0.4339532836552701,0.13151927437641722
US,later,3,book_value,True,63,0.3439908040107078,0.20634920634920634
US,later,3,owner_earnings,False,8894,0.42028584935838664,0.18877895210254103
US,later,3,owner_earnings,True,89,0.41589973215095455,0.11235955056179775
US,later,5,book_value,False,642,0.7623284922476554,0.0514018691588785
US,later,5,book_value,True,52,0.6514241640545236,0.1346153846153846
US,later,5,owner_earnings,False,6340,0.7999473931965733,0.12381703470031545
US,later,5,owner_earnings,True,72,0.8534573217117735,0.1111111111111111
US,train,3,book_value,False,679,0.27686456295461115,0.3490427098674521
US,train,3,book_value,True,50,0.610758300112367,0.18
US,train,3,owner_earnings,False,5842,0.43356444346811784,0.20181444710715507
US,train,3,owner_earnings,True,109,0.5347977485238433,0.09174311926605505
US,train,5,book_value,False,483,0.33409709183222547,0.2815734989648033
US,train,5,book_value,True,18,0.3061632662426843,0.16666666666666666
US,train,5,owner_earnings,False,3938,0.7600109807914849,0.12544438801422042
US,train,5,owner_earnings,True,66,1.0062883167030583,0.015151515151515152
international,later,3,book_value,False,2875,0.3863963747132697,0.21495652173913044
international,later,3,book_value,True,368,0.402915598328328,0.1875
international,later,3,nav,False,14,0.8520766902242565,0.0
international,later,3,owner_earnings,False,18981,0.2503228194232854,0.30620093777988516
international,later,3,owner_earnings,True,169,0.3060526763967526,0.2958579881656805
international,later,5,book_value,False,2036,0.6736595033086027,0.15225933202357564
international,later,5,book_value,True,247,0.6985262706980631,0.145748987854251
international,later,5,owner_earnings,False,13127,0.41697333187535235,0.26639750133313017
international,later,5,owner_earnings,True,104,0.3737011814848338,0.3076923076923077
international,train,3,book_value,False,757,0.3048484434732399,0.3130779392338177
international,train,3,book_value,True,60,0.34069332113164197,0.15
international,train,3,owner_earnings,False,6270,0.37692957548593764,0.26443381180223285
international,train,3,owner_earnings,True,42,0.914420736829909,0.09523809523809523
international,train,5,book_value,False,417,0.41744332054888855,0.2853717026378897
international,train,5,book_value,True,32,0.6084271906597108,0.25
international,train,5,owner_earnings,False,3492,0.5533029834151973,0.2488545246277205
international,train,5,owner_earnings,True,27,1.375163453567101,0.0
