scope,period,contaminated,horizon,quarter,metric,n,spearman
all_nonUS,train,False,3,2008Q1,price_value,240,0.07851091164777164
all_nonUS,train,False,3,2008Q1,expected_return,231,-0.09414221460698223
all_nonUS,train,False,5,2008Q1,price_value,240,-0.12453775239153454
all_nonUS,train,False,5,2008Q1,expected_return,231,0.07634007671488932
all_nonUS,train,False,3,2008Q2,price_value,225,-0.04854298356510746
all_nonUS,train,False,3,2008Q2,expected_return,211,-0.022775641598855405
all_nonUS,train,False,5,2008Q2,price_value,225,-0.19810893383902237
all_nonUS,train,False,5,2008Q2,expected_return,211,0.10656225648624827
all_nonUS,train,False,3,2008Q3,price_value,221,0.1123250358544476
all_nonUS,train,False,3,2008Q3,expected_return,212,-0.11477305215537165
all_nonUS,train,False,5,2008Q3,price_value,221,-0.09199973317620375
all_nonUS,train,False,5,2008Q3,expected_return,212,0.06250306992630918
all_nonUS,train,False,3,2008Q4,price_value,217,0.01574618206757893
all_nonUS,train,False,3,2008Q4,expected_return,208,-0.02961093064067892
all_nonUS,train,False,5,2008Q4,price_value,217,-0.13014792579752626
all_nonUS,train,False,5,2008Q4,expected_return,208,0.09029033514159371
all_nonUS,train,False,3,2009Q1,price_value,218,-0.10623865952304698
all_nonUS,train,False,3,2009Q1,expected_return,209,0.09935459277564541
all_nonUS,train,False,5,2009Q1,price_value,218,-0.2319292232616674
all_nonUS,train,False,5,2009Q1,expected_return,209,0.19562805615437195
all_nonUS,train,False,3,2009Q2,price_value,217,0.00792006651728463
all_nonUS,train,False,3,2009Q2,expected_return,211,-0.02526922241667838
all_nonUS,train,False,5,2009Q2,price_value,217,-0.19161652033803558
all_nonUS,train,False,5,2009Q2,expected_return,211,0.1399662753413983
all_nonUS,train,False,3,2009Q4,price_value,223,-0.06156937687206745
all_nonUS,train,False,3,2009Q4,expected_return,217,0.047574420909727216
all_nonUS,train,False,5,2009Q4,price_value,223,-0.09267599598317086
all_nonUS,train,False,5,2009Q4,expected_return,217,0.09205315745712314
all_nonUS,train,False,3,2010Q1,price_value,223,-0.035462151773810964
all_nonUS,train,False,3,2010Q1,expected_return,217,0.0163826998689384
all_nonUS,train,False,5,2010Q1,price_value,223,-0.03113042574925983
all_nonUS,train,False,5,2010Q1,expected_return,217,0.027041437073991086
all_nonUS,train,False,3,2010Q2,price_value,292,-0.052501695398877835
all_nonUS,train,False,3,2010Q2,expected_return,281,-0.0017636751073564882
all_nonUS,train,False,5,2010Q2,price_value,292,0.03254828452624988
all_nonUS,train,False,5,2010Q2,expected_return,281,-0.09092310354898374
all_nonUS,train,False,3,2010Q4,price_value,305,-0.18053426720127222
all_nonUS,train,False,3,2010Q4,expected_return,290,0.12685369582893066
all_nonUS,train,False,5,2010Q4,price_value,305,-0.12492006293457848
all_nonUS,train,False,5,2010Q4,expected_return,290,0.053023468645943136
all_nonUS,train,False,3,2011Q1,price_value,306,-0.19781548480546546
all_nonUS,train,False,3,2011Q1,expected_return,292,0.155152494320956
all_nonUS,train,False,3,2011Q2,price_value,371,-0.19137654305031054
all_nonUS,train,False,3,2011Q2,expected_return,355,0.15629862002122072
all_nonUS,train,False,3,2011Q4,price_value,381,-0.11684982956628906
all_nonUS,train,False,3,2011Q4,expected_return,360,0.04058261766423094
all_nonUS,train,False,3,2012Q1,price_value,489,-0.040973446604831223
all_nonUS,train,False,3,2012Q1,expected_return,474,-0.020703829582251723
all_nonUS,train,False,3,2012Q2,price_value,454,-0.10591185516062254
all_nonUS,train,False,3,2012Q2,expected_return,437,0.04948868474687602
all_nonUS,train,False,3,2012Q4,price_value,463,-0.06095394141867663
all_nonUS,train,False,3,2012Q4,expected_return,455,0.0018382961809810872
all_nonUS,later,False,3,2016Q1,price_value,677,-0.043860856829113656
all_nonUS,later,False,3,2016Q1,expected_return,664,0.07077867559215882
all_nonUS,later,False,5,2016Q1,price_value,676,0.048312614048325896
all_nonUS,later,False,5,2016Q1,expected_return,663,-0.019773713036865165
all_nonUS,later,False,3,2016Q2,price_value,652,-0.03562127685864771
all_nonUS,later,False,3,2016Q2,expected_return,639,0.05255194426703775
all_nonUS,later,False,5,2016Q2,price_value,651,0.0740629329111419
all_nonUS,later,False,5,2016Q2,expected_return,638,-0.0349532064400182
all_nonUS,later,False,3,2016Q4,price_value,645,0.06882241588030028
all_nonUS,later,False,3,2016Q4,expected_return,633,-0.021976443265282468
all_nonUS,later,False,5,2016Q4,price_value,645,0.11987362983083713
all_nonUS,later,False,5,2016Q4,expected_return,633,-0.09399340688486935
all_nonUS,later,False,3,2017Q1,price_value,646,0.11851708339347197
all_nonUS,later,False,3,2017Q1,expected_return,635,-0.05264759737304724
all_nonUS,later,False,5,2017Q1,price_value,646,0.1049053864137866
all_nonUS,later,False,5,2017Q1,expected_return,635,-0.04387318527627948
all_nonUS,later,False,3,2017Q2,price_value,683,0.17124725744193933
all_nonUS,later,False,3,2017Q2,expected_return,670,-0.11207841753320637
all_nonUS,later,False,5,2017Q2,price_value,683,0.13744630981454442
all_nonUS,later,False,5,2017Q2,expected_return,670,-0.10757717563898378
all_nonUS,later,False,3,2017Q4,price_value,676,0.1815477844883594
all_nonUS,later,False,3,2017Q4,expected_return,659,-0.12524264037721416
all_nonUS,later,False,5,2017Q4,price_value,676,0.10441777692317403
all_nonUS,later,False,5,2017Q4,expected_return,659,-0.0821933523394837
all_nonUS,later,False,3,2018Q1,price_value,676,0.1574501553091787
all_nonUS,later,False,3,2018Q1,expected_return,660,-0.10920319145075241
all_nonUS,later,False,5,2018Q1,price_value,676,0.14763116611293362
all_nonUS,later,False,5,2018Q1,expected_return,660,-0.12390297089134673
all_nonUS,later,False,3,2018Q2,price_value,742,0.1788210052446534
all_nonUS,later,False,3,2018Q2,expected_return,727,-0.14601635703298826
all_nonUS,later,False,5,2018Q2,price_value,742,0.09118732873846806
all_nonUS,later,False,5,2018Q2,expected_return,727,-0.07923219708889336
all_nonUS,later,False,3,2018Q4,price_value,746,0.14236103418297402
all_nonUS,later,False,3,2018Q4,expected_return,728,-0.14301872093836523
all_nonUS,later,False,5,2018Q4,price_value,746,0.09260198575398089
all_nonUS,later,False,5,2018Q4,expected_return,728,-0.08220588876200581
all_nonUS,later,False,3,2019Q1,price_value,746,0.1601797657911275
all_nonUS,later,False,3,2019Q1,expected_return,730,-0.14679114516596892
all_nonUS,later,False,5,2019Q1,price_value,746,0.051599383842656
all_nonUS,later,False,5,2019Q1,expected_return,730,-0.04378365595198339
all_nonUS,later,False,3,2019Q2,price_value,758,0.11360332372736352
all_nonUS,later,False,3,2019Q2,expected_return,743,-0.1288387321644642
all_nonUS,later,False,5,2019Q2,price_value,758,-0.03514020431827374
all_nonUS,later,False,5,2019Q2,expected_return,743,0.018515755312248482
all_nonUS,later,False,3,2019Q4,price_value,756,0.031016945316157084
all_nonUS,later,False,3,2019Q4,expected_return,737,-0.0522927500827574
all_nonUS,later,False,5,2019Q4,price_value,756,-0.12356168108134304
all_nonUS,later,False,5,2019Q4,expected_return,737,0.10564224349794472
all_nonUS,later,False,3,2020Q1,price_value,801,-0.12034385011254634
all_nonUS,later,False,3,2020Q1,expected_return,770,0.10829628463446898
all_nonUS,later,False,5,2020Q1,price_value,801,-0.26607668562675707
all_nonUS,later,False,5,2020Q1,expected_return,770,0.2609627819330266
all_nonUS,later,False,3,2020Q2,price_value,746,-0.17545391816108377
all_nonUS,later,False,3,2020Q2,expected_return,721,0.18362365339240688
all_nonUS,later,False,5,2020Q2,price_value,746,-0.2843495615511689
all_nonUS,later,False,5,2020Q2,expected_return,721,0.29441979506858945
all_nonUS,later,False,3,2020Q4,price_value,706,-0.27737355600082075
all_nonUS,later,False,3,2020Q4,expected_return,674,0.28648529937865846
all_nonUS,later,False,5,2020Q4,price_value,706,-0.3240795417702735
all_nonUS,later,False,5,2020Q4,expected_return,674,0.3149025369749504
all_nonUS,later,False,3,2021Q1,price_value,706,-0.22991847201286766
all_nonUS,later,False,3,2021Q1,expected_return,676,0.24409854832150094
all_nonUS,later,False,5,2021Q1,price_value,706,-0.27630343030342186
all_nonUS,later,False,5,2021Q1,expected_return,676,0.2861161131867516
all_nonUS,later,False,3,2021Q2,price_value,740,-0.31028897995638255
all_nonUS,later,False,3,2021Q2,expected_return,716,0.295742622621527
all_nonUS,later,False,5,2021Q2,price_value,740,-0.29719249581082785
all_nonUS,later,False,5,2021Q2,expected_return,716,0.29670421217235526
all_nonUS,later,False,3,2021Q4,price_value,756,-0.30300617621079184
all_nonUS,later,False,3,2021Q4,expected_return,732,0.2843159858372913
all_nonUS,later,False,3,2022Q1,price_value,756,-0.2529964071969374
all_nonUS,later,False,3,2022Q1,expected_return,734,0.21801460525978497
all_nonUS,later,False,3,2022Q2,price_value,935,-0.2375850269728592
all_nonUS,later,False,3,2022Q2,expected_return,905,0.20796915441361052
all_nonUS,later,False,3,2022Q4,price_value,925,-0.21301522947311285
all_nonUS,later,False,3,2022Q4,expected_return,897,0.1962615252222576
all_nonUS,later,False,3,2023Q1,price_value,924,-0.23726844909943504
all_nonUS,later,False,3,2023Q1,expected_return,900,0.23239516220466727
all_nonUS,later,False,3,2023Q2,price_value,1018,-0.1874752524773741
all_nonUS,later,False,3,2023Q2,expected_return,980,0.1852728394912784
all_nonUS,train,False,3,2006Q2,price_value,132,0.13888120718172944
all_nonUS,train,False,3,2006Q2,expected_return,131,-0.18675599209950355
all_nonUS,train,False,5,2006Q2,price_value,132,0.13487396492619474
all_nonUS,train,False,5,2006Q2,expected_return,131,-0.20550365664869483
all_nonUS,train,False,3,2006Q4,price_value,165,0.1313493441615687
all_nonUS,train,False,3,2006Q4,expected_return,157,-0.24638269897481377
all_nonUS,train,False,5,2006Q4,price_value,165,0.12221302059679962
all_nonUS,train,False,5,2006Q4,expected_return,157,-0.22856132821463787
all_nonUS,train,False,3,2007Q1,price_value,166,0.2079832938613652
all_nonUS,train,False,3,2007Q1,expected_return,158,-0.26381779210446654
all_nonUS,train,False,5,2007Q1,price_value,166,0.14419276071699408
all_nonUS,train,False,5,2007Q1,expected_return,158,-0.18297916359249664
all_nonUS,train,False,3,2007Q2,price_value,188,0.18043116666395764
all_nonUS,train,False,3,2007Q2,expected_return,180,-0.2475734847783368
all_nonUS,train,False,5,2007Q2,price_value,188,0.13910425549974986
all_nonUS,train,False,5,2007Q2,expected_return,180,-0.22834449622930747
all_nonUS,train,False,3,2007Q4,price_value,189,-0.03402122327094332
all_nonUS,train,False,3,2007Q4,expected_return,175,-0.037460836017043496
all_nonUS,train,False,5,2007Q4,price_value,189,-0.1890755256936668
all_nonUS,train,False,5,2007Q4,expected_return,175,0.1040069995561065
all_nonUS,later,False,3,2020Q3,price_value,560,-0.317713476673805
all_nonUS,later,False,3,2020Q3,expected_return,545,0.2989613720207463
all_nonUS,later,False,5,2020Q3,price_value,560,-0.31522096234818536
all_nonUS,later,False,5,2020Q3,expected_return,545,0.3003344053809091
all_nonUS,later,False,3,2023Q3,price_value,819,-0.15471492945403137
all_nonUS,later,False,3,2023Q3,expected_return,788,0.13555653786426594
all_nonUS,later,False,3,2016Q3,price_value,529,0.044682675814751285
all_nonUS,later,False,3,2016Q3,expected_return,519,0.002652187128400889
all_nonUS,later,False,5,2016Q3,price_value,528,0.07998457907795996
all_nonUS,later,False,5,2016Q3,expected_return,518,-0.048024933243664594
all_nonUS,later,False,3,2018Q3,price_value,598,0.09276080403693499
all_nonUS,later,False,3,2018Q3,expected_return,586,-0.05181287887623337
all_nonUS,later,False,5,2018Q3,price_value,598,0.0026001162309837863
all_nonUS,later,False,5,2018Q3,expected_return,586,0.023358676391067514
all_nonUS,later,False,3,2019Q3,price_value,603,0.060791726829319555
all_nonUS,later,False,3,2019Q3,expected_return,592,-0.061684841563151675
all_nonUS,later,False,5,2019Q3,price_value,603,-0.050674111784699306
all_nonUS,later,False,5,2019Q3,expected_return,592,0.045729904270839034
all_nonUS,later,False,3,2021Q3,price_value,577,-0.20282568629449946
all_nonUS,later,False,3,2021Q3,expected_return,566,0.19377402266798432
all_nonUS,later,False,5,2021Q3,price_value,577,-0.30147577304956036
all_nonUS,later,False,5,2021Q3,expected_return,566,0.2861760636237637
all_nonUS,later,False,3,2022Q3,price_value,757,-0.1956719070307984
all_nonUS,later,False,3,2022Q3,expected_return,736,0.1752687819272597
all_nonUS,train,False,3,2011Q3,price_value,314,-0.11409907932567216
all_nonUS,train,False,3,2011Q3,expected_return,299,0.05530425804134587
all_nonUS,train,False,3,2012Q3,price_value,383,-0.062430368542643506
all_nonUS,train,False,3,2012Q3,expected_return,373,0.00875348763643578
all_nonUS,train,False,3,2009Q3,price_value,179,0.06878413156738433
all_nonUS,train,False,3,2009Q3,expected_return,175,-0.08787281683833408
all_nonUS,train,False,5,2009Q3,price_value,179,-0.06327077187035758
all_nonUS,train,False,5,2009Q3,expected_return,175,0.029742498880429916
all_nonUS,train,False,3,2010Q3,price_value,249,0.02417333851535173
all_nonUS,train,False,3,2010Q3,expected_return,239,-0.1046139376252593
all_nonUS,train,False,5,2010Q3,price_value,249,-0.07567819665759813
all_nonUS,train,False,5,2010Q3,expected_return,239,-0.002458598502162371
all_nonUS,later,False,3,2017Q3,price_value,548,0.12370709962499918
all_nonUS,later,False,3,2017Q3,expected_return,543,-0.06645465618420446
all_nonUS,later,False,5,2017Q3,price_value,548,0.019202065767589333
all_nonUS,later,False,5,2017Q3,expected_return,543,0.01816712861147088
all_nonUS,train,False,3,2007Q3,price_value,153,0.03464208649967164
all_nonUS,train,False,3,2007Q3,expected_return,148,-0.09173123267083
all_nonUS,train,False,5,2007Q3,price_value,153,0.02749520860975969
all_nonUS,train,False,5,2007Q3,expected_return,148,-0.07543209556632377
US,train,False,3,2007Q4,price_value,217,0.1349723079524796
US,train,False,3,2007Q4,expected_return,212,-0.15179609637494293
US,train,False,5,2007Q4,price_value,217,0.0722623862606106
US,train,False,5,2007Q4,expected_return,212,-0.08802284403730824
US,train,False,3,2008Q1,price_value,250,0.09052752844045504
US,train,False,3,2008Q1,expected_return,245,-0.10088254530129413
US,train,False,5,2008Q1,price_value,250,0.1476906830509288
US,train,False,5,2008Q1,expected_return,245,-0.14470217819084927
US,train,False,3,2008Q2,price_value,236,0.03766518918869569
US,train,False,3,2008Q2,expected_return,229,-0.047209537037962296
US,train,False,5,2008Q2,price_value,236,0.011723354042370598
US,train,False,5,2008Q2,expected_return,229,-0.006290408002158426
US,train,False,3,2008Q3,price_value,236,0.09206133283424704
US,train,False,3,2008Q3,expected_return,229,-0.08345709718333308
US,train,False,5,2008Q3,price_value,236,0.029807319221973185
US,train,False,5,2008Q3,expected_return,229,-0.04843665335221773
US,train,False,3,2008Q4,price_value,235,0.049905221596530644
US,train,False,3,2008Q4,expected_return,226,-0.026078775356386363
US,train,False,5,2008Q4,price_value,235,-0.019329246303642262
US,train,False,5,2008Q4,expected_return,226,0.015700492508414227
US,train,False,3,2009Q1,price_value,246,-0.10146607472849907
US,train,False,3,2009Q1,expected_return,231,0.10067368912946126
US,train,False,5,2009Q1,price_value,246,-0.13490426683164625
US,train,False,5,2009Q1,expected_return,231,0.12318678323176074
US,train,False,3,2009Q2,price_value,213,0.10413370719822372
US,train,False,3,2009Q2,expected_return,206,-0.08581920264116105
US,train,False,5,2009Q2,price_value,213,0.043051999175444125
US,train,False,5,2009Q2,expected_return,206,-0.0235116872063613
US,train,False,3,2009Q3,price_value,216,0.10026435180223627
US,train,False,3,2009Q3,expected_return,212,-0.09753678481321629
US,train,False,5,2009Q3,price_value,216,0.04294526012455494
US,train,False,5,2009Q3,expected_return,212,-0.026130591242805465
US,train,False,3,2009Q4,price_value,214,0.13009480486483344
US,train,False,3,2009Q4,expected_return,209,-0.09705951942794047
US,train,False,5,2009Q4,price_value,214,0.04280943211977801
US,train,False,5,2009Q4,expected_return,209,-0.013780955886219044
US,train,False,3,2010Q1,price_value,244,0.0869096150907236
US,train,False,3,2010Q1,expected_return,239,-0.06553127527161491
US,train,False,5,2010Q1,price_value,244,0.04576451102602546
US,train,False,5,2010Q1,expected_return,239,-0.03150205688970149
US,train,False,3,2010Q2,price_value,242,-0.04717657314161778
US,train,False,3,2010Q2,expected_return,237,0.05569818573213452
US,train,False,5,2010Q2,price_value,242,-0.07246402581496257
US,train,False,5,2010Q2,expected_return,237,0.07750888383673572
US,train,False,3,2010Q3,price_value,247,-0.07081994158063559
US,train,False,3,2010Q3,expected_return,243,0.07732651848141261
US,train,False,5,2010Q3,price_value,247,-0.08608016895109527
US,train,False,5,2010Q3,expected_return,243,0.09133395792123242
US,train,False,3,2010Q4,price_value,246,-0.10201018493701419
US,train,False,3,2010Q4,expected_return,242,0.09337308145224646
US,train,False,5,2010Q4,price_value,246,-0.10228828571025525
US,train,False,5,2010Q4,expected_return,242,0.10407950244714496
US,train,False,3,2011Q1,price_value,281,-0.04737314627524364
US,train,False,3,2011Q1,expected_return,275,0.04963099737457084
US,train,False,3,2011Q2,price_value,270,-0.03983441321402061
US,train,False,3,2011Q2,expected_return,263,0.037475955385861626
US,train,False,3,2011Q3,price_value,268,-0.23623123262597662
US,train,False,3,2011Q3,expected_return,257,0.1941205829789159
US,train,False,3,2011Q4,price_value,266,-0.1969389235225014
US,train,False,3,2011Q4,expected_return,257,0.18575383449461583
US,train,False,3,2012Q1,price_value,290,-0.061369789546064556
US,train,False,3,2012Q1,expected_return,282,0.08687089323281558
US,train,False,3,2012Q2,price_value,271,-0.22144019969611461
US,train,False,3,2012Q2,expected_return,262,0.18482450354656071
US,train,False,3,2012Q3,price_value,266,-0.11871219282040164
US,train,False,3,2012Q3,expected_return,257,0.09300134037643651
US,train,False,3,2012Q4,price_value,263,-0.04858595240419754
US,train,False,3,2012Q4,expected_return,257,0.053037479639851594
US,later,True,3,2016Q1,price_value,294,0.05073648595204844
US,later,True,3,2016Q1,expected_return,290,-0.04794965734956787
US,later,True,5,2016Q1,price_value,294,0.035760032016508805
US,later,True,5,2016Q1,expected_return,290,-0.04536181996386661
US,later,True,3,2016Q2,price_value,281,0.02783372454001665
US,later,True,3,2016Q2,expected_return,275,-0.06645567063846976
US,later,True,5,2016Q2,price_value,281,0.05125799089227573
US,later,True,5,2016Q2,expected_return,275,-0.09805602838925594
US,later,True,3,2016Q3,price_value,278,0.1633569120015505
US,later,True,3,2016Q3,expected_return,274,-0.15489415693795258
US,later,True,5,2016Q3,price_value,278,0.18072519974005655
US,later,True,5,2016Q3,expected_return,274,-0.1908727768581783
US,later,True,3,2016Q4,price_value,282,0.1665561227970712
US,later,True,3,2016Q4,expected_return,279,-0.15334460542165346
US,later,True,5,2016Q4,price_value,282,0.20116727905027343
US,later,True,5,2016Q4,expected_return,279,-0.19132988540043544
US,later,True,3,2017Q1,price_value,296,0.2944622588690385
US,later,True,3,2017Q1,expected_return,293,-0.2855540578158361
US,later,True,5,2017Q1,price_value,296,0.2436305334610419
US,later,True,5,2017Q1,expected_return,293,-0.25871377207858204
US,later,True,3,2017Q2,price_value,300,0.3132519250213891
US,later,True,3,2017Q2,expected_return,295,-0.3087934383486203
US,later,True,5,2017Q2,price_value,300,0.23106967855198388
US,later,True,5,2017Q2,expected_return,295,-0.24663266396007483
US,later,True,3,2017Q3,price_value,301,0.32982332621944516
US,later,True,3,2017Q3,expected_return,296,-0.32675429590850263
US,later,True,5,2017Q3,price_value,301,0.22872808079030169
US,later,True,5,2017Q3,expected_return,296,-0.23580355036896264
US,later,True,3,2017Q4,price_value,305,0.290737028202135
US,later,True,3,2017Q4,expected_return,298,-0.29662795908490935
US,later,True,5,2017Q4,price_value,305,0.18290531052800757
US,later,True,5,2017Q4,expected_return,298,-0.19267014068658478
US,later,True,3,2018Q1,price_value,316,0.1947351507787558
US,later,True,3,2018Q1,expected_return,311,-0.21763342455698023
US,later,True,5,2018Q1,price_value,316,0.11243670410703115
US,later,True,5,2018Q1,expected_return,311,-0.11090056090574708
US,later,True,3,2018Q2,price_value,313,0.16625158687794775
US,later,True,3,2018Q2,expected_return,307,-0.1784480448975563
US,later,True,5,2018Q2,price_value,313,0.07656617613679943
US,later,True,5,2018Q2,expected_return,307,-0.07914222840453919
US,later,True,3,2018Q3,price_value,313,0.11524373349529532
US,later,True,3,2018Q3,expected_return,307,-0.11626433220608351
US,later,True,5,2018Q3,price_value,313,0.052409236842805546
US,later,True,5,2018Q3,expected_return,307,-0.0394869229895097
US,later,True,3,2018Q4,price_value,318,0.039973926762264356
US,later,True,3,2018Q4,expected_return,309,-0.05100036199315872
US,later,True,5,2018Q4,price_value,318,-0.015194461965193397
US,later,True,5,2018Q4,expected_return,309,0.03402328958232497
US,later,True,3,2019Q1,price_value,334,0.06664895300162081
US,later,True,3,2019Q1,expected_return,330,-0.08537268478131112
US,later,True,5,2019Q1,price_value,334,0.04064883544729823
US,later,True,5,2019Q1,expected_return,330,-0.05390198924942127
US,later,True,3,2019Q2,price_value,322,-0.01226870268627565
US,later,True,3,2019Q2,expected_return,318,0.003939719217340213
US,later,True,5,2019Q2,price_value,322,-0.04955339564342172
US,later,True,5,2019Q2,expected_return,318,0.030063705343707153
US,later,True,3,2019Q3,price_value,320,-0.03468454281780096
US,later,True,3,2019Q3,expected_return,316,0.027098533379729724
US,later,True,5,2019Q3,price_value,320,-0.06704252482934404
US,later,True,5,2019Q3,expected_return,316,0.0428052321435702
US,later,True,3,2019Q4,price_value,314,-0.01922456371897775
US,later,True,3,2019Q4,expected_return,311,0.030475017600613875
US,later,True,5,2019Q4,price_value,314,-0.06482938793229588
US,later,True,5,2019Q4,expected_return,311,0.04284007831537588
US,later,True,3,2020Q1,price_value,333,-0.24484180450560947
US,later,True,3,2020Q1,expected_return,327,0.23171315140291607
US,later,True,5,2020Q1,price_value,333,-0.30668880409158894
US,later,True,5,2020Q1,expected_return,327,0.29459658698573815
US,later,True,3,2020Q2,price_value,315,-0.19005386561622958
US,later,True,3,2020Q2,expected_return,310,0.19179918289908693
US,later,True,5,2020Q2,price_value,315,-0.2630001190188242
US,later,True,5,2020Q2,expected_return,310,0.2479892207934761
US,later,True,3,2020Q3,price_value,304,-0.2583222990116096
US,later,True,3,2020Q3,expected_return,297,0.25076131471175217
US,later,True,5,2020Q3,price_value,304,-0.3424623480467115
US,later,True,5,2020Q3,expected_return,297,0.31081954943269624
US,later,True,3,2020Q4,price_value,301,-0.17569778442718534
US,later,True,3,2020Q4,expected_return,293,0.196146596498984
US,later,True,5,2020Q4,price_value,301,-0.29903060438714224
US,later,True,5,2020Q4,expected_return,293,0.2741015428021881
US,later,True,3,2021Q1,price_value,327,-0.03237400936512883
US,later,True,3,2021Q1,expected_return,319,0.057045164081923054
US,later,True,5,2021Q1,price_value,327,-0.1616864370365998
US,later,True,5,2021Q1,expected_return,319,0.14944403108217363
US,later,True,3,2021Q2,price_value,317,-0.05741144100072403
US,later,True,3,2021Q2,expected_return,311,0.07645711823701659
US,later,True,5,2021Q2,price_value,317,-0.20994191876764415
US,later,True,5,2021Q2,expected_return,311,0.1971886893316206
US,later,True,3,2021Q3,price_value,322,-0.10061874575532218
US,later,True,3,2021Q3,expected_return,315,0.1007594168845479
US,later,True,5,2021Q3,price_value,322,-0.24004600022177008
US,later,True,5,2021Q3,expected_return,315,0.225166338405071
US,later,True,3,2021Q4,price_value,331,-0.09118704976456223
US,later,True,3,2021Q4,expected_return,323,0.07204641969074638
US,later,True,3,2022Q1,price_value,371,-0.08785487513424216
US,later,True,3,2022Q1,expected_return,364,0.07389945048724625
US,later,True,3,2022Q2,price_value,360,-0.08872264960892187
US,later,True,3,2022Q2,expected_return,353,0.05410644836030153
US,later,True,3,2022Q3,price_value,354,-0.1420340741331844
US,later,True,3,2022Q3,expected_return,348,0.1087785994636799
US,later,True,3,2022Q4,price_value,345,-0.11087511762333649
US,later,True,3,2022Q4,expected_return,340,0.07559723445602777
US,later,True,3,2023Q1,price_value,369,-0.20454916740706774
US,later,True,3,2023Q1,expected_return,361,0.16544501990136748
US,later,True,3,2023Q2,price_value,345,-0.16187045944698036
US,later,True,3,2023Q2,expected_return,335,0.1332976903336185
US,later,True,3,2023Q3,price_value,347,-0.17253068673139565
US,later,True,3,2023Q3,expected_return,337,0.16515968053858945
Western_nonUS,train,False,3,2012Q1,price_value,361,-0.04310004438254694
Western_nonUS,train,False,3,2012Q1,expected_return,347,0.02179678430512052
Western_nonUS,train,False,3,2012Q2,price_value,352,-0.09849750501308574
Western_nonUS,train,False,3,2012Q2,expected_return,337,0.05558060405697931
Western_nonUS,train,False,3,2012Q3,price_value,357,-0.055985133366635215
Western_nonUS,train,False,3,2012Q3,expected_return,347,0.030772032151204633
Western_nonUS,train,False,3,2012Q4,price_value,356,-0.04481535611554322
Western_nonUS,train,False,3,2012Q4,expected_return,349,0.013108247349923071
Western_nonUS,later,False,3,2016Q1,price_value,474,0.021429941702008393
Western_nonUS,later,False,3,2016Q1,expected_return,465,-0.012589095179670308
Western_nonUS,later,False,5,2016Q1,price_value,474,0.0906647999290114
Western_nonUS,later,False,5,2016Q1,expected_return,465,-0.07351623406073511
Western_nonUS,later,False,3,2016Q2,price_value,464,0.0035890610397441834
Western_nonUS,later,False,3,2016Q2,expected_return,456,0.004816725520776533
Western_nonUS,later,False,5,2016Q2,price_value,464,0.10716598956844296
Western_nonUS,later,False,5,2016Q2,expected_return,456,-0.08860550072598289
Western_nonUS,later,False,3,2016Q3,price_value,457,0.060654458569095765
Western_nonUS,later,False,3,2016Q3,expected_return,449,-0.03892367150860034
Western_nonUS,later,False,5,2016Q3,price_value,457,0.13716972933609672
Western_nonUS,later,False,5,2016Q3,expected_return,449,-0.1148571050558268
Western_nonUS,later,False,3,2016Q4,price_value,460,0.10022752223905063
Western_nonUS,later,False,3,2016Q4,expected_return,453,-0.09077607069216628
Western_nonUS,later,False,5,2016Q4,price_value,460,0.1237412768244775
Western_nonUS,later,False,5,2016Q4,expected_return,453,-0.10708690172631932
Western_nonUS,later,False,3,2017Q1,price_value,460,0.15290912240277296
Western_nonUS,later,False,3,2017Q1,expected_return,452,-0.11099430270993903
Western_nonUS,later,False,5,2017Q1,price_value,460,0.10691252136681012
Western_nonUS,later,False,5,2017Q1,expected_return,452,-0.06937275491256935
Western_nonUS,later,False,3,2017Q2,price_value,486,0.17927889149972595
Western_nonUS,later,False,3,2017Q2,expected_return,480,-0.1446582884474325
Western_nonUS,later,False,5,2017Q2,price_value,486,0.09951732181951561
Western_nonUS,later,False,5,2017Q2,expected_return,480,-0.0813553878272041
Western_nonUS,later,False,3,2017Q3,price_value,483,0.16034476405460282
Western_nonUS,later,False,3,2017Q3,expected_return,479,-0.11759506265218314
Western_nonUS,later,False,5,2017Q3,price_value,483,0.06504592942032462
Western_nonUS,later,False,5,2017Q3,expected_return,479,-0.04380748890120112
Western_nonUS,later,False,3,2017Q4,price_value,481,0.14397639340585397
Western_nonUS,later,False,3,2017Q4,expected_return,474,-0.10288532099107996
Western_nonUS,later,False,5,2017Q4,price_value,481,0.06388769075491066
Western_nonUS,later,False,5,2017Q4,expected_return,474,-0.052156856669197296
Western_nonUS,later,False,3,2018Q1,price_value,480,0.13534574802842025
Western_nonUS,later,False,3,2018Q1,expected_return,473,-0.08685958988953113
Western_nonUS,later,False,5,2018Q1,price_value,480,0.1053383478226902
Western_nonUS,later,False,5,2018Q1,expected_return,473,-0.08285249659619048
Western_nonUS,later,False,3,2018Q2,price_value,512,0.13801010445634634
Western_nonUS,later,False,3,2018Q2,expected_return,504,-0.11269872514090379
Western_nonUS,later,False,5,2018Q2,price_value,512,0.05880425950721553
Western_nonUS,later,False,5,2018Q2,expected_return,504,-0.05350780746918772
Western_nonUS,later,False,3,2018Q3,price_value,516,0.13614933751653532
Western_nonUS,later,False,3,2018Q3,expected_return,505,-0.10633687592361722
Western_nonUS,later,False,5,2018Q3,price_value,516,0.050268736082257216
Western_nonUS,later,False,5,2018Q3,expected_return,505,-0.04719872608378851
Western_nonUS,later,False,3,2018Q4,price_value,523,0.08824074162618016
Western_nonUS,later,False,3,2018Q4,expected_return,512,-0.06747010906864831
Western_nonUS,later,False,5,2018Q4,price_value,523,0.04326630855021892
Western_nonUS,later,False,5,2018Q4,expected_return,512,-0.03636959739284708
Western_nonUS,later,False,3,2019Q1,price_value,523,0.10963973445093314
Western_nonUS,later,False,3,2019Q1,expected_return,512,-0.09842712421156731
Western_nonUS,later,False,5,2019Q1,price_value,523,0.03287210699672568
Western_nonUS,later,False,5,2019Q1,expected_return,512,-0.02705836308175385
Western_nonUS,later,False,3,2019Q2,price_value,518,0.10645498322290844
Western_nonUS,later,False,3,2019Q2,expected_return,510,-0.11157159189321338
Western_nonUS,later,False,5,2019Q2,price_value,518,0.021707759378402598
Western_nonUS,later,False,5,2019Q2,expected_return,510,-0.03304764346624676
Western_nonUS,later,False,3,2019Q3,price_value,516,0.10495350453075888
Western_nonUS,later,False,3,2019Q3,expected_return,507,-0.09789703808213014
Western_nonUS,later,False,5,2019Q3,price_value,516,0.023869930600713685
Western_nonUS,later,False,5,2019Q3,expected_return,507,-0.008539238523140879
Western_nonUS,later,False,3,2019Q4,price_value,521,0.03593935351827998
Western_nonUS,later,False,3,2019Q4,expected_return,514,-0.02450383357869736
Western_nonUS,later,False,5,2019Q4,price_value,521,-0.04878107970966531
Western_nonUS,later,False,5,2019Q4,expected_return,514,0.06043957585535475
Western_nonUS,later,False,3,2020Q1,price_value,527,-0.18599810049907817
Western_nonUS,later,False,3,2020Q1,expected_return,510,0.15847933920183788
Western_nonUS,later,False,5,2020Q1,price_value,527,-0.2477894361250182
Western_nonUS,later,False,5,2020Q1,expected_return,510,0.22796817410927014
Western_nonUS,later,False,3,2020Q2,price_value,501,-0.1898365818164468
Western_nonUS,later,False,3,2020Q2,expected_return,490,0.19471846407838753
Western_nonUS,later,False,5,2020Q2,price_value,501,-0.2347137438270869
Western_nonUS,later,False,5,2020Q2,expected_return,490,0.23377908825768015
Western_nonUS,later,False,3,2020Q3,price_value,469,-0.2967540134259729
Western_nonUS,later,False,3,2020Q3,expected_return,456,0.27769996056776236
Western_nonUS,later,False,5,2020Q3,price_value,469,-0.2858828373912528
Western_nonUS,later,False,5,2020Q3,expected_return,456,0.27357645524273333
Western_nonUS,later,False,3,2020Q4,price_value,457,-0.2034259082773296
Western_nonUS,later,False,3,2020Q4,expected_return,442,0.2091889514402016
Western_nonUS,later,False,5,2020Q4,price_value,457,-0.2667434282820369
Western_nonUS,later,False,5,2020Q4,expected_return,442,0.25250185175663326
Western_nonUS,later,False,3,2021Q1,price_value,457,-0.16086847411017968
Western_nonUS,later,False,3,2021Q1,expected_return,441,0.1809928929961109
Western_nonUS,later,False,5,2021Q1,price_value,457,-0.25477656234362484
Western_nonUS,later,False,5,2021Q1,expected_return,441,0.2543203384262916
Western_nonUS,later,False,3,2021Q2,price_value,468,-0.17105392397028432
Western_nonUS,later,False,3,2021Q2,expected_return,458,0.1851436327798265
Western_nonUS,later,False,5,2021Q2,price_value,468,-0.2800217562913718
Western_nonUS,later,False,5,2021Q2,expected_return,458,0.2712806449249743
Western_nonUS,later,False,3,2021Q3,price_value,484,-0.17552550542241263
Western_nonUS,later,False,3,2021Q3,expected_return,473,0.15966480892911494
Western_nonUS,later,False,5,2021Q3,price_value,484,-0.2855428260260989
Western_nonUS,later,False,5,2021Q3,expected_return,473,0.25823576317905816
Western_nonUS,later,False,3,2021Q4,price_value,488,-0.189543126829086
Western_nonUS,later,False,3,2021Q4,expected_return,478,0.1723050470213425
Western_nonUS,later,False,3,2022Q1,price_value,488,-0.17704209683078562
Western_nonUS,later,False,3,2022Q1,expected_return,479,0.160993636498633
Western_nonUS,later,False,3,2022Q2,price_value,561,-0.12975465501632552
Western_nonUS,later,False,3,2022Q2,expected_return,545,0.11598247488447744
Western_nonUS,later,False,3,2022Q3,price_value,554,-0.15268236816470604
Western_nonUS,later,False,3,2022Q3,expected_return,540,0.14025379602353463
Western_nonUS,later,False,3,2022Q4,price_value,550,-0.11653201558292153
Western_nonUS,later,False,3,2022Q4,expected_return,537,0.1015059299907972
Western_nonUS,later,False,3,2023Q1,price_value,549,-0.18839579231346615
Western_nonUS,later,False,3,2023Q1,expected_return,537,0.18460296434930454
Western_nonUS,later,False,3,2023Q2,price_value,547,-0.13679829558077197
Western_nonUS,later,False,3,2023Q2,expected_return,532,0.14263582411835837
Western_nonUS,later,False,3,2023Q3,price_value,535,-0.13378568148441872
Western_nonUS,later,False,3,2023Q3,expected_return,516,0.14333663414138123
Western_nonUS,train,False,3,2010Q2,price_value,220,0.07710001521443906
Western_nonUS,train,False,3,2010Q2,expected_return,212,-0.1241043686783133
Western_nonUS,train,False,5,2010Q2,price_value,220,-0.0432135149298727
Western_nonUS,train,False,5,2010Q2,expected_return,212,-0.0022871738163938475
Western_nonUS,train,False,3,2010Q3,price_value,233,0.05344030691818172
Western_nonUS,train,False,3,2010Q3,expected_return,224,-0.11642430066196885
Western_nonUS,train,False,5,2010Q3,price_value,233,-0.05748928935994202
Western_nonUS,train,False,5,2010Q3,expected_return,224,0.004657270980140936
Western_nonUS,train,False,3,2010Q4,price_value,236,-0.019066313045780513
Western_nonUS,train,False,3,2010Q4,expected_return,227,-0.03519509858033647
Western_nonUS,train,False,5,2010Q4,price_value,236,-0.06769801019779337
Western_nonUS,train,False,5,2010Q4,expected_return,227,0.02004230880503274
Western_nonUS,train,False,3,2011Q1,price_value,237,-0.05650545121089209
Western_nonUS,train,False,3,2011Q1,expected_return,228,0.0072726205024517135
Western_nonUS,train,False,3,2011Q2,price_value,278,-0.09387482444462503
Western_nonUS,train,False,3,2011Q2,expected_return,265,0.05196352803105534
Western_nonUS,train,False,3,2011Q3,price_value,288,-0.12637694963207666
Western_nonUS,train,False,3,2011Q3,expected_return,273,0.0890421300468531
Western_nonUS,train,False,3,2011Q4,price_value,289,-0.10148202282941575
Western_nonUS,train,False,3,2011Q4,expected_return,273,0.050214330538504
US,train,False,3,2005Q4,price_value,17,-0.28921568627450983
US,train,False,3,2005Q4,expected_return,17,0.3382352941176471
US,train,False,5,2005Q4,price_value,17,-0.03431372549019608
US,train,False,5,2005Q4,expected_return,17,0.12009803921568628
US,train,False,3,2006Q1,price_value,166,-0.042388388611604835
US,train,False,3,2006Q1,expected_return,163,0.03188576875543807
US,train,False,5,2006Q1,price_value,166,0.0232135947163723
US,train,False,5,2006Q1,expected_return,163,-0.0047771847861627905
US,train,False,3,2006Q2,price_value,186,0.0642485461951714
US,train,False,3,2006Q2,expected_return,183,-0.09600502847117245
US,train,False,5,2006Q2,price_value,186,0.0718685209351238
US,train,False,5,2006Q2,expected_return,183,-0.06652542040995356
US,train,False,3,2006Q3,price_value,208,0.10131458930085932
US,train,False,3,2006Q3,expected_return,204,-0.11833402831275487
US,train,False,5,2006Q3,price_value,208,0.1123495116630128
US,train,False,5,2006Q3,expected_return,204,-0.09673548140871151
US,train,False,3,2006Q4,price_value,213,0.08478893108252761
US,train,False,3,2006Q4,expected_return,209,-0.08986013986013987
US,train,False,5,2006Q4,price_value,213,0.15044046681783524
US,train,False,5,2006Q4,expected_return,209,-0.14017167043482834
US,train,False,3,2007Q1,price_value,235,0.03511054398180254
US,train,False,3,2007Q1,expected_return,231,-0.028415669214663614
US,train,False,5,2007Q1,price_value,235,0.09805634922836508
US,train,False,5,2007Q1,expected_return,231,-0.08574351275908879
US,train,False,3,2007Q2,price_value,221,0.1503552091787386
US,train,False,3,2007Q2,expected_return,217,-0.13142980789077352
US,train,False,5,2007Q2,price_value,221,0.16559418324124206
US,train,False,5,2007Q2,expected_return,217,-0.15537380605168385
US,train,False,3,2007Q3,price_value,217,0.13743030012636406
US,train,False,3,2007Q3,expected_return,213,-0.13215618876368773
US,train,False,5,2007Q3,price_value,217,0.15024990957219428
US,train,False,5,2007Q3,expected_return,213,-0.152742765888223
Western_nonUS,train,False,3,2005Q4,price_value,13,-0.21428571428571427
Western_nonUS,train,False,3,2005Q4,expected_return,13,0.17032967032967034
all_nonUS,train,False,3,2005Q4,price_value,13,-0.21428571428571427
all_nonUS,train,False,3,2005Q4,expected_return,13,0.17032967032967034
Western_nonUS,train,False,5,2005Q4,price_value,13,-0.25274725274725274
Western_nonUS,train,False,5,2005Q4,expected_return,13,0.21978021978021978
all_nonUS,train,False,5,2005Q4,price_value,13,-0.25274725274725274
all_nonUS,train,False,5,2005Q4,expected_return,13,0.21978021978021978
Western_nonUS,train,False,3,2006Q1,price_value,19,-0.27017543859649124
Western_nonUS,train,False,3,2006Q1,expected_return,19,0.26491228070175443
all_nonUS,train,False,3,2006Q1,price_value,19,-0.27017543859649124
all_nonUS,train,False,3,2006Q1,expected_return,19,0.26491228070175443
Western_nonUS,train,False,5,2006Q1,price_value,19,-0.29473684210526313
Western_nonUS,train,False,5,2006Q1,expected_return,19,0.30701754385964913
all_nonUS,train,False,5,2006Q1,price_value,19,-0.29473684210526313
all_nonUS,train,False,5,2006Q1,expected_return,19,0.30701754385964913
Western_nonUS,train,False,3,2006Q2,price_value,103,-0.10053595747484956
Western_nonUS,train,False,3,2006Q2,expected_return,102,0.09385867198941482
Western_nonUS,train,False,5,2006Q2,price_value,103,-0.08138206739006282
Western_nonUS,train,False,5,2006Q2,expected_return,102,0.032767697100949386
Western_nonUS,train,False,3,2006Q3,price_value,132,-0.046067632648588853
Western_nonUS,train,False,3,2006Q3,expected_return,129,-0.014311270125223617
all_nonUS,train,False,3,2006Q3,price_value,133,-0.036130012956407304
all_nonUS,train,False,3,2006Q3,expected_return,130,-0.006333556377937702
Western_nonUS,train,False,5,2006Q3,price_value,132,-0.0038246205381601115
Western_nonUS,train,False,5,2006Q3,expected_return,129,-0.06956059928443652
all_nonUS,train,False,5,2006Q3,price_value,133,0.004463329286581447
all_nonUS,train,False,5,2006Q3,expected_return,130,-0.06202187657895096
Western_nonUS,train,False,3,2006Q4,price_value,134,-0.02769361213980225
Western_nonUS,train,False,3,2006Q4,expected_return,128,-0.07728666910822193
Western_nonUS,train,False,5,2006Q4,price_value,134,0.00648137757328645
Western_nonUS,train,False,5,2006Q4,expected_return,128,-0.11082562717451015
Western_nonUS,train,False,3,2007Q1,price_value,135,0.015181464224799384
Western_nonUS,train,False,3,2007Q1,expected_return,130,-0.07888404866924305
Western_nonUS,train,False,5,2007Q1,price_value,135,0.043183644502573934
Western_nonUS,train,False,5,2007Q1,expected_return,130,-0.11302352892979556
Western_nonUS,train,False,3,2007Q2,price_value,145,0.05858919855140921
Western_nonUS,train,False,3,2007Q2,expected_return,141,-0.12114816558928033
Western_nonUS,train,False,5,2007Q2,price_value,145,0.08175090536923317
Western_nonUS,train,False,5,2007Q2,expected_return,141,-0.15873539106982318
Western_nonUS,train,False,3,2007Q3,price_value,149,0.018585162343551606
Western_nonUS,train,False,3,2007Q3,expected_return,144,-0.07827345068724378
Western_nonUS,train,False,5,2007Q3,price_value,149,0.025615817159441317
Western_nonUS,train,False,5,2007Q3,expected_return,144,-0.08097017924604133
Western_nonUS,train,False,3,2007Q4,price_value,148,-0.05750415529897793
Western_nonUS,train,False,3,2007Q4,expected_return,141,0.014861525388001775
Western_nonUS,train,False,5,2007Q4,price_value,148,-0.0943928451119247
Western_nonUS,train,False,5,2007Q4,expected_return,141,0.03176937344213198
Western_nonUS,train,False,3,2008Q1,price_value,172,-0.06162637404103079
Western_nonUS,train,False,3,2008Q1,expected_return,164,0.07658237318569504
Western_nonUS,train,False,5,2008Q1,price_value,172,-0.05790487780144001
Western_nonUS,train,False,5,2008Q1,expected_return,164,0.015352386652700882
Western_nonUS,train,False,3,2008Q2,price_value,170,-0.19467516685902017
Western_nonUS,train,False,3,2008Q2,expected_return,157,0.1397707750606243
Western_nonUS,train,False,5,2008Q2,price_value,170,-0.1773499184787587
Western_nonUS,train,False,5,2008Q2,expected_return,157,0.08106599519967253
Western_nonUS,train,False,3,2008Q3,price_value,170,-0.06710633178839895
Western_nonUS,train,False,3,2008Q3,expected_return,163,0.04671333011898626
Western_nonUS,train,False,5,2008Q3,price_value,170,-0.1553178107119522
Western_nonUS,train,False,5,2008Q3,expected_return,163,0.1317937719254493
Western_nonUS,train,False,3,2008Q4,price_value,167,-0.11344264998402506
Western_nonUS,train,False,3,2008Q4,expected_return,158,0.0873327968431253
Western_nonUS,train,False,5,2008Q4,price_value,167,-0.1984267265812609
Western_nonUS,train,False,5,2008Q4,expected_return,158,0.16261586134821307
Western_nonUS,train,False,3,2009Q1,price_value,168,-0.08931165564053636
Western_nonUS,train,False,3,2009Q1,expected_return,159,0.07117267733460712
Western_nonUS,train,False,5,2009Q1,price_value,168,-0.1585839310390209
Western_nonUS,train,False,5,2009Q1,expected_return,159,0.1268808215906377
Western_nonUS,train,False,3,2009Q2,price_value,167,0.06812279056345141
Western_nonUS,train,False,3,2009Q2,expected_return,161,-0.07982804232804235
Western_nonUS,train,False,5,2009Q2,price_value,167,-0.09733630845022521
Western_nonUS,train,False,5,2009Q2,expected_return,161,0.06869105129974697
Western_nonUS,train,False,3,2009Q3,price_value,170,0.070027662263909
Western_nonUS,train,False,3,2009Q3,expected_return,166,-0.07818273638921501
Western_nonUS,train,False,5,2009Q3,price_value,170,-0.04808348752144894
Western_nonUS,train,False,5,2009Q3,expected_return,166,0.034216342779938486
Western_nonUS,train,False,3,2009Q4,price_value,174,0.07965260969845382
Western_nonUS,train,False,3,2009Q4,expected_return,170,-0.09373294007730779
Western_nonUS,train,False,5,2009Q4,price_value,174,-0.005491044733619977
Western_nonUS,train,False,5,2009Q4,expected_return,170,-0.001383723841451872
Western_nonUS,train,False,3,2010Q1,price_value,174,0.12882257467467753
Western_nonUS,train,False,3,2010Q1,expected_return,170,-0.14675655375822083
Western_nonUS,train,False,5,2010Q1,price_value,174,0.016001594578433326
Western_nonUS,train,False,5,2010Q1,expected_return,170,-0.030352770195589917
Western_nonUS,train,False,3,2005Q3,price_value,1,
Western_nonUS,train,False,3,2005Q3,expected_return,1,
all_nonUS,train,False,3,2005Q3,price_value,1,
all_nonUS,train,False,3,2005Q3,expected_return,1,
Western_nonUS,train,False,5,2005Q3,price_value,1,
Western_nonUS,train,False,5,2005Q3,expected_return,1,
all_nonUS,train,False,5,2005Q3,price_value,1,
all_nonUS,train,False,5,2005Q3,expected_return,1,
