scope,period,variant,required,cagr_change_pp,drawdown_change_pp,performance_pass,not_loser_dominated,passes,missing_baseline,missing_candidate
US,train,sbc_once,True,0.21821050875832082,-0.6718697162586995,True,True,True,0,0
US,train,current_scale,True,3.682316022697396,4.33620229009668,True,True,True,0,0
US,train,ttm_maintenance,True,0.18759879973335725,2.3833786826698677,True,True,True,0,0
US,train,flow_inputs,True,0.0,0.0,True,True,True,0,0
US,train,parent_allocation,True,0.0,0.0,True,True,True,0,0
US,train,ocf_fallback,True,0.0,0.0,True,True,True,0,0
US,train,combined,True,2.790882534768979,4.706469855409667,True,True,True,0,0
US,later,sbc_once,False,-1.2799667971058026,4.593701953593577,False,True,False,0,0
US,later,current_scale,False,1.7522485386963993,10.070786584364344,True,True,True,0,0
US,later,ttm_maintenance,False,-0.01429939037314032,0.0,True,True,True,0,0
US,later,flow_inputs,False,0.0,0.0,True,True,True,0,0
US,later,parent_allocation,False,0.0,0.0,True,True,True,0,0
US,later,ocf_fallback,False,0.0,0.0,True,True,True,0,0
US,later,combined,False,0.9429112990737343,12.164965637074765,True,True,True,0,0
Western_nonUS,train,sbc_once,True,-0.7136908010316301,-0.8418005245430571,False,True,False,2,2
Western_nonUS,train,current_scale,True,2.6222101805906894,13.219898325564095,True,True,True,2,2
Western_nonUS,train,ttm_maintenance,True,0.36091991936848533,3.5063687553211875,True,True,True,2,2
Western_nonUS,train,flow_inputs,True,0.0,0.0,True,True,True,2,2
Western_nonUS,train,parent_allocation,True,0.0,0.0,True,True,True,2,2
Western_nonUS,train,ocf_fallback,True,0.0,0.0,True,True,True,2,2
Western_nonUS,train,combined,True,3.3059905909816334,14.879440438271342,True,True,True,2,2
Western_nonUS,later,sbc_once,True,-0.3986941376243003,0.620505994493481,False,True,False,0,0
Western_nonUS,later,current_scale,True,-1.6501162143240045,4.9633731742384395,False,True,False,0,0
Western_nonUS,later,ttm_maintenance,True,-0.08322090734902421,0.41273875373857294,True,True,True,0,0
Western_nonUS,later,flow_inputs,True,-0.22004762001122113,0.0,True,True,True,0,0
Western_nonUS,later,parent_allocation,True,0.0,0.0,True,True,True,0,0
Western_nonUS,later,ocf_fallback,True,-0.22004762001122113,0.0,True,True,True,0,0
Western_nonUS,later,combined,True,-2.0721966669125846,4.96337317423845,False,True,False,0,0
all_nonUS,train,sbc_once,True,-0.6129117246898241,-0.9004747105306965,False,True,False,44,44
all_nonUS,train,current_scale,True,2.3023221694244644,13.349269427551535,True,True,True,44,76
all_nonUS,train,ttm_maintenance,True,0.3281388057699619,2.9426296797131046,True,True,True,44,44
all_nonUS,train,flow_inputs,True,0.0,0.0,True,True,True,44,44
all_nonUS,train,parent_allocation,True,0.0,0.0,True,True,True,44,44
all_nonUS,train,ocf_fallback,True,0.0,0.0,True,True,True,44,44
all_nonUS,train,combined,True,3.0789623952844347,14.774530141228826,True,True,True,44,71
all_nonUS,later,sbc_once,True,-0.2948936813419234,-0.5353026631932378,False,True,False,417,419
all_nonUS,later,current_scale,True,0.02473770593383051,-1.34648213759333,True,True,True,417,518
all_nonUS,later,ttm_maintenance,True,0.0049045449102891325,0.0,True,True,True,417,417
all_nonUS,later,flow_inputs,True,0.03630205676978804,0.0,True,True,True,417,417
all_nonUS,later,parent_allocation,True,0.0,0.0,True,True,True,417,417
all_nonUS,later,ocf_fallback,True,0.03630205676978804,0.0,True,True,True,417,417
all_nonUS,later,combined,True,0.08897285120637033,-1.361225012003242,True,True,True,417,519
