id,approved,buy_before,buy_proposed,quality_before,quality_proposed,currency,value_before,value_proposed,buy_price_before,buy_price_proposed,quote,quote_date,expected_before,expected_proposed,filing_source,filing_date,released
ADBE.US,False,False,True,PPPPP,PPPPP,USD,242.69539330983005,445.7237976701895,206.29108431335553,378.86522801966106,238.12,2026-10-06,0.10135213636581308,0.15950708432946714,https://www.sec.gov/Archives/edgar/data/796343/000079634326000003/adbe-20251128.htm,2026-01-15,Complete live record preserved
INTU.US,False,False,True,PPFPP,PPPPP,USD,98.03352677643821,384.07994489680334,73.52514508232866,326.4679531622828,289.81,2026-10-06,0.0487363745485313,0.12337751034541322,https://www.sec.gov/Archives/edgar/data/896878/000089687826000037/intu-20260731.htm,2026-09-09,Complete live record preserved
NTES.US,False,False,True,PPPPP,PPPPP,USD,156.46621627946226,183.857662538855,101.70304058165047,156.27901315802674,119.07,2026-10-06,0.1316570128772575,0.15514569855621285,https://www.sec.gov/Archives/edgar/data/1110646/000110465926043468/ntes-20251231x20f.htm,2026-04-15,Complete live record preserved
BR.US,False,False,True,PPPPP,PPPPP,USD,188.43839958604175,231.41896917485943,122.48495973092714,196.7061237986305,158.66,2026-10-06,0.11258373729648186,0.13044141170571566,https://www.sec.gov/Archives/edgar/data/1383312/000162828026052243/br-20260630.htm,2026-08-04,Complete live record preserved
NVR.US,False,False,True,PPPPP,PPPPP,USD,5540.501459169892,7711.32321273106,4709.426240294408,6554.6247308214015,6046.6001,2026-10-06,0.0936396625230271,0.12105390348509448,https://www.sec.gov/Archives/edgar/data/906163/000090616326000018/nvr-20251231.htm,2026-02-11,Complete live record preserved
LDOS.US,False,False,True,PPPPP,PPPPP,USD,134.17179497642104,183.76508140776593,67.08589748821052,119.44730291504786,116.69,2026-10-06,0.11036138932033876,0.13932258707806622,https://www.sec.gov/Archives/edgar/data/1336920/000133692026000030/ldos-20260102.htm,2026-02-17,Complete live record preserved
SEIC.US,False,False,True,PPPPP,PPPPP,USD,98.14049514363879,123.09685966626039,83.41942087209297,104.63233071632132,102.86,2026-10-06,0.09684145697018723,0.11343805194480072,https://www.sec.gov/Archives/edgar/data/350894/000035089426000013/seic-20251231.htm,2026-02-23,Complete live record preserved
OSK.US,False,False,True,PPPPP,PPPPP,USD,154.3583671232148,187.89361463024315,115.7687753424111,140.92021097268236,132.13,2026-10-06,0.11173264003638217,0.12929810126681934,https://www.sec.gov/Archives/edgar/data/775158/000119312526054061/osk-20251231.htm,2026-02-17,Complete live record preserved
SSD.US,False,False,True,PPPPP,PPPPP,USD,151.38440736143252,209.96099177239,128.67674625721764,178.4668430065315,175.02,2026-10-06,0.09041562453464502,0.11396826869575338,https://www.sec.gov/Archives/edgar/data/920371/000162828026012920/ssd-20251231.htm,2026-02-27,Complete live record preserved
CRUS.US,False,False,True,PPPPP,PPPPP,USD,130.89527138572572,178.5823190751872,111.26098067786685,151.79497121390912,118.87,2026-10-06,0.1078216794263468,0.13818974616362334,https://www.sec.gov/Archives/edgar/data/772406/000077240626000018/crus-20260328.htm,2026-05-21,Complete live record preserved
EXP.US,False,False,True,PPPPP,PPPPP,USD,58.07663576861254,326.9589230570981,29.03831788430627,245.21919229282358,171.54,2026-10-06,0.05271747692697948,0.16143018091197836,https://www.sec.gov/Archives/edgar/data/918646/000119312526230979/exp-20260331.htm,2026-05-19,Complete live record preserved
TGS.US,False,False,True,PPPPP,PPPPP,USD,28.229585842069305,51.347793216258836,21.17218938155198,38.51084491219413,27.04,2026-10-06,0.1045421657183305,0.18930856974762278,https://www.sec.gov/Archives/edgar/data/931427/000114036126016167/ef20060824_20f.htm,2026-04-22,Complete live record preserved
FCN.US,False,False,True,PPPPP,PPPPP,USD,175.66271061057995,233.00942204046572,114.18076189687697,151.45612432630273,137.61,2026-10-06,0.11872782431702411,0.1463327321718439,https://www.sec.gov/Archives/edgar/data/887936/000088793626000013/fcn-20251231.htm,2026-02-26,Complete live record preserved
NTB.US,False,False,True,PPPPP,PPPPP,USD,,99.56210507795939,,64.7153683006736,58.81,2026-10-06,,0.12771780654851855,https://www.sec.gov/Archives/edgar/data/1653242/000165324226000006/ntb-20251231.htm,2026-02-18,Complete live record preserved
ITRN.US,False,False,True,PPPPP,PPPPP,USD,54.45870892641629,72.63212925022638,40.844031694812216,61.73730986269243,52.17,2026-10-06,0.10329885076925663,0.12832008869018063,https://www.sec.gov/Archives/edgar/data/1337117/000117891326002205/zk2635065.htm,2026-04-23,Complete live record preserved
CFG-PH.US,False,True,False,PPPPP,PFPPP,USD,58.86992384461899,58.167423876122506,38.26545049900234,37.80882551947963,25.34,2026-10-06,0.15292805658187686,0.15181913792600238,https://www.sec.gov/Archives/edgar/data/759944/000075994426000028/cfg-20251231.htm,2026-02-12,Complete live record preserved
259960.KO,False,False,True,PPPPP,PPPPP,KRW,238087.13898876405,433467.89828350284,178565.35424157305,325100.92371262715,200500,2026-10-06,0.12036090398689606,0.22974221839328746,,,Complete live record preserved
001800.KO,False,False,True,PFPPP,PPPPP,KRW,47907.39037855468,80378.20036248943,31139.80374606054,52245.83023561813,22700,2026-10-06,,,https://www.sec.gov/Archives/edgar/data/1402829/000140282926000011/orn-20251231x10k.htm,2026-03-04,Complete live record preserved
0700.HK,False,False,True,PPFPP,PPPPP,HKD,376.9356607552132,641.6148472583136,245.00817949088858,545.3726201695665,428.2,2026-10-06,0.09066647063136882,0.13768230292376454,,,Complete live record preserved
600519.SHG,False,False,True,PPPPP,PPPPP,CNY,1305.4874386753997,1673.6657356078197,1109.6643228740897,1422.6158752666468,1258.62,2026-09-30,0.10255730099687466,0.12238796487398995,,,Complete live record preserved
300760.SHE,False,False,True,PPPPP,PPPPP,CNY,150.82480678252676,200.25126076059044,128.20108576514775,170.21357164650186,161.32,2026-09-30,0.09521151706406905,0.11752842356344945,,,Complete live record preserved
000786.SHE,False,True,False,PPPPP,PFPPP,CNY,30.95762408939952,37.15105771359198,23.21821806704964,27.863293285193986,16.6,2026-09-30,0.16708652873958874,0.19538675090100976,,,Complete live record preserved
IPS.PA,False,True,False,PPPPP,PFPPP,EUR,52.94189844163409,68.71791254271335,39.706423831225564,51.53843440703501,35.78,2026-10-06,0.14192216688647724,0.18130921271519995,https://filings.xbrl.org/9695002OY2X35E9X8W87/2025-12-31/ESEF/FR/0/ipsos-2025-12-31-fr/reports/ipsos-2025-12-31-fr.xhtml,2026-04-21,Complete live record preserved
SIQ.AU,False,False,True,PPPPP,PPPPP,AUD,10.666141067056417,13.172968577834933,9.066219906997954,11.197023291159693,11.09,2026-10-06,0.09682355697898548,0.1154800368162735,,,Complete live record preserved
CURY3.SA,False,False,True,PPPPP,PPPPP,BRL,16.171121554374558,38.65857225599099,13.745453321218374,32.85978641759234,30.8,2026-10-06,0.09391684353791302,0.2077780811915393,,,Complete live record preserved
DNP.WAR,False,False,True,PPPPP,PPPPP,PLN,1.7592198822252203,40.07826634940544,1.4953368998914371,34.066526396994625,33.61,2026-10-06,0.033917567468279175,0.11631457933907241,https://filings.xbrl.org/259400H4L81SMPRTW956/2022-12-31/ESEF/PL/0/ESEF_SSF_Dino_Polska_2022-12-31-PL/reports/259400H4L81SMPRTW956-2022-12-31.xhtml,2023-05-02,Complete live record preserved
