scope,period,variant,new_buys,companies,observed,missing,losers,below_median,top_decile,companies_observed,companies_mean_negative
US,train,government_discount,430,93,291,139,38,112,37,74,15
US,train,economic_progress,287,44,250,37,10,98,17,41,0
US,train,combined,740,112,548,192,49,221,61,96,9
US,later,government_discount,496,107,383,113,54,160,33,88,10
US,later,economic_progress,46,13,22,24,3,11,1,9,2
US,later,combined,569,114,416,153,56,174,31,91,9
Western_nonUS,train,government_discount,171,39,101,70,14,35,3,27,4
Western_nonUS,train,economic_progress,85,16,72,13,20,45,1,14,2
Western_nonUS,train,combined,208,43,137,71,20,50,7,32,4
Western_nonUS,later,government_discount,226,66,160,66,36,65,14,53,14
Western_nonUS,later,economic_progress,50,14,33,17,6,12,0,9,3
Western_nonUS,later,combined,255,67,169,86,40,69,14,54,13
all_nonUS,train,government_discount,183,43,105,78,16,38,3,29,5
all_nonUS,train,economic_progress,96,18,80,16,24,50,1,15,2
all_nonUS,train,combined,220,47,141,79,22,52,8,34,5
all_nonUS,later,government_discount,245,71,168,77,39,73,15,55,15
all_nonUS,later,economic_progress,149,34,59,90,15,25,5,16,6
all_nonUS,later,combined,298,75,182,116,43,78,15,57,13
