id,source,quality_before,quality_after,value_mid_before,value_mid_after,margin_before,margin_after,price_before,price_after,buy_before,buy_after,buy_flip_held_by_continuity
000080.KO,method,PFFFP,PFFPP,7344.43391209502,7344.43391209502,0.5,0.5,fail,fail,False,False,False
000100.KO,method,FFFFP,FFFPP,30083.914664136555,30083.914664136555,0.5,0.5,fail,fail,False,False,False
000150.KO,method,FFFPP,FFFFP,,,0.35,0.35,,,False,False,False
000240.KO,method,PFPFP,PFPPP,60097.85740303736,60097.85740303736,0.25,0.25,pass,pass,False,False,False
000538.SHE,method,PPPFP,PPPPP,45.06354563693914,51.05419329278378,0.35,0.15,fail,unclear,False,False,False
0006.HK,method,FFFPP,FFFFP,42.89312621907982,42.89312621907982,0.5,0.5,fail,fail,False,False,False
000661.SHE,method,PPFFP,PPFPP,,,0.35,0.35,,,False,False,False
000720.KO,method,FFFFF,FFFPF,86067.09474973506,86067.09474973506,0.5,0.5,fail,fail,False,False,False
000938.SHE,method,PFFFP,PFFPP,11.926454431047734,11.926454431047734,0.5,0.5,fail,fail,False,False,False
000963.SHE,method,PPPFP,PPPPP,26.80325944226301,26.80325944226301,0.25,0.25,fail,fail,False,False,False
000999.SHE,method,PFPFP,PFPPP,48.982950214459834,48.982950214459834,0.25,0.25,pass,pass,False,False,False
001430.KO,method,FFFPP,FFFFP,31092.546572169424,31092.546572169424,0.5,0.5,fail,fail,False,False,False
001680.KO,method,PFFFP,PFFPP,41850.39947155549,41850.39947155549,0.5,0.5,pass,pass,False,False,False
002007.SHE,method,PFFFP,PFFPP,8.368196486731042,8.368196486731042,0.25,0.25,fail,fail,False,False,False
002180.SHE,method,FFFPP,FFFFP,3.926728941216432,3.926728941216432,0.5,0.5,fail,fail,False,False,False
002202.SHE,method,FFFPP,FFFFP,,,0.5,0.5,,,False,False,False
002304.SHE,method,PPFFF,PPFPF,49.53599167337122,49.53599167337122,0.35,0.35,,,False,False,False
002352.SHE,method,PFPFP,PFPPP,18.866232086595904,18.866232086595904,0.35,0.35,fail,fail,False,False,False
002380.KO,method,FFPFP,FFPPP,566074.691867995,566074.691867995,0.5,0.5,,,False,False,False
002410.SHE,method,FFFPP,FFFFP,5.746289098674938,5.746289098674938,0.5,0.5,fail,fail,False,False,False
002493.SHE,method,FFFPP,FFFFP,,,0.5,0.5,,,False,False,False
002603.SHE,method,FFPFP,FFPPP,10.136232725451274,10.136232725451274,0.5,0.5,fail,fail,False,False,False
0027.HK,method,FFFFP,FFFPP,21.47591042482466,21.47591042482466,0.5,0.5,fail,fail,False,False,False
002841.SHE,method,PFFFP,PFFPP,28.044530351955324,28.044530351955324,0.35,0.35,fail,fail,False,False,False
003090.KO,method,PFFFP,PFFPP,19909.128410350848,19909.128410350848,0.5,0.5,,,False,False,False
003670.KO,method,FFFPF,FFFFF,,,0.5,0.5,,,False,False,False
004000.KO,method,FFPFP,FFPPP,74029.06860975434,74029.06860975434,0.5,0.5,,,False,False,False
004370.KO,method,PFPFP,PFPPP,669421.0671922814,669421.0671922814,0.35,0.35,pass,pass,False,False,False
006400.KO,method,FFFPP,FFFFP,57612.10391355749,57612.10391355749,0.5,0.5,fail,fail,False,False,False
0066.HK,method,FFFFP,FFFPP,33.1103019859065,33.1103019859065,0.5,0.5,,,False,False,False
007340.KO,method,PFPFP,PFPPP,135485.6164182589,135485.6164182589,0.35,0.35,pass,pass,False,False,False
008730.KO,method,FFFPP,FFFFP,,,0.5,0.5,,,False,False,False
008930.KO,method,PFFFP,PFFPP,17833.386746888053,17833.386746888053,0.35,0.35,fail,fail,False,False,False
010130.KO,method,PFFPF,PFFFF,896432.3752217877,896432.3752217877,0.5,0.5,fail,fail,False,False,False
011210.KO,method,FFFFP,FFFPP,162002.57934775864,162002.57934775864,0.5,0.5,pass,pass,False,False,False
011780.KO,method,FFFFP,FFFPP,,,0.5,0.5,,,False,False,False
012330.KO,method,PFFFP,PFFPP,646830.1855325552,646830.1855325552,0.25,0.25,pass,pass,False,False,False
012750.KO,method,PPPFP,PPPPP,92855.63342700197,92855.63342700197,0.25,0.25,,,False,False,False
017670.KO,input/publication drift,FFFFP,FFFFP,88192.01814384785,88192.01814384785,0.5,0.5,fail,unclear,False,False,False
018260.KO,method,PPPFP,PPPPP,206502.87431888632,206502.87431888632,0.25,0.25,fail,fail,False,False,False
023530.KO,method,FFFFP,FFFPP,,,0.35,0.35,,,False,False,False
026960.KO,method,PFPFP,PFPPP,27952.925854690722,27952.925854690722,0.25,0.25,,,False,False,False
028050.KO,method,FFPFP,FFPPP,60439.78648705936,60439.78648705936,0.5,0.5,,,False,False,False
028670.KO,method,PFFFP,PFFPP,,2373.0326346587376,0.5,0.5,,fail,False,False,False
0288.HK,method,PFPFP,PFPPP,12.305736532579445,12.305736532579445,0.5,0.5,,,False,False,False
029780.KO,method,FFPFF,FFPPF,66368.0710377502,66368.0710377502,0.5,0.5,pass,pass,False,False,False
0316.HK,method,FFPFP,FFPPP,382.1050203252432,382.1050203252432,0.5,0.5,pass,pass,False,False,False
032640.KO,method,PFPFP,PFPPP,22460.876352840718,22460.876352840718,0.5,0.5,,,False,False,False
033780.KO,method,PFFFP,PFFPP,135988.98881584796,135988.98881584796,0.25,0.25,fail,fail,False,False,False
035420.KO,method,PFPFP,PFPPP,201516.8723837661,201516.8723837661,0.35,0.35,,,False,False,False
035720.KO,method,PPFFP,PPFPP,41666.29043521657,41666.29043521657,0.35,0.35,,,False,False,False
036460.KO,method,FFPFP,FFPPP,138346.6118654726,138346.6118654726,0.5,0.5,pass,pass,False,False,False
047810.KO,input/publication drift,FFFPF,FFFPF,,19417.56183119857,0.5,0.5,,fail,False,False,False
051600.KO,method,PFFFP,PFFPP,41880.985830577774,41880.985830577774,0.35,0.35,fail,fail,False,False,False
071050.KO,method,PFFFF,PFFPF,560204.1313515466,560204.1313515466,0.5,0.5,pass,pass,False,False,False
0762.HK,method,FFPFP,FFPPP,19.100950347902288,19.100950347902288,0.5,0.5,pass,pass,False,False,False
081660.KO,method,PFFPP,PFFFP,60122.64600793456,60122.64600793456,0.5,0.5,,,False,False,False
0881.HK,method,FFFFP,FFFPP,,,0.5,0.5,,,False,False,False
093050.KO,method,PFFFP,PFFPP,,,0.35,0.35,,,False,False,False
0941.HK,method,PFPFP,PFPPP,134.98254122920054,134.98254122920054,0.25,0.25,pass,pass,False,False,False
1099.HK,method,PPFFP,PPFPP,72.45437353526412,72.45437353526412,0.5,0.5,pass,pass,False,False,False
1109.HK,method,PFFFP,PFFPP,100.87178465356168,100.87178465356168,0.35,0.35,pass,pass,False,False,False
111770.KO,method,PFPFP,PFPPP,251496.5990254202,251496.5990254202,0.35,0.35,pass,pass,False,False,False
112610.KO,method,PFFPP,PFFFP,37127.86757486393,37127.86757486393,0.5,0.5,fail,fail,False,False,False
1177.HK,method,PPPFP,PPPPP,4.159316691747681,4.159316691747681,0.25,0.25,fail,fail,False,False,False
1303.TW,method,FFFPP,FFFFP,34.26544857051331,34.26544857051331,0.5,0.5,fail,fail,False,False,False
161390.KO,method,PFPFP,PFPPP,294363.22000987956,294363.22000987956,0.35,0.35,pass,pass,False,False,False
161890.KO,method,PPFFP,PPFPP,24124.485954598575,24124.485954598575,0.5,0.5,fail,fail,False,False,False
1803.JP,method,FFFPP,FFFFP,1591.0636478833655,1591.0636478833655,0.5,0.5,fail,fail,False,False,False
183190.KO,method,PFFFP,PFFPP,17662.722036998835,17662.722036998835,0.5,0.5,,,False,False,False
185750.KO,method,FFFFP,FFFPP,108172.91315580138,108172.91315580138,0.5,0.5,,,False,False,False
1963.JP,method,FFFPP,FFFFP,,,0.5,0.5,,,False,False,False
204320.KO,method,PFFFP,PFFPP,50619.32288616408,50619.32288616408,0.5,0.5,,,False,False,False
2412.TW,method,PFFPP,PFFFP,87.78995553211944,87.78995553211944,0.25,0.25,fail,fail,False,False,False
2432.JP,method,FFPFP,FFPPP,3474.1824177980184,3474.1824177980184,0.5,0.5,,,False,False,False
2615.TW,method,FFFFP,FFFPP,223.6338294694104,223.6338294694104,0.5,0.5,pass,pass,False,False,False
280360.KO,method,PFFFP,PFFPP,123020.44967469639,123020.44967469639,0.5,0.5,,,False,False,False
285130.KO,method,FFFFP,FFFPP,,,0.5,0.5,,,False,False,False
2912.TW,input/publication drift,PPFFP,PPFFP,,73.86650401270967,0.5,0.5,,fail,False,False,False
298020.KO,method,FFPFP,FFPPP,405515.60847615177,405515.60847615177,0.5,0.5,,,False,False,False
300015.SHE,method,PPFFP,PPFPP,5.583514181052277,5.583514181052277,0.25,0.25,fail,fail,False,False,False
300142.SHE,method,FFFFP,FFFPP,0.9724768725893056,0.9724768725893056,0.5,0.5,fail,fail,False,False,False
300661.SHE,method,FPFFP,FPFPP,28.18912892716676,28.18912892716676,0.5,0.5,fail,fail,False,False,False
300720.KO,method,PFFFP,PFFPP,15332.126000618671,15332.126000618671,0.5,0.5,fail,fail,False,False,False
3034.TW,input/publication drift,FPPPP,FPPPP,515.7142326117381,515.9602308200693,0.5,0.5,fail,fail,False,False,False
3231.TW,input/publication drift,FFFFF,FFFFF,243.6526767682862,243.66876783762189,0.5,0.5,,,False,False,False
3690.HK,method,FFFFP,FFFPP,,,0.5,0.5,,,False,False,False
3861.JP,method,PFFFP,PFFPP,678.5618119586194,678.5618119586194,0.5,0.5,fail,fail,False,False,False
4043.JP,method,PFFFP,PFFPP,3530.184099125349,3530.184099125349,0.5,0.5,fail,fail,False,False,False
4183.JP,method,PFFPP,PFFFP,620.6424541179455,620.6424541179455,0.5,0.5,fail,fail,False,False,False
4307.JP,method,PPFPP,PPFFP,1829.2183408263138,1829.2183408263138,0.25,0.25,fail,fail,False,False,False
4502.JP,method,FFPPP,FFPFP,3447.586884336396,3447.586884336396,0.5,0.5,fail,fail,False,False,False
4503.JP,method,FFPPP,FFPFP,1937.5570162687154,1937.5570162687154,0.5,0.5,fail,fail,False,False,False
4506.JP,method,FFFPP,FFFFP,1246.920236965604,1246.920236965604,0.5,0.5,fail,fail,False,False,False
5233.JP,method,PFFFP,PFFPP,3084.999737479499,3084.999737479499,0.5,0.5,fail,fail,False,False,False
5411.JP,method,FFPFP,FFPPP,7401.582178380125,7401.582178380125,0.5,0.5,pass,pass,False,False,False
5706.JP,method,FFPFP,FFPPP,21062.105860380394,21062.105860380394,0.5,0.5,pass,pass,False,False,False
5711.JP,method,FFFPP,FFFFP,3707.4791972403327,3707.4791972403327,0.5,0.5,fail,fail,False,False,False
600010.SHG,method,FFFFP,FFFPP,0.834696222252953,0.834696222252953,0.5,0.5,fail,fail,False,False,False
600011.SHG,method,FFFPP,FFFFP,,,0.5,0.5,,,False,False,False
600018.SHG,method,PFPFP,PFPPP,10.024549701224016,10.024549701224016,0.35,0.35,pass,pass,False,False,False
600019.SHG,method,FFPPP,FFPFP,5.798517894912768,5.798517894912768,0.5,0.5,fail,fail,False,False,False
600023.SHG,method,FFFFP,FFFPP,4.273414314493776,4.273414314493776,0.5,0.5,fail,fail,False,False,False
600050.SHG,method,FFFFP,FFFPP,2.911504512960309,2.911504512960309,0.5,0.5,fail,fail,False,False,False
600085.SHG,method,PPFFP,PPFPP,20.436672882356405,20.436672882356405,0.25,0.25,fail,fail,False,False,False
600332.SHG,method,PPFFP,PPFPP,41.185147278484635,41.185147278484635,0.35,0.35,pass,pass,False,False,False
600438.SHG,method,FFFPP,FFFFP,,,0.5,0.5,,,False,False,False
600741.SHG,method,PPFFP,PPFPP,40.25919024770413,40.25919024770413,0.25,0.25,pass,pass,False,False,False
600745.SHG,method,FFFPP,FFFFP,,,0.5,0.5,,,False,False,False
601012.SHG,method,FFFPP,FFFFP,10.382616398274441,10.382616398274441,0.5,0.5,fail,fail,False,False,False
601668.SHG,method,PFFFP,PFFPP,18.775846897685653,18.775846897685653,0.5,0.5,pass,pass,False,False,False
601699.SHG,method,FFPFP,FFPPP,22.74936792558289,22.74936792558289,0.5,0.5,,,False,False,False
601766.SHG,method,PFFFP,PFFPP,7.719060757615474,7.719060757615474,0.25,0.25,,,False,False,False
601808.SHG,method,FFPFP,FFPPP,9.462120377338243,9.462120377338243,0.5,0.5,fail,fail,False,False,False
601919.SHG,method,FFPFP,FFPPP,40.83023965807193,40.83023965807193,0.5,0.5,pass,pass,False,False,False
6103.JP,method,PFFPP,PFFFP,4040.2942023235114,4040.2942023235114,0.35,0.35,fail,fail,False,False,False
61L0.F,input/publication drift,PFPPP,PFPPP,5.703942072350123,5.742213699581938,0.25,0.25,fail,fail,False,False,False
6724.JP,method,PFPFP,PFPPP,3627.976487183002,3627.976487183002,0.35,0.35,fail,fail,False,False,False
6902.JP,method,FFPFP,FFPPP,2629.0011167534353,2629.0011167534353,0.5,0.5,fail,fail,False,False,False
6954.JP,method,PFFPP,PFFFP,3107.2247049429966,3107.2247049429966,0.25,0.25,fail,fail,False,False,False
6976.JP,method,FFFPP,FFFFP,,,0.5,0.5,,,False,False,False
7004.JP,method,PFFFP,PFFPP,1841.5249503949808,1841.5249503949808,0.5,0.5,fail,fail,False,False,False
7202.JP,method,PFFFP,PFFPP,3366.0746772189905,3366.0746772189905,0.25,0.25,pass,pass,False,False,False
7270.JP,method,FFFFP,FFFPP,6810.908255679254,6810.908255679254,0.5,0.5,pass,pass,False,False,False
7272.JP,method,PFFFP,PFFPP,,,0.35,0.35,,,False,False,False
7309.JP,method,PFFFP,PFFPP,13526.659806043408,13526.659806043408,0.35,0.35,fail,fail,False,False,False
7911.JP,method,PFFFP,PFFPP,4631.041251001178,4631.041251001178,0.25,0.25,pass,pass,False,False,False
8053.JP,method,FFPFP,FFPPP,7379.116107101216,7379.116107101216,0.5,0.5,pass,pass,False,False,False
8233.JP,method,FFFPP,FFFFP,1373.0653067598053,1373.0653067598053,0.5,0.5,fail,fail,False,False,False
8TRA.XETRA,input/publication drift,FFPPP,FFPPP,64.47760759210153,65.23979740572408,0.5,0.5,,,False,False,False
9001.JP,method,FFFFP,FFFPP,2397.1878408036173,2397.1878408036173,0.5,0.5,fail,fail,False,False,False
9005.JP,method,FFFFP,FFFPP,2048.7890298359725,2048.7890298359725,0.5,0.5,,,False,False,False
9007.JP,method,FFFFP,FFFPP,865.3644129257412,865.3644129257412,0.5,0.5,fail,fail,False,False,False
9008.JP,method,FFFPP,FFFFP,910.9713350231671,910.9713350231671,0.5,0.5,fail,fail,False,False,False
9022.JP,method,FFFFP,FFFPP,6658.786653814487,6658.786653814487,0.5,0.5,,,False,False,False
9064.JP,method,FFFFP,FFFPP,2479.3376481689756,2479.3376481689756,0.5,0.5,fail,fail,False,False,False
9432.JP,method,PFFFP,PFFPP,144.52198556530948,144.52198556530948,0.25,0.25,fail,fail,False,False,False
9501.JP,method,FFFFP,FFFPP,,,0.5,0.5,,,False,False,False
9502.JP,method,FFFFP,FFFPP,1777.8314377492804,1777.8314377492804,0.5,0.5,fail,fail,False,False,False
9843.JP,method,PFPFP,PFPPP,3351.195905400792,3351.195905400792,0.25,0.25,fail,fail,False,False,False
9961.HK,input/publication drift,FFPPP,FFPPP,485.4759258273825,493.56824345698107,0.5,0.5,,,False,False,False
9992.HK,input/publication drift,FPPPP,FPPPP,89.87303233258353,89.87359634345805,0.5,0.5,fail,fail,False,False,False
A2M.AU,input/publication drift,FPPPP,FPPPP,5.046375990054515,5.06014825679363,0.5,0.5,fail,fail,False,False,False
AAF.LSE,input/publication drift,FFFPP,FFFPP,82.64578608948524,82.97727990364207,0.5,0.5,fail,fail,False,False,False
AAK.ST,input/publication drift,PFPPP,PFPPP,117.2750270283185,117.22763315071178,0.35,0.35,fail,fail,False,False,False
AAL.LSE,method,FFFPP,FFFFP,,,0.5,0.5,,,False,False,False
AALB.AS,method,PFFFP,PFFPP,27.28014135325907,31.78783459138602,0.35,0.35,fail,fail,False,False,False
ABBN.SW,input/publication drift,FPPPP,FPPPP,27.37610922266037,27.37382769009744,0.5,0.5,fail,fail,False,False,False
ABBV.US,method,PPPPP,PPPFP,157.16072601863294,109.64207352955239,0.35,0.35,fail,fail,False,False,False
ABEV3.SA,method,PFPFP,PFPPP,7.6808475907388996,7.65507954206541,0.25,0.25,fail,fail,False,False,False
ABF.LSE,method,PFFFP,PFFPP,2285.224885918402,2285.224885918402,0.25,0.25,,,False,False,False
ABI.BR,input/publication drift,PPPFP,PPPFP,43.960781573981606,44.16723287132737,0.5,0.5,fail,fail,False,False,False
ABM.US,method,PPPFP,PPPPP,47.61454952321706,47.61454952321706,0.5,0.5,fail,fail,False,False,False
ABX.TO,input/publication drift,PFPPP,PFPPP,41.125049352241575,41.24826607879273,0.5,0.5,fail,fail,False,False,False
AC.MX,input/publication drift,PPPPP,PPPPP,160.57935159569746,160.90805489971802,0.25,0.25,fail,fail,False,False,False
ACGL.US,input/publication drift,PPPPP,PPPPP,133.83727374806094,133.74740568918722,0.5,0.5,,,False,False,False
ACLN.SW,input/publication drift,PPPPP,PPPPP,24.018576830115023,24.016575115236275,0.25,0.25,fail,fail,False,False,False
ACP.WAR,input/publication drift,PFPPP,PFPPP,220.20317957173057,220.20317957173057,0.25,0.25,fail,unclear,False,False,False
ACX.MC,method,FFFFP,FFFPP,17.40953710913222,17.40953710913222,0.5,0.5,,,False,False,False
ADANIPORTS.NSE,input/publication drift,PFPPP,PFPPP,905.2412421660001,904.4640958419943,0.35,0.35,fail,fail,False,False,False
ADDT-B.ST,input/publication drift,PPPPP,PPPPP,113.5841181485012,122.4553935740417,0.15,0.15,fail,fail,False,False,False
ADEN.SW,input/publication drift,FPFFP,FPFFP,19.359641552563094,19.267542708192902,0.5,0.5,fail,fail,False,False,False
ADM.US,method,FFFFP,FFFPP,83.85491067181431,83.85491067181431,0.5,0.5,,,False,False,False
ADP.PA,method,FFPPP,FFPFP,67.64694227848771,67.64694227848771,0.5,0.5,fail,fail,False,False,False
ADS.XETRA,method,FFPPP,FFPFP,66.45787959154649,66.45787959154649,0.5,0.5,fail,fail,False,False,False
ADYEN.AS,input/publication drift,PFPPP,PFPPP,1052.2810684736783,1068.167574940953,0.25,0.25,,,False,False,False
AEM.TO,input/publication drift,FFPFP,FFPFP,186.63063971195032,187.18981269439448,0.5,0.5,fail,fail,False,False,False
AEP.LSE,input/publication drift,PFPPP,PFPPP,308.4683379382923,309.70561028729094,0.5,0.5,,,False,False,False
AER.US,input/publication drift,PFFPP,PFFPP,192.51085143904567,209.17692418814164,0.5,0.5,,,False,False,False
AFYA.US,input/publication drift,PPPPP,PPPPP,17.390375526067256,17.2543304337561,0.5,0.5,,,False,False,False
AGL.AU,method,FFFFP,FFFPP,2.2463122250591994,2.2463122250591994,0.5,0.5,fail,fail,False,False,False
AGRO.US,input/publication drift,FFFFP,FFFFP,,16.01951542037284,0.5,0.5,,,False,False,False
AIA.AU,input/publication drift,PFFFP,PFFFP,1.9799298770252676,1.985333382916401,0.5,0.5,fail,fail,False,False,False
AIN.US,method,FFFFP,FFFPP,51.49304838749246,51.49304838749246,0.5,0.5,fail,fail,False,False,False
AKRBP.OL,input/publication drift,PFFFP,PFFFP,220.5433570510436,220.712258722153,0.5,0.5,fail,fail,False,False,False
ALB.US,method,FFFPP,FFFFP,,,0.5,0.5,,,False,False,False
ALFA.LSE,method,PFPFP,PFPPP,121.5191316499882,121.5191316499882,0.25,0.25,fail,fail,False,False,False
ALIT.US,input/publication drift,FFFFP,FFFFP,,59.14284956641488,0.5,0.5,,pass,False,False,False
ALK.US,input/publication drift,FFFFP,FFFFP,41.898332289252075,45.843326277431245,0.5,0.5,,,False,False,False
ALOS3.SA,input/publication drift,FFPFP,FFPFP,21.82223973240913,21.76163566935752,0.5,0.5,fail,fail,False,False,False
ALPEKA.MX,input/publication drift,FFFFP,FFFFP,7.303686225196173,7.312452424238295,0.5,0.5,fail,fail,False,False,False
ALSEA.MX,method,FFPFP,FFPPP,30.834288740078136,30.887306371925582,0.5,0.5,fail,fail,False,False,False
ALT.US,method,FFFPP,FFFFP,,,0.5,0.5,,,False,False,False
ALTR.LS,method,FFFPP,FFFFP,6.469758657344498,6.469758657344498,0.5,0.5,,,False,False,False
AM.PA,input/publication drift,PFFPP,PFFPP,279.42349367799534,279.42349367799534,0.25,0.25,fail,unclear,False,False,False
AMG.US,method,FPFFP,FPFPP,440.509584391285,440.509584391285,0.25,0.25,,,False,False,False
AMH.US,input/publication drift,PFPFP,PFPFP,27.283457359984656,27.399930309618533,0.5,0.5,fail,fail,False,False,False
AMKR.US,input/publication drift,PFPPP,PFPPP,36.349658991688955,36.43470726691108,0.35,0.35,fail,fail,False,False,False
AMP.MI,method,PPPFP,PPPPP,,,0.5,0.5,,,False,False,False
AMR.US,method,FFPFP,FFPPP,318.308078888373,318.308078888373,0.5,0.5,,,False,False,False
AMXB.MX,method,PFPFP,PFPPP,10.098319114978828,10.116883741512655,0.5,0.5,fail,fail,False,False,False
AN.US,method,FFPFP,FFPPP,408.05838244824093,408.05838244824093,0.5,0.5,pass,pass,False,False,False
ANGI.US,method,FFFFP,FFFPP,7.040192314620143,7.040192314620143,0.5,0.5,,,False,False,False
ANN.AU,input/publication drift,PPPFP,PPPFP,22.146544318332353,22.20698533903767,0.35,0.35,fail,fail,False,False,False
ANTO.LSE,input/publication drift,PFFPP,PFFPP,2018.044329060424,2026.1387431065732,0.5,0.5,fail,fail,False,False,False
APA.US,method,FFPFP,FFPPP,55.027389083747764,55.027389083747764,0.5,0.5,,,False,False,False
APAM.AS,method,FFFFP,FFFPP,48.26252377531451,48.26252377531451,0.5,0.5,,,False,False,False
APG.US,input/publication drift,FFPPP,FFPFP,14.547905942321792,14.547905942321792,0.5,0.5,fail,fail,False,False,False
APOLLOHOSP.NSE,input/publication drift,PFPPP,PFPPP,1608.6113112454539,1607.212697723303,0.5,0.5,fail,fail,False,False,False
APTV.US,method,PFFFP,PFFPP,55.867571275280255,55.867571275280255,0.5,0.5,,,False,False,False
ARCAD.AS,input/publication drift,PPPPP,PPPPP,27.548099081807806,35.79288992509497,0.5,0.35,fail,fail,False,False,False
ARCO.US,method,FFPFP,FFPPP,15.445629485918829,15.445629485918829,0.5,0.5,,,False,False,False
ARES.US,input/publication drift,FFPFP,FFPFP,,63.851835969630876,0.5,0.5,,fail,False,False,False
ARLO.US,method,FFFPP,FFFFP,,,0.5,0.5,,,False,False,False
ARLP.US,method,FPPPP,FPPFP,42.90871931909421,42.90871931909421,0.5,0.5,,,False,False,False
ARMK.US,method,FFPFP,FFPPP,15.964666109999087,17.395982091240715,0.5,0.5,fail,fail,False,False,False
ARW.US,method,FFFFP,FFFPP,265.4691000959696,265.4691000959696,0.5,0.5,,,False,False,False
ASB.US,input/publication drift,PFPPP,PFPPP,31.252926661046587,31.274730246667815,0.35,0.35,,,False,False,False
ASURB.MX,input/publication drift,PFPPP,PFPPP,636.1367000037103,637.4832613061627,0.35,0.35,,,False,False,False
ASX.AU,method,PPFFF,PPFPF,79.48242935906681,79.48242935906681,0.25,0.25,pass,pass,False,False,False
AT1.XETRA,input/publication drift,FFFFP,FFFFP,7.130822325094504,6.047276741093618,0.5,0.5,pass,pass,False,False,False
ATCO-A.ST,input/publication drift,PPPPP,PPPPP,124.13883664714997,124.67569083649272,0.15,0.15,fail,fail,False,False,False
ATD.TO,input/publication drift,PPFPP,PPFPP,72.20594929047034,72.42228898730298,0.5,0.5,fail,fail,False,False,False
ATHM.US,method,FFFFP,FFFPP,51.07002840884074,51.07002840884074,0.5,0.5,pass,pass,False,False,False
ATKR.US,method,FPPFP,FPPPP,194.83946241969358,194.83946241969358,0.5,0.5,pass,pass,False,False,False
ATYM.LSE,input/publication drift,FFPPP,FFPPP,525.569001895462,525.2105434098065,0.5,0.5,fail,fail,False,False,False
AURE3.SA,input/publication drift,FFPFP,FFPFP,5.078181864099869,5.071093438249291,0.5,0.5,fail,fail,False,False,False
AUTO.LSE,method,PFFFP,PFFPP,492.4408130919065,492.4408130919065,0.25,0.25,fail,fail,False,False,False
AVIO.MI,method,FFFPP,FFFFP,,,0.5,0.5,,,False,False,False
AVON.LSE,method,FFFPP,FFFFP,,,0.5,0.5,,,False,False,False
AVY.US,input/publication drift,PPPPP,PPPPP,149.27341753481733,152.74152217240245,0.35,0.35,fail,fail,False,False,False
AXIA3.SA,input/publication drift,FFFFP,FFFFP,29.57925683262561,29.508532852296213,0.5,0.5,fail,fail,False,False,False
AXTA.US,method,PFPFP,PFPPP,30.374952794186978,30.374952794186978,0.5,0.5,fail,fail,False,False,False
AYV.PA,method,PFFPP,PFFFP,,,0.35,0.35,,,False,False,False
AZJ.AU,method,PFPFP,PFPPP,2.4222847643409877,2.4222847643409877,0.5,0.5,fail,fail,False,False,False
AZN.LSE,input/publication drift,FPPFP,FPPFP,5059.843611792146,5080.138740403952,0.5,0.5,fail,fail,False,False,False
AZZA3.SA,input/publication drift,PFPFP,PFPFP,48.10430754450222,47.91407428419844,0.35,0.35,pass,pass,False,False,False
B3SA3.SA,input/publication drift,PFPPF,PFPPF,11.019813823660229,10.989581259629315,0.25,0.25,fail,fail,False,False,False
BAB.LSE,method,FFFPP,FFFFP,408.6296801908829,408.6296801908829,0.5,0.5,fail,fail,False,False,False
BABA.US,method,FPFFP,FPFPP,,,0.5,0.5,,,False,False,False
BAG.LSE,method,PPPFP,PPPPP,619.9499074251994,619.9499074251994,0.25,0.25,fail,fail,False,False,False
BAJAJFINSV.NSE,input/publication drift,PFPPF,PFPPF,1045.2565231202896,1044.363483806775,0.5,0.5,fail,fail,False,False,False
BAKKA.OL,method,FFFPP,FFFFP,149.68057871757316,149.29688987144337,0.5,0.5,fail,fail,False,False,False
BALL.US,method,PPPFP,PPPPP,39.788863857265085,39.788863857265085,0.5,0.5,fail,fail,False,False,False
BAM.TO,input/publication drift,FFPFF,FFPFF,25.35499306380169,25.430960370741314,0.5,0.5,fail,fail,False,False,False
BBAJIOO.MX,input/publication drift,PPPFP,PPPFP,63.03406887018477,63.22174643347401,0.35,0.35,,,False,False,False
BBAS3.SA,input/publication drift,PPPPP,PPPPP,21.993049869074305,21.878763804479792,0.35,0.35,fail,fail,False,False,False
BBDC3.SA,input/publication drift,PPPFP,PPPFP,12.586368105099163,12.520963511973934,0.25,0.25,fail,fail,False,False,False
BBSE3.SA,input/publication drift,PPPPP,PPPPP,8.608452602937756,8.571630576568284,0.35,0.35,fail,fail,False,False,False
BBWI.US,method,FPFFP,FPFPP,54.0443129024931,54.0443129024931,0.35,0.35,pass,pass,False,False,False
BCO.US,input/publication drift,PPPPP,PPPPP,114.77276002710661,114.79674520719472,0.5,0.5,,,False,False,False
BE.US,method,FFFPP,FFFFP,,,0.5,0.5,,,False,False,False
BEEF3.SA,input/publication drift,FPFFP,FPFFP,19.3322037710637,19.311033867249254,0.5,0.5,pass,pass,False,False,False
BEI.XETRA,method,PPPFP,PPPPP,63.83377891207437,63.83377891207437,0.25,0.25,fail,fail,False,False,False
BEZ.LSE,input/publication drift,PPPPP,PPPPP,1189.105213223258,1193.8747367672452,0.5,0.5,fail,fail,False,False,False
BF-A.US,method,PPFFP,PPFPP,21.52707542930455,21.52707542930455,0.25,0.25,fail,fail,False,False,False
BFH.US,method,FFFFP,FFFPP,323.13638458525077,323.13638458525077,0.5,0.5,pass,pass,False,False,False
BGEO.LSE,input/publication drift,PPPFP,PPPFP,24191.89747142827,24288.931630626797,0.35,0.35,pass,pass,False,False,False
BGP.AU,input/publication drift,PPFPP,PPFPP,2.637184510369273,2.6443817561925425,0.25,0.25,fail,fail,False,False,False
BHARTIARTL.NSE,input/publication drift,FFPPP,FFPPP,299.4775516683342,299.26026746836015,0.5,0.5,fail,fail,False,False,False
BHC.US,method,FFPPP,FFPFP,37.44811035388616,37.44811035388616,0.5,0.5,pass,pass,False,False,False
BHP.AU,input/publication drift,PPPPP,PPPPP,53.09282620627772,53.237723963774854,0.5,0.5,fail,fail,False,False,False
BI0.F,input/publication drift,PFPPP,PFPPP,0.8681612844226311,0.8722383962722642,0.5,0.5,,,False,False,False
BIDU.US,method,PFFFF,PFFPF,,,0.35,0.35,,,False,False,False
BIIB.US,input/publication drift,FFFFP,FFFFP,175.7263166859403,171.18583600827816,0.5,0.5,fail,fail,False,False,False
BIMBOA.MX,method,PPFFP,PPFPP,20.380862035245208,20.42174055527042,0.5,0.5,fail,fail,False,False,False
BIP.US,input/publication drift,PFPPP,PFPPP,,31.712111664764407,0.5,0.5,,fail,False,False,False
BKNG.US,input/publication drift,FPPPP,FPPPP,119.27204786596582,123.0020447814346,0.5,0.5,fail,fail,False,False,False
BLND.LSE,method,FFFPP,FFFFP,150.3854622615315,150.3854622615315,0.5,0.5,fail,fail,False,False,False
BMRN.US,method,FFFFP,FFFPP,27.847290040190128,27.847290040190128,0.5,0.5,fail,fail,False,False,False
BMW.XETRA,method,PFFFP,PFFPP,211.38668644801425,211.38668644801425,0.5,0.5,pass,pass,False,False,False
BN.TO,method,PFFPP,PFFFP,,,0.5,0.5,,,False,False,False
BNR.XETRA,method,PPFFP,PPFPP,44.738402141714,44.738402141714,0.5,0.5,fail,fail,False,False,False
BNTX.US,input/publication drift,FFFFP,FFFFP,60.58134099947618,60.298165087579584,0.5,0.5,fail,fail,False,False,False
BNZL.LSE,method,PFPFP,PFPPP,2789.7295710396274,2789.7295710396274,0.35,0.35,,,False,False,False
BOKF.US,input/publication drift,PPPPF,PPPPF,134.85035740402645,134.86561573729205,0.25,0.25,,,False,False,False
BOLSAA.MX,input/publication drift,PPPPP,PPPPP,32.03847661148114,32.09140208248915,0.25,0.25,fail,fail,False,False,False
BOSS.XETRA,method,FFFFP,FFFPP,40.138359476973356,40.138359476973356,0.5,0.5,,,False,False,False
BP.LSE,input/publication drift,FFPPP,FFPPP,305.52036528991107,306.7458132647525,0.5,0.5,fail,fail,False,False,False
BPAC11.SA,input/publication drift,FFPPF,FFPPF,31.188337771605994,31.066668570161145,0.5,0.5,fail,fail,False,False,False
BRAP3.SA,input/publication drift,FFFPP,FFFPP,11.671750745839516,11.628607877916178,0.5,0.5,fail,fail,False,False,False
BREE.LSE,method,PFPFP,PFPPP,641.6254582720968,641.6254582720968,0.35,0.35,pass,pass,False,False,False
BRSL.US,method,FFPFF,FFPPF,31.923159066134332,31.923159066134332,0.5,0.5,pass,pass,False,False,False
BSE.NSE,input/publication drift,FFPPP,FFPPP,963.3791649874262,962.628708086804,0.5,0.5,fail,fail,False,False,False
BSL.AU,method,FFFFP,FFFPP,13.41513082376928,13.41513082376928,0.5,0.5,fail,fail,False,False,False
BSM.US,method,FPPFP,FPPPP,20.192053404851315,20.192053404851315,0.5,0.5,,,False,False,False
BUCN.SW,input/publication drift,PFFPP,PFFPP,326.79673696285533,326.79673696285533,0.25,0.25,fail,unclear,False,False,False
BUR.US,method,FFFFF,FFFPF,,,0.5,0.5,,,False,False,False
BXB.AU,input/publication drift,PFFFP,PFFFP,10.325027461119776,10.353205906912057,0.35,0.35,fail,fail,False,False,False
BXC.US,method,FFPFP,FFPPP,115.88515147163791,115.88515147163791,0.5,0.5,,,False,False,False
BXP.US,input/publication drift,PFFFP,PFFFP,52.43133941014133,52.85015549894363,0.5,0.5,fail,fail,False,False,False
BZH.US,method,FFFFP,FFFPP,59.336572570097786,59.336572570097786,0.5,0.5,,,False,False,False
C5H.IR,method,PFPFP,PFPPP,2.432181505348012,2.432181505348012,0.35,0.35,fail,fail,False,False,False
CA.PA,method,PFFFP,PFFPP,17.694928061233117,17.694928061233117,0.5,0.5,,,False,False,False
CACC.US,input/publication drift,FFPPP,FFPPP,542.2331009117213,539.3495213810584,0.5,0.5,,,False,False,False
CALM.US,method,FFFFP,FFFPP,85.71376280208469,85.71376280208469,0.5,0.5,fail,fail,False,False,False
CALY.US,input/publication drift,FFFFP,FFFFP,,5.471130277080771,0.5,0.5,,fail,False,False,False
CBA.AU,input/publication drift,PPPPP,PPPPP,64.97073147543598,64.98212251940699,0.25,0.25,fail,fail,False,False,False
CBT.US,input/publication drift,FFPPP,FFPPP,67.64369441443203,67.63113020026836,0.5,0.5,fail,fail,False,False,False
CCEP.LSE,input/publication drift,PFPPP,PFPPP,4774.759960344869,4771.503388479746,0.5,0.5,fail,fail,False,False,False
CCH.LSE,input/publication drift,PPPPP,PPPPP,4021.304784331889,4018.5620981800193,0.25,0.25,fail,fail,False,False,False
CCI.US,method,FFPPP,FFPFP,31.25021775536783,31.25021775536783,0.5,0.5,fail,fail,False,False,False
CCO.TO,input/publication drift,FFPPP,FFPPP,11.085806388208459,11.687332664248627,0.5,0.5,fail,fail,False,False,False
CCU.US,input/publication drift,FPFFP,FPFFP,10.762634499342038,10.658142902261048,0.5,0.5,fail,fail,False,False,False
CEAB3.SA,input/publication drift,FFFPP,FFFPP,6.306799800454189,6.290388035279808,0.5,0.5,fail,fail,False,False,False
CEMEXCPO.MX,input/publication drift,PFFPP,PFFPP,7.901286799566462,7.90458309256222,0.5,0.5,fail,fail,False,False,False
CEN.AU,input/publication drift,PFFPP,PFFPP,2.5286148178570285,2.5355157617860256,0.5,0.5,fail,fail,False,False,False
CENTA.US,method,PFPFP,PFPPP,45.509403788876,45.509403788876,0.25,0.25,,,False,False,False
CFR.SW,input/publication drift,PFPPP,PFPPP,67.8138547825981,67.49124665781397,0.35,0.35,fail,fail,False,False,False
CFRUY.US,input/publication drift,PFPPP,PFPPP,10.579679335719774,10.530226644609948,0.35,0.35,fail,fail,False,False,False
CG.US,input/publication drift,FFPPP,FFPPP,27.73420318789696,31.58794152731763,0.5,0.5,fail,fail,False,False,False
CGNX.US,method,PFFPP,PFFFP,13.325314740247617,13.325314740247617,0.35,0.35,fail,fail,False,False,False
CHC.AU,method,PFFPF,PFFFF,6.895821626650657,6.895821626650657,0.35,0.35,fail,fail,False,False,False
CHH.US,method,PFPFP,PFPPP,95.55250058857084,74.31573127878964,0.5,0.5,fail,fail,False,False,False
CHI.AU,input/publication drift,FFPPP,FFPPP,0.1586757046024412,0.1591087528202333,0.5,0.5,fail,fail,False,False,False
CHTR.US,method,PFFFP,PFFPP,,348.5038680709208,0.5,0.5,,pass,False,False,False
CI.US,input/publication drift,FFFPP,FFFPP,367.76804069891455,451.01444339644786,0.5,0.5,,,False,False,False
CIA.AU,input/publication drift,FFFPP,FFFPP,3.6014350275259726,3.6004762888902784,0.5,0.5,,,False,False,False
CL.US,method,PPPFP,PPFPP,43.76613541778932,40.00513007586612,0.25,0.25,fail,fail,False,False,False
CLH.US,input/publication drift,PFPPP,PFPPP,140.3014528188902,140.2665622055863,0.5,0.5,fail,fail,False,False,False
CLS.TO,input/publication drift,FFPPP,FFPPP,94.69600210533561,94.97972532465533,0.5,0.5,fail,fail,False,False,False
CM.TO,input/publication drift,PPPPP,PPPPP,154.78260073872607,154.78260073872607,0.35,0.35,fail,unclear,False,False,False
CMCSA.US,method,PFPFP,PFPPP,61.446922045949876,61.446922045949876,0.35,0.35,pass,pass,False,False,False
CMI.US,input/publication drift,PPPPP,PPPPP,429.0561853697856,428.0469528293024,0.15,0.15,fail,fail,False,False,False
CMIG4.SA,input/publication drift,PFPPP,PFPPP,17.169863554472794,17.10259473163126,0.35,0.35,,,False,False,False
CMIN3.SA,input/publication drift,PFPFP,PFPFP,5.737602351832435,5.7207327747342545,0.5,0.5,,,False,False,False
CMPR.US,method,FPPFP,FPPPP,15.53660619184532,15.53660619184532,0.5,0.5,fail,fail,False,False,False
CNA.LSE,method,FPPFP,FPPPP,410.4381488041832,410.4381488041832,0.5,0.5,pass,pass,False,False,False
CNH.US,method,PFFFP,PFFPP,15.68040577873857,15.68040577873857,0.5,0.5,,,False,False,False
CNU.AU,input/publication drift,PFFPP,PFFFP,,,0.5,0.5,,,False,False,False
COA.LSE,input/publication drift,FPPFP,FPPFP,52.918484700131266,53.1307417450779,0.5,0.5,fail,fail,False,False,False
COH.AU,method,PPFFP,PPFPP,67.80726518278155,67.80726518278155,0.25,0.25,fail,fail,False,False,False
COIN.US,input/publication drift,FFPPF,FFPPF,,267.1124989192264,0.5,0.5,,,False,False,False
COLB.US,input/publication drift,PFPPF,PFPPF,39.43280034767234,39.42091512651871,0.35,0.35,,,False,False,False
COLO-B.CO,method,PPPFP,PPPPP,319.84067264886323,384.4766928995019,0.35,0.35,fail,fail,False,False,False
COTN.SW,method,FFFPP,FFFFP,,68.41234503782323,0.5,0.5,,fail,False,False,False
CPA.US,input/publication drift,FFFPP,FFFPP,,219.48353479946567,0.5,0.5,,,False,False,False
CPAY.US,method,PFFFP,PFFPP,506.9036002119487,506.9036002119487,0.35,0.35,,,False,False,False
CPB.US,method,PFFFP,PFFPP,24.843624086496646,24.843624086496646,0.5,0.5,fail,fail,False,False,False
CPFE3.SA,input/publication drift,PFPPP,PFPPP,45.79334003856941,45.62510935805444,0.35,0.35,fail,fail,False,False,False
CPLE3.SA,input/publication drift,PFPPP,PFPPP,11.406493018315244,11.363750003625317,0.35,0.35,fail,fail,False,False,False
CPR.MI,method,PPFFP,PPFPP,,,0.5,0.5,,,False,False,False
CPU.AU,input/publication drift,PPPPP,PPPPP,20.5210708640737,20.577075740101424,0.5,0.5,fail,fail,False,False,False
CQR.AU,method,PFFFP,PFFPP,4.393742191441086,4.393742191441086,0.5,0.5,,,False,False,False
CRBG.US,input/publication drift,FFPPP,FFPPP,44.62611162565859,44.62650345809759,0.5,0.5,,,False,False,False
CRH.US,input/publication drift,PPPPP,PPPPP,92.01950065198149,62.8587978158998,0.35,0.5,,fail,False,False,False
CRI.US,method,PPFFP,PPFPP,97.33137654686388,97.33137654686388,0.35,0.35,pass,pass,False,False,False
CRL.US,method,PFPPP,PFPFP,121.00719824448933,121.00719824448933,0.5,0.5,fail,fail,False,False,False
CRM.US,input/publication drift,FFPPF,FFPPF,139.2697490012774,153.34319278653496,0.5,0.5,fail,fail,False,False,False
CSC.AU,input/publication drift,FFFFP,FFFFP,9.478089827518447,8.258637710522686,0.5,0.5,fail,fail,False,False,False
CSMG3.SA,input/publication drift,PFPPP,PFPPP,33.264476785022595,33.1471626162538,0.35,0.35,fail,fail,False,False,False
CSU.TO,input/publication drift,FPPFP,FPPFP,1316.5748663309057,2019.7312167967686,0.5,0.5,fail,fail,False,False,False
CTC-A.TO,method,PFFFP,PFFPP,88.99528703146862,160.07877361945256,0.5,0.5,fail,fail,False,False,False
CTEC.LSE,method,PFPFP,PFPPP,108.23906441185623,108.67321335036111,0.5,0.5,fail,fail,False,False,False
CUBE.US,input/publication drift,PFPFP,PFPFP,30.52590937969669,30.608712088321706,0.5,0.5,fail,fail,False,False,False
CURY.LSE,method,FFPFP,FFPPP,171.1087387830763,171.1087387830763,0.5,0.5,fail,fail,False,False,False
CVI.US,method,FFFPP,FFFFP,41.50027205815284,41.50027205815284,0.5,0.5,fail,fail,False,False,False
CVSA.US,input/publication drift,PFPPP,PFPPP,93.8624128155555,92.40343088894863,0.35,0.35,fail,fail,False,False,False
CVSG.LSE,method,FFPFP,FFPPP,992.4880298711042,992.4880298711042,0.5,0.5,fail,fail,False,False,False
CVX.US,input/publication drift,FFPPP,FFPPP,158.81633775652534,155.88630796854434,0.5,0.5,fail,fail,False,False,False
CXSE3.SA,input/publication drift,PPPPP,PPPPP,6.676957190160832,6.65452884672049,0.25,0.25,fail,fail,False,False,False
CYD.US,method,FFFPP,FFFFP,57.72367530910704,57.72367530910704,0.5,0.5,pass,pass,False,False,False
CYRE3.SA,input/publication drift,FFPPP,FFPPP,53.40339012319132,53.21730776850095,0.5,0.5,,,False,False,False
CYRX.US,method,FFFPF,FFFFF,,,0.5,0.5,,,False,False,False
CZR.US,method,FFFPP,FFFFP,,,0.5,0.5,,,False,False,False
D.US,method,PFFPP,PFFFP,4.9916554840752845,4.9916554840752845,0.5,0.5,fail,fail,False,False,False
DD.US,method,FFFPP,FFFFP,92.65997719537535,92.65997719537535,0.25,0.25,fail,fail,False,False,False
DEC.PA,method,FFPFP,FFPPP,20.491551932415323,20.491551932415323,0.5,0.5,fail,fail,False,False,False
DEVL.F,input/publication drift,PPPPP,PPPPP,71.27717072313551,71.61190690934644,0.35,0.35,,,False,False,False
DFIB.LSE,method,FFPPP,FFPFP,0.831397173450696,0.831397173450696,0.5,0.5,fail,fail,False,False,False
DGE.LSE,input/publication drift,PFFFP,PFFFP,1261.9974908438087,1267.0593866946533,0.5,0.5,fail,fail,False,False,False
DGII.US,input/publication drift,FFPFP,FFPFP,21.340837723214396,21.5571996940449,0.5,0.5,fail,fail,False,False,False
DHL.XETRA,input/publication drift,PFFPP,PFFPP,31.31326586056938,31.323351882340386,0.5,0.5,fail,fail,False,False,False
DINO.US,method,FFFPP,FFFFP,91.09960860344283,91.09960860344283,0.5,0.5,fail,fail,False,False,False
DIOD.US,method,FFFFP,FFFPP,64.7938874367426,64.7938874367426,0.5,0.5,fail,fail,False,False,False
DIRR3.SA,input/publication drift,FFPFP,FFPFP,18.668228093971,18.6066130110057,0.5,0.5,,,False,False,False
DKSH.SW,method,PPPFP,PPPPP,49.93984567630597,49.93984567630597,0.25,0.25,fail,fail,False,False,False
DLG.MI,input/publication drift,PPPPP,PPPPP,33.869416806444534,33.88649655162996,0.25,0.25,fail,fail,False,False,False
DOL.TO,input/publication drift,PFFPP,PFFPP,56.353063527050786,64.3648888991131,0.5,0.5,fail,fail,False,False,False
DOM.LSE,method,PPFFP,PPFPP,149.93570424506376,149.93570424506376,0.5,0.5,fail,fail,False,False,False
DOW.AU,method,FFFPP,FFFFP,3.6805477899385,3.6805477899385,0.5,0.5,fail,fail,False,False,False
DP4A.STU,method,FFPFP,FFPPP,,,0.5,0.5,,,False,False,False
DQ.US,method,FFFPF,FFFFF,,,0.5,0.5,,,False,False,False
DRREDDY.NSE,input/publication drift,FFFPP,FFFPP,897.4843747060739,896.748134083147,0.5,0.5,fail,fail,False,False,False
DRX.LSE,input/publication drift,FFFPP,FFFPP,,363.7580628624764,0.5,0.5,,fail,False,False,False
DSFIR.AS,input/publication drift,FFFFP,FFFFP,50.210713836324125,32.36630981033661,0.5,0.5,fail,fail,False,False,False
DSGX.US,input/publication drift,PPPPP,PPPPP,67.86648217980193,68.31306428898355,0.15,0.15,fail,fail,False,False,False
DVA.US,method,PPPFP,PPPPP,200.68469746424262,201.8957258110096,0.5,0.5,,,False,False,False
EBAY.US,method,PPPFF,PPPPF,67.9314562702623,68.29955381094403,0.25,0.25,fail,fail,False,False,False
EBO.AU,input/publication drift,PFFFP,PFFFP,10.025307436925411,10.052667904800789,0.5,0.5,fail,fail,False,False,False
EC.US,input/publication drift,PFFFP,PFFPP,40.82319064271413,40.82319064271413,0.5,0.5,pass,pass,False,False,False
EDU.US,method,FFPFP,FFPPP,50.46331371324157,50.46331371324157,0.5,0.5,fail,fail,False,False,False
EDV.LSE,input/publication drift,FFPFP,FFPFP,1133.557078905275,1138.103797829866,0.5,0.5,fail,fail,False,False,False
EEFT.US,method,FPPFP,FPPPP,143.40015600140813,143.40015600140813,0.5,0.5,pass,pass,False,False,False
EFX.US,input/publication drift,FFPPP,FPPPP,93.20300663849233,93.20300663849233,0.5,0.5,fail,fail,False,False,False
EGIE3.SA,input/publication drift,PPFFP,PPFFP,16.073298247484598,16.0257742035448,0.5,0.5,fail,fail,False,False,False
EGO.US,input/publication drift,FFFFP,FFFFP,,14.361693770904084,0.5,0.5,,fail,False,False,False
EGP.US,input/publication drift,PFPFP,PFPFP,130.48367006042415,139.99236152484707,0.35,0.35,fail,fail,False,False,False
EIX.US,method,FFFFP,FFFPP,47.746254927833704,47.746254927833704,0.5,0.5,fail,fail,False,False,False
ELAN.US,input/publication drift,FFPFP,FFPFP,5.8269048308637315,5.824895977734953,0.5,0.5,fail,fail,False,False,False
EMBJ.US,input/publication drift,FFPPP,FFPPP,36.69620534059644,36.40913053674604,0.5,0.5,fail,fail,False,False,False
EMG.LSE,input/publication drift,FPFPP,FPFPP,265.6555262253579,266.72107557526584,0.5,0.5,fail,fail,False,False,False
EMN.US,method,PPFFP,PPFPP,66.27417804647754,66.27417804647754,0.5,0.5,,,False,False,False
ENI.MI,method,FFPFP,FFPPP,,,0.5,0.5,,,False,False,False
ENOG.LSE,input/publication drift,FFFFP,FFFFP,317.92059081195714,319.1957763263539,0.5,0.5,fail,fail,False,False,False
ENOV.US,input/publication drift,FFFFP,FFFFP,17.87882008918196,17.87882008918196,0.5,0.5,fail,unclear,False,False,False
ENT.LSE,method,FFFPP,FFFFP,,,0.5,0.5,,,False,False,False
ENTG.US,input/publication drift,PPPFP,PPPFP,35.53722648912555,35.42093975323181,0.5,0.5,fail,fail,False,False,False
EOG.US,method,FFPFP,FFPPP,142.42049231275328,140.25479160555443,0.5,0.5,fail,fail,False,False,False
EPD.US,method,PFPFP,PFPPP,43.58119650236407,43.58119650236407,0.5,0.5,,,False,False,False
EPI-A.ST,input/publication drift,PPPPP,PPPPP,156.48285431666855,155.57385207160618,0.15,0.15,fail,fail,False,False,False
EQNR.OL,method,FFPFP,FFPPP,625.2759113761392,625.7547747966838,0.5,0.5,,,False,False,False
EQT.ST,input/publication drift,PFPPP,PFPPP,176.92025821868228,175.74109169396817,0.5,0.5,fail,fail,False,False,False
EQTL3.SA,input/publication drift,PFPFP,PFPFP,49.37248167521126,49.18537550109618,0.5,0.5,,,False,False,False
ERIC-B.ST,method,FFPPP,FFPFP,76.58618577259607,81.65214634589518,0.5,0.5,fail,fail,False,False,False
ESS.US,input/publication drift,PFPPP,PFPPP,225.45721585090908,225.48072226965388,0.5,0.5,fail,fail,False,False,False
ESSITY-B.ST,method,PPPFP,PPPPP,164.88870394925667,173.23184518395848,0.35,0.35,fail,fail,False,False,False
ESTC.US,method,FFFFP,FFFPP,,,0.5,0.5,,,False,False,False
ETN.US,input/publication drift,PPPPP,PPPPP,153.55162813872258,130.80344336001255,0.5,0.5,fail,fail,False,False,False
ETON.US,method,FFFPP,FFFFP,,,0.5,0.5,,,False,False,False
EVO.ST,input/publication drift,PPFPP,PPFPP,1504.6259218473328,1494.5976495786676,0.35,0.35,pass,pass,False,False,False
EVTC.US,method,PFPFP,PFPPP,41.057767583292005,41.057767583292005,0.5,0.5,,,False,False,False
EW.US,input/publication drift,PPPPP,PPPPP,72.42191262698455,71.21249306653452,0.15,0.15,fail,fail,False,False,False
EWG.LSE,input/publication drift,FFPFP,FFPFP,34.03023696099846,56.80050730870737,0.5,0.5,fail,fail,False,False,False
EXC.US,input/publication drift,PFFPP,PFFPP,28.492657297074725,29.68229439120529,0.5,0.5,fail,fail,False,False,False
EXE.US,input/publication drift,FFPFP,FFPFP,193.85454556449793,200.3232863234601,0.5,0.5,pass,pass,False,False,False
EXPN.LSE,input/publication drift,PPPPP,PPPPP,1817.756217422666,1825.047272057542,0.35,0.35,fail,fail,False,False,False
EXTR.US,input/publication drift,FFPFP,FFPFP,5.081062015403679,5.371329652109968,0.5,0.5,fail,fail,False,False,False
EZJ.LSE,method,FFFFP,FFFPP,693.6432111134851,693.6432111134851,0.5,0.5,,,False,False,False
FBIN.US,method,PPPFP,PPPPP,47.933214536522335,47.933214536522335,0.5,0.5,,,False,False,False
FE.US,input/publication drift,PFFFP,PFFFP,11.571810638405305,11.084189428836687,0.5,0.5,fail,fail,False,False,False
FINV.US,method,FFPFP,FFPPP,32.851653192570396,32.851653192570396,0.5,0.5,pass,pass,False,False,False
FISV.US,method,PFPFP,PFPPP,109.18521140021961,109.18521140021961,0.5,0.5,pass,pass,False,False,False
FLEX.US,input/publication drift,FFFPP,FFFPP,62.07571503570381,62.06605992638937,0.5,0.5,fail,fail,False,False,False
FLMNF.US,input/publication drift,FFPFP,FFPFP,51.855577028352016,51.613188034155684,0.5,0.5,,,False,False,False
FLRY3.SA,input/publication drift,PFPFP,PFPFP,9.575559945593389,9.55057118821776,0.5,0.5,fail,fail,False,False,False
FLS.CO,method,FFPPP,FFPFP,110.06573720394417,110.06573720394417,0.5,0.5,fail,fail,False,False,False
FMC.US,input/publication drift,FFFFP,FFFFP,,45.61468607304086,0.5,0.5,,pass,False,False,False
FMG.AU,input/publication drift,PFPPP,PFPPP,29.02056966384282,29.09977086231063,0.5,0.5,,,False,False,False
FMS.US,input/publication drift,PPFFP,PPFFP,43.37749844335332,43.174738608809605,0.5,0.5,pass,pass,False,False,False
FND.US,method,PFFFP,PFFPP,40.40192415858716,40.40192415858716,0.5,0.5,fail,fail,False,False,False
FNTN.XETRA,method,PFPFP,PFPPP,31.951881014946963,31.951881014946963,0.35,0.35,,,False,False,False
FNV.TO,input/publication drift,FFPPP,FFPPP,190.34204604901274,190.91233895342555,0.5,0.5,fail,fail,False,False,False
FORM.US,input/publication drift,FFFPP,FFFPP,17.325259208768347,17.2884549069461,0.5,0.5,fail,fail,False,False,False
FORTUM.HE,method,FFFPP,FFFFP,10.336972072299263,9.72338408134433,0.5,0.5,fail,fail,False,False,False
FOUR.LSE,input/publication drift,FPPPP,FPPPP,5716.296364389916,5739.224537432285,0.5,0.5,,,False,False,False
FOX.US,method,PFPFP,PFPPP,57.452116382936744,57.452116382936744,0.25,0.25,fail,fail,False,False,False
FPE3.XETRA,method,PPPFP,PPPPP,36.847192857992155,42.555622315733,0.25,0.15,fail,fail,False,False,False
FPH.AU,input/publication drift,FPFPP,FPFPP,11.493603724432754,11.524971378487571,0.5,0.5,fail,fail,False,False,False
FRES.LSE,method,FFPPP,FFPFP,1276.8532692724448,1281.974751932086,0.5,0.5,fail,fail,False,False,False
FRW.AU,input/publication drift,PPPPP,PPPPP,4.369692587505861,4.381618090481,0.35,0.35,fail,fail,False,False,False
FSV.TO,input/publication drift,FFPPP,FFPPP,61.39696472382144,60.460301505032405,0.5,0.5,fail,fail,False,False,False
FTV.US,method,PPFFP,PPFPP,34.94514788777413,34.94514788777413,0.35,0.35,fail,fail,False,False,False
FUL.US,method,PFPFP,PFPPP,43.3518500750155,43.3518500750155,0.5,0.5,fail,fail,False,False,False
FWONK.US,method,FFPPP,FFPFP,24.64421310432995,24.64421310432995,0.5,0.5,fail,fail,False,False,False
G.US,input/publication drift,PPPPP,PPPPP,67.30903414724663,67.63401384268843,0.25,0.25,pass,pass,True,True,False
G1A.XETRA,input/publication drift,FPFPP,FPPPP,25.804384848525697,26.585157882255174,0.5,0.5,fail,fail,False,False,False
GAP.US,method,FFFPP,FFFFP,28.215003562647254,28.215003562647254,0.5,0.5,,,False,False,False
GCARSOA1.MX,input/publication drift,PFPPP,PFPPP,79.62061105903396,79.77661506704591,0.35,0.35,fail,fail,False,False,False
GCC.MX,input/publication drift,PPFPP,PPFPP,75.18312856498353,75.13967294087018,0.25,0.25,fail,fail,False,False,False
GCMG.US,input/publication drift,FFPFP,FFPFP,,7.487037306076836,0.5,0.5,,fail,False,False,False
GENTERA.MX,method,FFFFP,FFFPP,51.828273785727475,51.919325362017304,0.5,0.5,fail,fail,False,False,False
GF.SW,method,PPFPP,PPFFP,23.949203686784372,23.949203686784372,0.5,0.5,fail,fail,False,False,False
GFINBURO.MX,input/publication drift,PFPPP,PFPPP,36.873415731688105,36.98320259677096,0.25,0.25,fail,fail,False,False,False
GFL.US,input/publication drift,FFPPP,FFPPP,,10.671831460709054,0.5,0.5,,fail,False,False,False
GFNORTEO.MX,input/publication drift,PPPFP,PPPFP,165.90115642723572,166.39511033729116,0.25,0.25,fail,fail,False,False,False
GFRD.LSE,method,FFFPP,FFFFP,804.9688717667702,804.9688717667702,0.5,0.5,,,False,False,False
GFTU.LSE,method,PFPFP,PFPPP,1327.1843201524823,1327.1843201524823,0.35,0.35,,,False,False,False
GGBR3.SA,input/publication drift,FFFFP,FFFFP,,50.29597292734716,0.5,0.5,,pass,False,False,False
GH.US,method,FFFPP,FFFFP,,,0.5,0.5,,,False,False,False
GHC.US,method,FFPFP,FFPPP,1615.945452565071,1615.945452565071,0.5,0.5,,,False,False,False
GIII.US,method,PFFFP,PFFPP,58.78182641666214,58.78182641666214,0.35,0.35,pass,pass,False,False,False
GILD.US,method,FFFPP,FFFFP,68.88978022160221,68.88978022160221,0.5,0.5,fail,fail,False,False,False
GIS.US,method,PPFFP,PPFPP,48.88947200170743,48.88947200170743,0.5,0.5,,,False,False,False
GL9.IR,method,FFPFP,FFPPP,11.09871493574286,11.150837396156781,0.5,0.5,fail,fail,False,False,False
GLEN.LSE,input/publication drift,FFPFP,FFPFP,567.2267286142172,569.5018857717332,0.5,0.5,fail,unclear,False,False,False
GLW.US,method,PFPPP,PFPFP,35.39206443636921,35.39206443636921,0.35,0.35,fail,fail,False,False,False
GMAB.CO,input/publication drift,PFPPP,PFPPP,2025.110418772223,2031.8697993422236,0.35,0.35,fail,fail,False,False,False
GMEXICOB.MX,input/publication drift,PPPPP,PPPPP,111.09560881083863,111.10094887609878,0.5,0.5,fail,fail,False,False,False
GNC.LSE,method,FFFFP,FFFPP,98.24500723667738,98.24500723667738,0.5,0.5,fail,fail,False,False,False
GNE.AU,input/publication drift,PFPFP,PFPFP,1.6505118305006756,1.6550163084132445,0.5,0.5,fail,fail,False,False,False
GNTX.US,method,PPPFP,PPPPP,30.293931035374804,32.620310392160526,0.5,0.5,,,False,False,False
GOOS.US,method,FFPFP,FFPPP,15.38790223027188,15.341935523751866,0.5,0.5,pass,pass,False,False,False
GPI.US,method,PFPFP,PFPPP,1214.7062436028618,1214.7062436028618,0.5,0.5,pass,pass,False,False,False
GPK.US,method,PFFFP,PFFPP,10.458592489007112,10.458592489007112,0.5,0.5,,,False,False,False
GPRK.US,method,FFFFP,FFFPP,14.033125653913702,14.033125653913702,0.5,0.5,,,False,False,False
GRASIM.NSE,input/publication drift,PFPPF,PFPPF,1133.4471860274425,1132.504589799921,0.5,0.5,fail,fail,False,False,False
GRF.MC,input/publication drift,PFFFP,PFFFP,1.3910388316077955,3.0809013422146716,0.5,0.5,fail,fail,False,False,False
GRUMAB.MX,method,PPPFP,PPPPP,228.12250379057375,228.21629378761799,0.35,0.35,fail,fail,False,False,False
GSHD.US,input/publication drift,FFFPP,FFFPP,,11.372193439728,0.5,0.5,,fail,False,False,False
GSK.LSE,method,PPPFP,PPPPP,1653.4968634646755,1653.4968634646755,0.25,0.25,fail,fail,False,False,False
GTK.AU,input/publication drift,FFPFP,FFPFP,2.1385866375590807,2.1444231399669897,0.5,0.5,fail,fail,False,False,False
HAE.US,input/publication drift,FFPPP,FFPPP,51.761444082164644,53.14427364743095,0.5,0.5,fail,fail,False,False,False
HAL.US,method,FFPFP,FFPPP,33.04369640533629,33.04369640533629,0.5,0.5,,,False,False,False
HAS.US,input/publication drift,FPPPP,FFFFP,63.22180363708468,63.22180363708468,0.5,0.5,fail,fail,False,False,False
HAUTO.OL,input/publication drift,FFPPP,FFPPP,227.62004178931474,227.79436309261882,0.5,0.5,,,False,False,False
HBB.US,method,FPFFP,FPFPP,,,0.35,0.35,,,False,False,False
HBR.LSE,input/publication drift,FFPFP,FFPFP,961.0121172500935,964.8667550637289,0.5,0.5,pass,pass,False,False,False
HCKT.US,method,PPFFP,PPFPP,16.639289747083804,16.639289747083804,0.35,0.35,pass,pass,False,False,False
HD.US,input/publication drift,PPPPP,PPPPP,326.92329773624425,335.91926768051064,0.35,0.35,,,False,False,False
HEIA.AS,method,PFPFP,PFPPP,47.11078915878385,47.11078915878385,0.5,0.5,fail,fail,False,False,False
HEINY.US,method,PFPFP,PFPPP,34.214150596796934,34.07461991377639,0.5,0.5,fail,fail,False,False,False
HEN.XETRA,method,PPPFP,PPPPP,58.3868795709586,58.3868795709586,0.25,0.25,fail,fail,False,False,False
HEXA-B.ST,input/publication drift,PPPPP,PPPPP,51.402439500023696,51.05984427346603,0.25,0.25,fail,fail,False,False,False
HGH.AU,input/publication drift,PFPFP,PFPFP,1.1842610602550458,1.187493074524835,0.35,0.35,,,False,False,False
HIK.LSE,method,PFPFP,PFPPP,2212.5981798538173,2221.472953082328,0.35,0.35,,,False,False,False
HINDALCO.NSE,input/publication drift,PFPPP,PFPPP,956.9199316673562,956.1027005258051,0.5,0.5,fail,fail,False,False,False
HLE.XETRA,method,PFFPP,PFPFP,40.69789585646305,40.69789585646305,0.35,0.35,fail,fail,False,False,False
HLF.US,method,PPFFP,PPFPP,35.5121143813506,35.5121143813506,0.5,0.5,pass,pass,False,False,False
HLN.LSE,input/publication drift,PFPPP,PFPPP,194.3775830565195,212.347379687942,0.5,0.5,fail,fail,False,False,False
HOC.LSE,input/publication drift,FFFPP,FFFPP,372.0504106826019,373.5427119302692,0.5,0.5,fail,fail,False,False,False
HP.US,method,FFFFP,FFFPP,34.746261036294236,34.746261036294236,0.5,0.5,fail,fail,False,False,False
HPQ.US,method,PPFFP,PPFPP,49.212690238012726,49.212690238012726,0.25,0.25,pass,pass,False,False,False
HR.US,input/publication drift,FFPFP,FFPFP,6.702851109767774,8.070563062466322,0.5,0.5,fail,fail,False,False,False
HRB.US,method,FPFFP,FPFPP,78.07906155240958,79.68441922020828,0.5,0.5,,,False,False,False
HRI.US,input/publication drift,FFFPP,FFFPP,0.5722000775894216,135.48474270166452,0.5,0.5,fail,unclear,False,False,False
HRL.US,input/publication drift,PPFFP,PPFFP,19.70485300199057,19.70485300199057,0.35,0.35,fail,unclear,False,False,False
HSBA.LSE,input/publication drift,PFPPP,PFPPP,530.285611602735,532.4125972398773,0.5,0.5,fail,fail,False,False,False
HSIC.US,method,PPPFP,PPPPP,64.20496193144693,65.62806629333453,0.5,0.5,fail,fail,False,False,False
HST.US,method,FFPFP,FFPPP,19.58305728173106,19.58305728173106,0.5,0.5,fail,fail,False,False,False
HSTM.US,method,PFPFP,PFPPP,26.770880608918922,26.770880608918922,0.35,0.35,fail,fail,False,False,False
HSX.LSE,input/publication drift,PFPPP,PFPPP,795.6386896841656,798.8300115459791,0.5,0.5,fail,fail,False,False,False
HTG.LSE,method,FFPFP,FFPPP,,,0.5,0.5,,,False,False,False
HUBG.US,method,FFPFP,FFPPP,39.347450325660546,39.347450325660546,0.5,0.5,,,False,False,False
HUH1V.HE,method,PFFFP,PFFPP,24.078942141842642,24.078942141842642,0.5,0.5,fail,fail,False,False,False
HUM.US,method,FFFFP,FFFPP,352.8344345163776,352.8344345163776,0.5,0.5,fail,fail,False,False,False
HWG.LSE,method,FFFPF,FFFFF,37.835028072608864,37.835028072608864,0.5,0.5,fail,fail,False,False,False
HYPE3.SA,input/publication drift,PFFFP,PFFFP,16.971599350694614,16.909622994086238,0.35,0.35,fail,fail,False,False,False
HZO.US,method,FFFFP,FFFPP,56.911306679982545,56.911306679982545,0.5,0.5,,,False,False,False
IBM.US,method,PPFPP,PPFFP,154.3109025167194,154.3109025167194,0.5,0.5,fail,fail,False,False,False
IBN.US,input/publication drift,PFFPP,PFFPP,18.528949661646703,18.45747830326041,0.5,0.5,fail,fail,False,False,False
ICE.US,input/publication drift,PPPPP,PPPPP,101.24014553626138,97.75705875256021,0.35,0.35,fail,fail,False,False,False
ICFI.US,method,PPPFP,PPPPP,77.84627729724993,77.84627729724993,0.35,0.35,fail,fail,False,False,False
ICLR.US,input/publication drift,PPPFP,PPPFP,180.87112857943978,172.968012781501,0.35,0.35,,,False,False,False
IFCN.SW,input/publication drift,PPPPP,PPPPP,82.81415564579812,82.80725389101475,0.15,0.15,fail,fail,False,False,False
IFT.AU,input/publication drift,FFFFP,FFFFP,7.243242222432697,7.263010044755084,0.5,0.5,fail,fail,False,False,False
IGO.AU,method,FFFPP,FFFFP,4.1329670458131424,4.1329670458131424,0.5,0.5,fail,fail,False,False,False
IHP.LSE,method,FFFFP,FFFPP,358.94735580041146,358.94735580041146,0.5,0.5,fail,fail,False,False,False
IIIV.US,input/publication drift,FFFPP,FFFPP,,15.300892698065828,0.5,0.5,,,False,False,False
INCH.LSE,method,PPPFP,PPPPP,939.2560601462162,939.2560601462162,0.35,0.35,,,False,False,False
INCY.US,method,FFPFP,FFPPP,117.27192545432318,119.53504197333952,0.5,0.5,,,False,False,False
INDIGO.NSE,input/publication drift,FFFPP,FFFPP,625.4406259871907,625.4008378697446,0.5,0.5,fail,fail,False,False,False
INDU-C.ST,method,PFFFP,PFFPP,531.6628870129468,531.6628870129468,0.29015169345305514,0.29015169345305514,,,False,False,False
INDV.US,method,FFFPF,FFFFF,,,0.5,0.5,,,False,False,False
INF.LSE,method,FFPPP,FFPFP,734.1170243118512,734.1170243118512,0.5,0.5,fail,fail,False,False,False
INFY.US,input/publication drift,PPPPP,PPPPP,16.928162866923987,16.927131958845482,0.15,0.15,pass,pass,True,True,False
INGR.US,method,PPPFP,PPPPP,114.90944231867392,114.90944231867392,0.35,0.35,,,False,False,False
INPST.AS,input/publication drift,FFFPP,FFFPP,4.507376228297248,4.509250041192255,0.5,0.5,fail,fail,False,False,False
INTC.US,method,FFFPP,FFFFP,,,0.5,0.5,,,False,False,False
IRE.AU,method,PFPFP,PFPPP,5.041211302237486,5.041211302237486,0.35,0.35,fail,fail,False,False,False
ISAE3.SA,input/publication drift,PFPPF,PFPPF,64.50277812021496,64.23637499981974,0.35,0.35,pass,pass,False,False,False
ISS.CO,method,FFPFP,FFPPP,263.3581935789695,263.3581935789695,0.5,0.5,fail,fail,False,False,False
ITGR.US,input/publication drift,PFPPP,PFPPP,48.752083912368846,49.27120314274112,0.5,0.5,fail,fail,False,False,False
ITH.LSE,input/publication drift,FFPFP,FFPFP,487.2187465964015,489.17299022187893,0.5,0.5,,,False,False,False
ITSA3.SA,input/publication drift,FFFFP,FFFFP,9.18981945072911,9.15618283728184,0.5,0.5,fail,fail,False,False,False
ITUB.US,input/publication drift,PPPFP,PPPFP,12.494294306136668,12.396551309173022,0.25,0.25,,,False,False,False
ITW.US,input/publication drift,PPPPP,PPPPP,183.7167049881546,183.84484875980206,0.15,0.15,fail,fail,False,False,False
IVT.US,method,FFPPP,FFPFP,17.753230459801085,17.753230459801085,0.5,0.5,fail,fail,False,False,False
IVZ.US,input/publication drift,FFFFP,FFFFF,31.434563059448653,30.1345463967186,0.5,0.5,,fail,False,False,False
JD.LSE,method,PPFFP,PPFPP,68.7548944010901,68.7548944010901,0.5,0.5,fail,fail,False,False,False
JDW.LSE,method,FFPFP,FFPPP,520.9600521788394,520.9600521788394,0.5,0.5,fail,fail,False,False,False
JJSF.US,method,FFFFP,FFFPP,51.063398128883335,51.063398128883335,0.5,0.5,fail,fail,False,False,False
JKHY.US,method,PPPFP,PPPPP,104.65358206677318,168.59783184125175,0.25,0.15,fail,fail,False,False,False
JKS.US,input/publication drift,FFFFP,FFFFP,,78.87704596846818,0.5,0.5,,pass,False,False,False
JSG.LSE,input/publication drift,FFPPP,FFPPP,98.06484993418091,98.61057085055876,0.5,0.5,fail,fail,False,False,False
JSWSTEEL.NSE,input/publication drift,FFPPP,FFPPP,700.0636884671407,699.5746130813458,0.5,0.5,fail,fail,False,False,False
K.TO,input/publication drift,FFPPP,FFPPP,20.838365343656204,20.900800166343714,0.5,0.5,fail,fail,False,False,False
KARO.US,input/publication drift,PPPPP,PPPPP,25.781441627206448,25.65321827693851,0.25,0.25,fail,fail,False,False,False
KBX.XETRA,method,PFFPP,PFFFP,49.418466319479506,49.418466319479506,0.35,0.35,fail,fail,False,False,False
KCR.HE,input/publication drift,FFFPP,FFFPP,20.073326654309607,20.054998618130053,0.5,0.5,fail,fail,False,False,False
KDP.US,method,PFPFP,PFPPP,26.763956526604872,26.763956526604872,0.5,0.5,fail,fail,False,False,False
KEMIRA.HE,input/publication drift,PFPPP,PFPPP,13.441397590916093,13.43290623201186,0.35,0.35,fail,fail,False,False,False
KEP1.F,input/publication drift,PFFFP,PFFPP,3.72706558798636,3.7445688601845033,0.5,0.5,fail,fail,False,False,False
KIMBERA.MX,method,PPPFP,PPPPP,35.602597451336955,35.66762519520044,0.25,0.25,fail,fail,False,False,False
KLBN3.SA,input/publication drift,FFPFP,FFPFP,6.361515677057022,6.3408446820953035,0.5,0.5,,,False,False,False
KMB.US,method,PPPFP,PPPPP,55.89420659708782,63.93189328298028,0.35,0.35,fail,fail,False,False,False
KMI.US,input/publication drift,PFPPP,PFPPP,16.34364706894,16.32914175081649,0.5,0.5,fail,fail,False,False,False
KMR.IR,method,FFFFP,FFFPP,11.822999851380454,11.878523742686355,0.5,0.5,pass,pass,False,False,False
KMT.US,method,FFPFF,FFPPF,32.34570288482645,32.34570288482645,0.5,0.5,fail,fail,False,False,False
KNEBV.HE,method,PPPPP,PPPFP,27.637373849923545,26.128207090057,0.15,0.25,fail,fail,False,False,False
KOD.US,method,FFFPP,FFFFP,,,0.5,0.5,,,False,False,False
KOP.US,method,PFPFP,PFPPP,40.011376446063935,40.011376446063935,0.5,0.5,fail,fail,False,False,False
KPN.AS,method,FFPFP,FFPPP,2.4853789978367886,2.654494402436689,0.5,0.5,fail,fail,False,False,False
KR.US,method,PFFFP,PFFPP,53.372069490917696,53.372069490917696,0.5,0.5,fail,fail,False,False,False
KRC.US,input/publication drift,PFFFP,PFFFP,,4.859852612499305,0.25,0.5,,fail,False,False,False
LABB.MX,method,PFPFP,PFPPP,20.393107992814453,20.434099865526953,0.35,0.35,pass,pass,False,False,False
LAD.US,method,PFPFP,PFPPP,1117.6439496126918,1117.6439496126918,0.5,0.5,pass,pass,False,False,False
LAGR-B.ST,input/publication drift,PPPPP,PPPPP,144.63232903523814,156.1457463876082,0.35,0.15,fail,fail,False,False,False
LASR.US,method,FFFPF,FFFFF,,,0.5,0.5,,,False,False,False
LEG.XETRA,input/publication drift,FFFFP,FFFFP,218.383018917799,93.08936304173733,0.5,0.5,pass,pass,False,False,False
LEGH.US,method,PFFFP,PFFPP,25.116522108531868,25.116522108531868,0.25,0.25,fail,fail,False,False,False
LGEN.LSE,method,FFFPP,FFFFP,389.2520794706765,389.79128355788987,0.5,0.5,,,False,False,False
LGIH.US,method,FFFFF,FFFPF,82.95796396217007,82.95796396217007,0.5,0.5,,,False,False,False
LI.PA,method,PFFFP,PFFPP,19.91353251848654,19.91353251848654,0.5,0.5,fail,fail,False,False,False
LIFCO-B.ST,input/publication drift,PPPPP,PPPPP,221.29932518327297,223.83029959260872,0.15,0.15,fail,fail,False,False,False
LIGHT.AS,method,FPPFP,FPPPP,44.54729009690907,44.54729009690907,0.25,0.25,pass,pass,False,False,False
LII.US,input/publication drift,PPPPP,PPPPP,359.523030742827,359.523030742827,0.35,0.35,fail,unclear,False,False,False
LILA.US,method,FFFPP,FFFFP,,,0.5,0.5,,,False,False,False
LISP.SW,method,PFPFP,PFPPP,,,0.25,0.25,,,False,False,False
LIVEPOLC-1.MX,method,FFPFP,FFPPP,193.7411599862822,194.14735658287535,0.5,0.5,,,False,False,False
LKFT.US,input/publication drift,FFPFF,FFPFF,78.58701636644555,78.21967636281319,0.5,0.5,pass,pass,False,False,False
LKQ.US,method,PFPFP,PFPPP,57.51672042194989,57.51672042194989,0.5,0.5,pass,pass,False,False,False
LLY.US,input/publication drift,PPPPP,PPPPP,334.2290102072007,350.22777958320836,0.35,0.35,fail,fail,False,False,False
LMT.US,input/publication drift,PPPPP,PPPPP,507.12100028581233,529.3934081185249,0.15,0.15,fail,unclear,False,False,False
LNW.AU,input/publication drift,FFPPF,FFPPF,101.36958251831304,101.64623430415426,0.5,0.5,fail,fail,False,False,False
LOCO.US,method,FFFFP,FFFPP,10.804131411206145,10.804131411206145,0.5,0.5,fail,fail,False,False,False
LOG.MC,input/publication drift,PPPPP,PPPPP,34.095783414359595,42.59317373907971,0.25,0.25,fail,unclear,False,False,False
LOMA.US,method,PFFFP,PFFPP,5.680702164702935,5.680702164702935,0.35,0.35,fail,fail,False,False,False
LOOMIS.ST,method,PPPFP,PPPPP,494.8205875455694,494.8205875455694,0.25,0.25,fail,fail,False,False,False
LPX.US,input/publication drift,FFPPP,FFPPP,65.24541971539173,65.24541971539173,0.5,0.5,fail,unclear,False,False,False
LRE.LSE,input/publication drift,FFPFP,FFPFP,300.9124118698383,302.1193772561903,0.5,0.5,fail,fail,False,False,False
LREN3.SA,method,PFFFP,PFFPP,10.146308814229174,10.109400467328687,0.35,0.35,fail,fail,False,False,False
LSCC.US,input/publication drift,FFPPF,FFPPF,14.085049747340866,14.112977849127569,0.5,0.5,fail,fail,False,False,False
LTOD.LSE,input/publication drift,PFPPP,PFPPP,20.44403538931613,20.365177007872287,0.35,0.35,fail,fail,False,False,False
LW.US,method,PPFFP,PPFPP,39.89440374699939,39.89440374699939,0.5,0.5,fail,fail,False,False,False
M2L.F,input/publication drift,PFPFP,PFPFP,0.921937614433864,0.9262672739566687,0.5,0.5,fail,fail,False,False,False
MA.US,input/publication drift,PPPPP,PPPPP,408.3649697101414,405.72770610110405,0.15,0.15,fail,fail,False,False,False
MAERSK-B.CO,method,FFFFP,FFFPP,42079.8917476154,41974.81913035242,0.5,0.5,,,False,False,False
MAR.US,input/publication drift,FPPPP,FPPPP,128.85608797776786,137.79478263132495,0.5,0.5,fail,fail,False,False,False
MARUTI.NSE,input/publication drift,FFPPP,FFPPP,7306.865443416894,7300.339826441932,0.5,0.5,fail,fail,False,False,False
MAT.US,method,FFFFP,FFFPP,21.046093935742807,21.046093935742807,0.5,0.5,,,False,False,False
MAU.PA,input/publication drift,FFPPP,FFPPP,11.452877353599481,11.506663053110154,0.5,0.5,,,False,False,False
MAXHEALTH.NSE,input/publication drift,FPPPP,FPPPP,159.4148175526432,159.28866251789887,0.5,0.5,fail,fail,False,False,False
MBC.US,input/publication drift,PPPFP,PPPFP,,9.41159193454079,0.5,0.5,,,False,False,False
MBG.XETRA,method,FFFFP,FFFPP,163.02622723319433,163.02622723319433,0.5,0.5,pass,pass,False,False,False
MBRF3.SA,input/publication drift,FFPFP,FFPFP,40.671718557388914,40.56787039964705,0.5,0.5,pass,pass,False,False,False
MCHP.US,method,FFFPP,FFFFP,35.727012971186234,35.727012971186234,0.5,0.5,fail,fail,False,False,False
MCY.AU,input/publication drift,PFPPP,PFPPP,1.245803170861185,1.2492031421687824,0.5,0.5,fail,fail,False,False,False
MDLZ.US,method,PFFFP,PFFPP,49.35948646522679,49.35948646522679,0.35,0.35,fail,fail,False,False,False
MDT.US,method,PPPFP,PPPPP,64.76900327168346,64.76900327168346,0.35,0.35,fail,fail,False,False,False
MEGP.LSE,method,FPPFP,FPPPP,195.74306199130064,195.74306199130064,0.5,0.5,,,False,False,False
MELE.BR,method,PFFFP,PFFPP,55.79924003109673,55.79924003109673,0.35,0.35,fail,fail,False,False,False
MEZ.AU,input/publication drift,PFPFP,PFPFP,1.560762636673991,1.5650221764687031,0.5,0.5,fail,fail,False,False,False
MFC.TO,input/publication drift,PPPPP,PPPPP,42.296253418511725,42.42288810983718,0.35,0.35,fail,fail,False,False,False
MG.TO,input/publication drift,PFFFP,PFFFP,40.77630963303367,40.89848148383888,0.5,0.5,fail,fail,False,False,False
MG.US,method,FFPFP,FFPPP,10.155233602314333,10.155233602314333,0.5,0.5,fail,fail,False,False,False
MHID.LSE,input/publication drift,PFPPP,PFPPP,31.11631916573813,30.99629479094261,0.5,0.5,fail,fail,False,False,False
MHK.US,input/publication drift,FFFFP,FFFFP,120.08228652087476,120.08228652087476,0.5,0.5,fail,unclear,False,False,False
MIDD.US,method,PPPFP,PPPPP,124.71128635415558,124.71128635415558,0.35,0.35,,,False,False,False
MIN.AU,method,FFFPP,FFFFP,,,0.5,0.5,,,False,False,False
MKTX.US,method,PFFFP,PFFPP,164.42344673396553,164.42344673396553,0.25,0.25,,,False,False,False
ML.PA,method,PFFFP,PFFPP,,,0.35,0.35,,,False,False,False
MLI.US,input/publication drift,FPPPP,FPPPP,61.03780677404488,61.03780677404488,0.5,0.5,fail,unclear,False,False,False
MLKN.US,input/publication drift,FFFFP,FFFFP,20.679818820814127,20.679818820814127,0.5,0.5,fail,unclear,False,False,False
MMS.US,input/publication drift,PPPPP,PPPPP,132.68090656960499,128.60022293619306,0.5,0.5,pass,pass,True,True,False
MMT.PA,method,PFFFP,PFFPP,16.79711433370986,16.79711433370986,0.25,0.25,pass,pass,False,False,False
MNDI.LSE,input/publication drift,PFFFP,PFFFP,135.9096828642328,135.81698717835764,0.5,0.5,fail,fail,False,False,False
MO.US,input/publication drift,FPPFP,FPPFP,37.54945895968276,36.253110634905205,0.35,0.5,fail,fail,False,False,False
MOMO.US,method,FFFFP,FFFPP,,,0.35,0.35,,,False,False,False
MONY.LSE,method,PFPFP,PFPPP,219.65266904952298,219.65266904952298,0.25,0.25,,,False,False,False
MOS.US,method,FFFFP,FFFPP,24.711735597852716,24.711735597852716,0.5,0.5,,,False,False,False
MOWI.OL,method,FFPPP,FFPFP,241.96923810813868,241.022643444675,0.5,0.5,,,False,False,False
MPC.US,method,FFPFP,FFPPP,526.6483593145197,526.6483593145197,0.5,0.5,,,False,False,False
MPLX.US,input/publication drift,FFPPP,FFPPP,69.19608619676741,69.13638683125288,0.5,0.5,,,False,False,False
MRK.XETRA,method,PFPFP,PFPPP,83.01314735447632,83.01314735447632,0.35,0.35,fail,fail,False,False,False
MRO.LSE,method,FFPPP,FFPFP,116.63791553030734,116.63791553030734,0.5,0.5,fail,fail,False,False,False
MT.AS,input/publication drift,FFFFP,FFFFP,24.19463971367089,24.308264052885484,0.5,0.5,fail,fail,False,False,False
MTCH.US,input/publication drift,FPPPP,FPPPP,34.38087504757466,33.8332458911515,0.5,0.5,fail,fail,False,False,False
MTH.US,method,FFFFP,FFFPP,138.6243232863147,138.6243232863147,0.5,0.5,pass,pass,False,False,False
MTN.US,method,PPFFP,PPPPP,108.59042893160382,107.70463209719185,0.5,0.5,fail,fail,False,False,False
MULT3.SA,method,PFPFP,PFPPP,23.082249094444432,22.995734962829417,0.35,0.35,fail,fail,False,False,False
MUR.US,method,FFPFP,FFPPP,34.64666969331517,34.65429488351562,0.5,0.5,fail,fail,False,False,False
MYCR.ST,input/publication drift,PPPPP,PPPPP,181.89547825596776,195.9470829200743,0.15,0.15,fail,fail,False,False,False
NCC.LSE,input/publication drift,FFFFP,FFFFP,118.81673296279645,119.1210989731543,0.5,0.5,fail,fail,False,False,False
NDA.XETRA,method,FFFFP,FFFPP,49.96829777014583,49.96829777014583,0.5,0.5,fail,fail,False,False,False
NEE.US,input/publication drift,PFFFP,PFFFP,41.79345875042544,41.78598852239462,0.5,0.5,fail,fail,False,False,False
NESTE.HE,method,FFFPP,FFFFP,10.719567044986945,10.719567044986945,0.5,0.5,fail,fail,False,False,False
NHY.OL,method,FFPPP,FFPFP,50.51042606563542,50.51042606563542,0.5,0.5,fail,fail,False,False,False
NIC.AU,method,FFPPP,FFPFP,0.7555716292518,0.7576336900334524,0.5,0.5,fail,fail,False,False,False
NK7.F,input/publication drift,PFPPP,PFPPP,23.519881977387385,23.6303374782633,0.35,0.35,fail,fail,False,False,False
NKE.US,method,PPFFP,PPFPP,43.0871897503198,43.0871897503198,0.35,0.35,,,False,False,False
NKT.CO,input/publication drift,FFFFP,FFFFP,180.18995459908672,179.9463148613502,0.5,0.5,fail,fail,False,False,False
NOD.OL,input/publication drift,FFFFP,FFFFP,25.876446750624257,25.896264056196244,0.5,0.5,fail,fail,False,False,False
NOMD.US,method,PFPFP,PFPPP,20.78486012018387,20.687705259940227,0.5,0.5,,,False,False,False
NOS.LS,method,PFFFP,PFFPP,2.9326494068507443,2.9326494068507443,0.5,0.5,fail,fail,False,False,False
NOV.US,method,FFPFP,FFPPP,12.85949184216333,12.85949184216333,0.5,0.5,fail,fail,False,False,False
NOVN.SW,input/publication drift,PPPPP,PPPPP,98.20698909270416,98.19880449489663,0.35,0.35,fail,fail,False,False,False
NSIS-B.CO,input/publication drift,PFPFP,PFPFP,145.56244647551716,145.3656275331822,0.35,0.35,fail,fail,False,False,False
NSP.US,method,FPFFP,FPFPP,70.97677062107805,70.97677062107805,0.5,0.5,,,False,False,False
NSRGY.US,input/publication drift,PPFPP,PPFPP,47.877428152675904,47.95739551415884,0.5,0.5,fail,fail,False,False,False
NTPC.NSE,input/publication drift,PFFPP,PFFPP,247.07833307015215,246.8615925281725,0.5,0.5,fail,fail,False,False,False
NTR.TO,method,FFPFP,FFPPP,94.76762285461707,91.5397939270239,0.5,0.5,fail,fail,False,False,False
NTRS.US,method,PFPFP,PFPPP,550.0917287309713,550.0917287309713,0.25,0.25,pass,pass,False,False,False
NUE.US,method,FPFFP,FPFPP,207.06716211081113,207.06716211081113,0.5,0.5,fail,fail,False,False,False
NVEC.US,method,PPFFP,PPFPP,48.27007202571786,48.27007202571786,0.25,0.25,fail,fail,False,False,False
NVG.LS,method,PFFFP,PFFPP,3.759974108394157,3.759974108394157,0.5,0.5,,,False,False,False
O.US,input/publication drift,PFFFP,PFFFP,54.89307392880539,55.70009443056628,0.25,0.25,,,False,False,False
OCA.AU,input/publication drift,FFFFP,FFFFP,0.229737000044609,0.23036398448863257,0.5,0.5,fail,fail,False,False,False
OCBA.F,input/publication drift,PPPPP,PPPPP,20.94509593288743,21.04335635628551,0.35,0.35,fail,fail,False,False,False
OLN.US,method,FFPFP,FFPPP,81.47599763535771,81.47599763535771,0.5,0.5,pass,pass,False,False,False
OMAB.MX,input/publication drift,PPPPP,PPPPP,135.01144042308118,135.27430135773517,0.25,0.25,fail,fail,False,False,False
OMC.US,input/publication drift,PPFPP,PPFPP,112.77524511231759,108.55705633150795,0.35,0.35,,,False,False,False
ONIT.US,method,FFFFF,FFFPF,,,0.5,0.5,,,False,False,False
ONON.US,input/publication drift,FFPPP,FFPPP,12.234285161840225,12.235304855552663,0.5,0.5,fail,fail,False,False,False
OPCH.US,input/publication drift,FFPPP,FFPPP,22.136589664678244,22.315007973940258,0.5,0.5,fail,fail,False,False,False
OPLN.US,method,FFFPP,FFFFP,19.195179144274093,19.195179144274093,0.5,0.5,fail,fail,False,False,False
OPTU.US,input/publication drift,FFPFP,FFPFP,,8.036877208944743,0.5,0.5,,pass,False,False,False
OSB.LSE,method,FFPFP,FFPPP,2055.1723280651167,2055.1723280651167,0.5,0.5,pass,pass,False,False,False
OUT.US,input/publication drift,FFPFP,FFPFP,15.021906671845224,14.813269079180706,0.5,0.5,fail,fail,False,False,False
OXY.US,input/publication drift,FFPFP,FFPFP,65.51823445202237,57.60735889314764,0.5,0.5,,fail,False,False,False
PAF.LSE,input/publication drift,FPFPP,FPFPP,46.074200069527635,46.25900455912055,0.5,0.5,fail,fail,False,False,False
PAGS.US,method,PPFFP,PPFPP,,,0.5,0.5,,,False,False,False
PAH3.XETRA,method,FFFFP,FFFPP,,,0.5,0.5,,,False,False,False
PBH.US,method,FFPFP,FFPPP,60.81821049002581,60.81821049002581,0.5,0.5,,,False,False,False
PBI.US,method,FPFPP,FPFFP,3.632865331518546,3.632865331518546,0.5,0.5,fail,fail,False,False,False
PE&OLES.MX,method,FFFPP,FFFFP,350.6431803936891,350.529374629505,0.5,0.5,fail,fail,False,False,False
PETR3.SA,method,PFFFP,PFFPP,409.92010037351065,418.926258398197,0.5,0.5,pass,pass,False,False,False
PETS.LSE,method,PPFFP,PPFPP,186.47838508369966,186.47838508369966,0.5,0.5,fail,fail,False,False,False
PFE.US,method,PPPFP,PPPPP,28.313605883324016,29.50445576879168,0.35,0.35,,,False,False,False
PFG.US,method,FFFFP,FFFPP,122.49230052478048,122.49230052478048,0.5,0.5,,,False,False,False
PG.US,input/publication drift,PPPPP,PPPPP,98.70030350639796,98.77512523699697,0.15,0.15,fail,fail,False,False,False
PH.US,input/publication drift,PPPPP,PPPPP,353.0738299868908,359.2177246112423,0.25,0.25,fail,fail,False,False,False
PINE.LSE,method,FFFPF,FFFFF,103.13575367303172,107.36964744834252,0.5,0.5,fail,fail,False,False,False
PIRC.MI,method,PFPFP,PFPPP,,,0.35,0.35,,,False,False,False
PK.US,method,FFFPP,FFFFP,6.818479807477721,6.818479807477721,0.5,0.5,fail,fail,False,False,False
PKF1.F,input/publication drift,PFPPP,PFPPP,1.0018480921910984,1.0065530321619258,0.35,0.35,fail,fail,False,False,False
PLTR.US,input/publication drift,FFPPP,FFPPP,,7.129978176213144,0.5,0.5,,fail,False,False,False
PLUS.LSE,input/publication drift,PPPPP,PPPPP,4079.5604201792808,4095.9236143329927,0.25,0.25,,,False,False,False
POLN.LSE,method,PFPPP,PFPFP,1259.4504071234328,1259.4504071234328,0.35,0.35,,,False,False,False
POMO3.SA,input/publication drift,FFPFP,FFPFP,9.289156383519707,9.253702198937374,0.5,0.5,pass,pass,False,False,False
POWERGRID.NSE,input/publication drift,PFFPP,PFFPP,283.9688658719302,283.72803556377755,0.5,0.5,,,False,False,False
POWL.US,input/publication drift,FFPPP,FFPPP,57.95824145850699,57.956785843389305,0.5,0.5,fail,fail,False,False,False
PPG.US,method,PPFFP,PPFPP,77.53043825770251,77.53043825770251,0.35,0.35,fail,fail,False,False,False
PPH.LSE,method,FFFPP,FFFFP,,,0.5,0.5,,,False,False,False
PPL.US,method,PFFPP,PFFFP,14.020710032770308,14.020710032770308,0.5,0.5,fail,fail,False,False,False
PRIO3.SA,input/publication drift,FFFFP,FFFFP,15.316715858827035,15.844394322718662,0.5,0.5,fail,fail,False,False,False
PRKS.US,method,FFPFP,FFPPP,61.375435465166746,61.375435465166746,0.5,0.5,,,False,False,False
PRTH.US,method,FFPFP,FFPPP,11.567470489643416,11.567470489643416,0.5,0.5,,,False,False,False
PRU.AU,input/publication drift,FFPPP,FFPPP,6.839789690204235,6.8584564340692555,0.5,0.5,fail,fail,False,False,False
PRU.LSE,input/publication drift,PPPFP,PPPFP,1869.6501658528232,1877.1493680982517,0.5,0.5,pass,pass,False,False,False
PRX.AS,input/publication drift,FFPPP,FFPPP,93.43477145068304,93.87356550967255,0.5,0.5,pass,pass,False,False,False
PSSA3.SA,input/publication drift,PPPFP,PPPFP,32.820158544117675,32.64960981250908,0.25,0.25,fail,fail,False,False,False
PSX.US,method,FFFFP,FFFPP,200.61452923128724,198.91227716877293,0.5,0.5,fail,fail,False,False,False
PTEC.LSE,input/publication drift,FFFFF,FFFFF,310.76109157806883,310.5491404358097,0.5,0.5,fail,fail,False,False,False
PUM.XETRA,method,FFFFP,FFFPP,12.126185130315802,12.126185130315802,0.5,0.5,fail,fail,False,False,False
PVH.US,method,FFFFP,FFFPP,204.26775123169807,204.26775123169807,0.5,0.5,pass,pass,False,False,False
PWP.US,input/publication drift,FFFFP,FFFFP,,0.35335418556046516,0.5,0.5,,fail,False,False,False
Q.MX,input/publication drift,PPPPP,PPPPP,131.79556259533584,132.1879705500114,0.5,0.5,fail,fail,False,False,False
QFIN.US,method,FFPFP,FFPPP,87.03466606185339,87.03466606185339,0.5,0.5,pass,pass,False,False,False
QLT.LSE,method,FFFPP,FFFFP,307.60143607620387,307.60143607620387,0.5,0.5,,,False,False,False
QQ.LSE,method,FPPPP,FPPFP,348.98238284098323,348.98238284098323,0.5,0.5,fail,fail,False,False,False
QRVO.US,method,FFPFF,FFPPF,54.98075874337375,54.98075874337375,0.5,0.5,fail,fail,False,False,False
QSR.TO,input/publication drift,PPPPP,PPPPP,83.47311901120914,83.72321681392498,0.5,0.5,fail,fail,False,False,False
RACE.MI,input/publication drift,PPPPP,PPPPP,181.05307808681695,181.12898207555568,0.15,0.15,fail,fail,False,False,False
RADL3.SA,input/publication drift,PFFPP,PFFPP,2.0625463058208076,4.421554742046454,0.5,0.5,fail,fail,False,False,False
RBA.US,input/publication drift,PFPFP,PFPFP,58.03023709673327,58.374909131325104,0.35,0.35,fail,fail,False,False,False
RCI-B.TO,method,PFPFP,PFPPP,45.90127598174947,48.54094655139526,0.5,0.5,,,False,False,False
RCKT.US,method,FFFPP,FFFFP,,,0.5,0.5,,,False,False,False
RDOR3.SA,input/publication drift,PFPPP,PFPPP,33.664306562667576,33.60211295554382,0.35,0.35,fail,fail,False,False,False
REP.MC,method,FFFFP,FFFPP,15.102611692996254,15.102611692996254,0.5,0.5,fail,fail,False,False,False
REXR.US,input/publication drift,PFFFP,PFFFP,20.269086227360223,20.269171034824904,0.5,0.5,fail,fail,False,False,False
REYN.US,input/publication drift,PPFPP,PPFPP,18.912802736701657,18.91492088570059,0.35,0.35,fail,fail,False,False,False
RGEN.US,input/publication drift,FFPFP,FFPFP,38.48458457766134,42.75235409058682,0.5,0.5,fail,fail,False,False,False
RGN.AU,method,PFFPP,PFFFP,0.394684383757646,0.394684383757646,0.5,0.5,fail,fail,False,False,False
RHIM.LSE,method,PFPFP,PFPPP,3705.4243421420747,3702.897098728546,0.5,0.5,,,False,False,False
RI.PA,method,PFFFP,PFFPP,63.236276490558794,63.236276490558794,0.5,0.5,fail,fail,False,False,False
RIGD.LSE,method,PFFFP,PFFPP,56.510056835067196,56.2920816881624,0.5,0.5,fail,fail,False,False,False
RIO.AU,input/publication drift,PFPPP,PFPPP,158.27084487547222,158.70278817437537,0.5,0.5,fail,fail,False,False,False
RKT.LSE,method,FPPPP,FPPFP,3313.242266239189,3313.242266239189,0.5,0.5,fail,fail,False,False,False
RMBS.US,input/publication drift,FFPPP,FFPPP,36.3066722760204,37.35327601274255,0.5,0.5,fail,fail,False,False,False
RMNI.US,method,FPFFF,FPFPF,4.220662871354292,4.220662871354292,0.5,0.5,,,False,False,False
RNG.US,method,FFFPF,FFFFF,,,0.5,0.5,,,False,False,False
ROG.US,input/publication drift,PFFFP,PFFFP,43.08819834368536,43.040452074813366,0.35,0.35,fail,fail,False,False,False
ROK.US,input/publication drift,PPPFP,PPPFP,147.00435754636493,147.30257542565752,0.25,0.25,fail,fail,False,False,False
ROST.US,input/publication drift,PPPPP,PPPPP,156.81300050608638,155.05542162404032,0.15,0.15,fail,fail,False,False,False
RS1.LSE,method,PPPFP,PPPPP,600.4065439319353,626.3339871940542,0.25,0.15,fail,fail,False,False,False
RTHA.F,method,PFFFP,PFFPP,4.552514194621786,4.573893988793165,0.5,0.5,,,False,False,False
RTO.LSE,input/publication drift,PPPPP,PPPPP,329.6053277925391,330.92738100839273,0.35,0.35,,,False,False,False
RUI.PA,method,PFFFP,PFFPP,29.402371197716477,29.402371197716477,0.5,0.5,fail,fail,False,False,False
RWC.AU,input/publication drift,PFPFP,PFPFP,5.9132507294450765,5.929388818739588,0.35,0.35,fail,fail,False,False,False
RYN.US,input/publication drift,FFFFP,FFFFP,10.36413585368329,9.534484360584885,0.5,0.5,fail,fail,False,False,False
S05.F,input/publication drift,PFFFP,PFFFP,0.9370947418574788,0.9414955832043685,0.35,0.35,fail,fail,False,False,False
S32.AU,method,FFFPP,FFFFP,,,0.5,0.5,,,False,False,False
SAFE.LSE,method,FFFFP,FFFPP,1398.829812197644,1398.829812197644,0.5,0.5,pass,pass,False,False,False
SAGA-B.ST,input/publication drift,PFPPP,PFPPP,142.24525730156822,112.98449913826302,0.5,0.5,fail,fail,False,False,False
SAN.PA,method,FPPFP,FPPPP,85.45477089423538,85.45477089423538,0.5,0.5,,,False,False,False
SAP.XETRA,input/publication drift,PPPPP,PPPPP,68.36202443729307,69.59373088992395,0.25,0.25,fail,fail,False,False,False
SBMO.AS,method,PFFFP,PFFPP,43.20123091286516,43.404115162179174,0.5,0.5,,,False,False,False
SBRY.LSE,method,PFFPP,PFFFP,,,0.35,0.35,,,False,False,False
SBSP3.SA,method,PFPFP,PFPPP,,23.118060312018773,0.35,0.35,,fail,False,False,False
SCA-B.ST,method,FFFPP,FFFFP,54.66666325321021,54.66666325321021,0.5,0.5,fail,fail,False,False,False
SCMN.SW,method,PFPPP,PFPFP,447.75544115377687,447.75544115377687,0.5,0.5,fail,fail,False,False,False
SCSC.US,method,FFPFP,FFPPP,60.16034944849442,60.16034944849442,0.5,0.5,fail,unclear,False,False,False
SD.US,method,FFPFP,FFPPP,36.26454741464832,36.26454741464832,0.5,0.5,pass,pass,False,False,False
SDZ.SW,input/publication drift,FFPUP,FFPUP,24.136817652150167,24.1348060830484,0.5,0.5,fail,fail,False,False,False
SEB-A.ST,input/publication drift,PPPPP,PPPPP,185.6507036932896,185.66836251391987,0.35,0.35,fail,fail,False,False,False
SFR.AU,method,FFPPP,FFPFP,11.766751154380229,11.798864266021194,0.5,0.5,fail,fail,False,False,False
SGH.AU,method,FFFPP,FFFFP,9.936023178737006,9.936023178737006,0.5,0.5,fail,fail,False,False,False
SGM.AU,method,FFPPP,FFPFP,6.581536101559438,6.581536101559438,0.5,0.5,fail,fail,False,False,False
SGU.US,method,FPPFP,FPPPP,22.126979237370787,22.126979237370787,0.5,0.5,,,False,False,False
SHA0.XETRA,input/publication drift,FFFFP,FFFFP,8.046908844879303,8.310262498212206,0.5,0.5,,,False,False,False
SHEL.LSE,method,FFPFP,FFPPP,3352.599389818466,3366.0467295033645,0.5,0.5,fail,fail,False,False,False
SHOP.TO,input/publication drift,FFFPP,FFFPP,34.74685506437094,34.83776118171926,0.5,0.5,fail,fail,False,False,False
SIA1.F,input/publication drift,FFFPP,FFFPP,11.04743188006175,11.09931350186912,0.5,0.5,pass,pass,False,False,False
SIE.XETRA,input/publication drift,PFPPP,PFPPP,161.09020192169675,161.07317359920387,0.35,0.35,fail,fail,False,False,False
SIGN.SW,input/publication drift,FFPPP,FFPPP,6.9211734139367636,6.88824759393237,0.5,0.5,fail,fail,False,False,False
SIRI.US,method,FPPFP,FPPPP,42.80127349972066,45.28320080509793,0.5,0.5,,,False,False,False
SIT4.F,input/publication drift,PFFPP,PFFPP,0.9989315041937066,1.0036227471065122,0.35,0.35,fail,fail,False,False,False
SJX.F,input/publication drift,PPFPP,PPFPP,1.6510350989576386,1.6587887904512613,0.5,0.5,fail,fail,False,False,False
SKA-B.ST,method,PFFFP,PFFPP,153.52859435984172,153.52859435984172,0.35,0.35,fail,fail,False,False,False
SKT.AU,input/publication drift,FFFFP,FFFFP,3.806806023547394,3.817195330266451,0.5,0.5,,,False,False,False
SLB.US,method,FFPFP,FFPPP,39.58336387249658,39.58336387249658,0.5,0.5,fail,fail,False,False,False
SLM.US,method,PFPFP,PFPPP,93.09668095048958,93.09668095048958,0.35,0.35,pass,pass,False,False,False
SM.US,method,FFFFP,FFFPP,58.10243907861893,58.10243907861893,0.5,0.5,,,False,False,False
SNN.US,method,PFFPP,PFFFP,18.401531849037205,22.346726001136542,0.5,0.35,fail,fail,False,False,False
SNZ.AU,input/publication drift,FFFFP,FFFPP,16.697455045063744,16.743024738086657,0.5,0.5,pass,pass,False,False,False
SOBI.ST,input/publication drift,PFPFP,PFPFP,243.5815994141217,243.50966062024372,0.35,0.35,fail,fail,False,False,False
SOI.PA,method,FFFFP,FFFPP,19.842360560180815,19.842360560180815,0.5,0.5,fail,fail,False,False,False
SOLB.BR,method,FFFPP,FFFFP,55.899879992777166,55.899879992777166,0.5,0.5,pass,pass,False,False,False
SOU.F,input/publication drift,PPPPP,PPPPP,7.412652569210462,7.447464319249789,0.25,0.25,fail,fail,False,False,False
SPB.US,method,FFFFP,FFFPP,104.47825757865577,104.47825757865577,0.5,0.5,,,False,False,False
SPK.AU,input/publication drift,FFFFP,FFFPP,2.301968795799119,2.3082511909958594,0.5,0.5,,,False,False,False
SPOT.US,input/publication drift,FFPFP,FFPFP,49.244564462794564,49.01438014832348,0.5,0.5,fail,fail,False,False,False
SRE.LSE,input/publication drift,FFPFP,FFPFP,177.84619486028984,177.72489684336097,0.5,0.5,pass,pass,False,False,False
SRRK.US,method,FFFPP,FFFFP,,,0.5,0.5,,,False,False,False
SSL.US,input/publication drift,PFFFP,PFFFP,17.6828564756659,17.5949112345734,0.5,0.5,,,False,False,False
STAN.LSE,input/publication drift,PFPPP,PFPPP,276.9133415207986,278.0240461811941,0.5,0.5,fail,fail,False,False,False
STERV.HE,input/publication drift,FFFFP,FFFFP,10.289836228135366,9.895900566476959,0.5,0.5,,,False,False,False
STMMI.MI,method,FFFFP,FFFPP,,,0.5,0.5,,,False,False,False
STNE.US,method,FPFFP,FPFPP,,,0.35,0.35,,,False,False,False
STO.AU,input/publication drift,FFFFP,FFFFP,4.378095319384054,4.390043754591154,0.5,0.5,fail,fail,False,False,False
STT.US,method,PFPFF,PFPPF,218.8259757858062,218.8259757858062,0.5,0.5,,,False,False,False
STZ.US,method,FFFFP,FFFPP,,,0.25,0.25,,,False,False,False
SU.TO,method,FFPFP,FFPPP,87.02171523250982,84.30457449619605,0.5,0.5,fail,fail,False,False,False
SUBC.OL,input/publication drift,FFPPP,FFPPP,186.88105824107996,187.02417986332085,0.5,0.5,fail,fail,False,False,False
SUZB3.SA,input/publication drift,FFFPP,FFFPP,70.76254287300209,70.56667143151198,0.5,0.5,,,False,False,False
SVS.LSE,method,FFPPP,FFPFP,925.4287321778015,925.4287321778015,0.5,0.5,fail,fail,False,False,False
SW.PA,method,PFPFP,PFPPP,65.37204152866802,65.37204152866802,0.5,0.5,,,False,False,False
SWEC-B.ST,input/publication drift,PPPPP,PPPPP,89.4220015598831,89.72804373997064,0.25,0.25,fail,fail,False,False,False
SYF.US,method,PFPFP,PFPPP,203.8041485210143,203.8041485210143,0.35,0.35,pass,pass,False,False,False
T.TO,input/publication drift,PFFFP,PFFFP,7.331895574391036,14.175332936906056,0.5,0.5,fail,unclear,False,False,False
T.US,method,FFPFP,FFPPP,31.09920592271682,31.09920592271682,0.5,0.5,,,False,False,False
T6W.F,input/publication drift,PPPPP,PPPPP,0.4520485498951689,0.4541714878013585,0.5,0.5,,,False,False,False
TAC.US,input/publication drift,FFFPP,FFFPP,7.055772479348119,6.917942850216659,0.5,0.5,fail,fail,False,False,False
TAEE3.SA,method,PFFFP,PFFPP,,,0.5,0.5,,,False,False,False
TATACONSUM.NSE,input/publication drift,PPPFP,PPPFP,201.16498768940002,201.0251016940696,0.25,0.25,fail,fail,False,False,False
TBCG.LSE,input/publication drift,PPPFP,PPPFP,12188.468508384876,12237.356686545589,0.25,0.25,pass,pass,False,False,False
TDG.US,input/publication drift,PPPPP,PPPPP,766.491532045401,775.6326568413742,0.5,0.5,fail,fail,False,False,False
TEL.OL,method,FFFFP,FFFPP,115.70765278601091,115.70765278601091,0.35,0.35,fail,fail,False,False,False
TEL.US,input/publication drift,PPPPP,PPPPP,145.03751105773028,145.251647780618,0.25,0.25,fail,fail,False,False,False
TELIA.ST,input/publication drift,FFFFP,FFFFP,37.30825354422658,23.518362887348072,0.5,0.5,fail,fail,False,False,False
TEMN.SW,method,PPPFP,PPPPP,38.81472517139528,64.58195970418008,0.35,0.15,fail,fail,False,False,False
TEN.MI,method,FFPFP,FFPPP,43.589647227598775,43.79435558124433,0.5,0.5,,,False,False,False
TEP.PA,method,PFPFP,PFPPP,231.02161452656358,231.02161452656358,0.35,0.35,pass,pass,False,False,False
TER.US,input/publication drift,FPFPP,PPFPP,95.39756279980627,92.06683634532011,0.5,0.25,fail,fail,False,False,False
TEX.US,method,FFPFP,FFPPP,43.68433549730995,43.68433549730995,0.5,0.5,fail,fail,False,False,False
TFI.PA,method,FFPFP,FFPPP,17.103530202146285,17.103530202146285,0.5,0.5,pass,pass,False,False,False
TGS.OL,input/publication drift,FFPFP,FFPFP,459.2816460802687,459.6333838907839,0.5,0.5,pass,pass,False,False,False
TGT.US,input/publication drift,PPFPP,PPFPP,94.7447219855996,94.74582211283372,0.35,0.35,fail,fail,False,False,False
THL.AU,input/publication drift,FFPFP,FFPFP,3.83510821131256,3.8455747586652858,0.5,0.5,,,False,False,False
TIETO.HE,method,PFPPP,PFPFP,16.102218999593926,16.913193702986536,0.35,0.35,fail,fail,False,False,False
TIMS3.SA,input/publication drift,PFFPP,PFFPP,10.626326367391384,10.59133913150872,0.35,0.35,fail,fail,False,False,False
TITAN.NSE,input/publication drift,PFPPP,PFPPP,1104.0405906156884,1103.05625272716,0.35,0.35,fail,fail,False,False,False
TLS.AU,method,FFFPP,FFFFP,2.712727293925415,2.712727293925415,0.5,0.5,fail,fail,False,False,False
TME.US,method,FPPFP,FPPPP,,,0.5,0.5,,,False,False,False
TNC.US,method,PFFFF,PFFPF,80.22695203150779,80.22695203150779,0.35,0.35,,,False,False,False
TNL.US,method,FFFPP,FFFFP,99.42645950313188,99.42645950313188,0.5,0.5,,,False,False,False
TOM.OL,input/publication drift,PPFPP,PPFPP,23.179386502893934,23.088707688770484,0.5,0.5,fail,fail,False,False,False
TOTS3.SA,input/publication drift,PPPPP,PPPPP,20.549732416874807,20.474106692308503,0.35,0.35,fail,fail,False,False,False
TOU.TO,input/publication drift,FFFFP,FFFFP,24.733806416510006,23.793668194195526,0.5,0.5,fail,fail,False,False,False
TRA.AU,input/publication drift,FFFFF,FFFFF,5.546244847533258,5.5613813263828735,0.5,0.5,fail,fail,False,False,False
TRENT.NSE,input/publication drift,FFFPP,FFFPP,424.861762126062,424.482326491396,0.5,0.5,fail,fail,False,False,False
TREX.US,method,PPFFP,PPFPP,9.91630349314126,9.91630349314126,0.35,0.35,fail,fail,False,False,False
TRI.PA,method,PFPFP,PFPPP,335.5985187044279,335.5985187044279,0.25,0.25,pass,pass,False,False,False
TRI.TO,input/publication drift,PPFPP,PPFPP,96.7847026248365,97.07468389964339,0.35,0.35,fail,fail,False,False,False
TRN.US,method,FFFPF,FFFFF,11.132781557819818,11.132781557819818,0.5,0.5,fail,fail,False,False,False
TRNO.US,input/publication drift,PFPFP,PFPFP,35.176383379406,32.58365270160892,0.35,0.35,fail,fail,False,False,False
TRST.LSE,input/publication drift,FFFPP,FFFPP,,14.015840265347938,0.5,0.5,,fail,False,False,False
TSEM.US,method,FFFPP,FFFFP,38.60910223889596,38.60910223889596,0.5,0.5,fail,fail,False,False,False
TTE.PA,method,FFPFP,FFPPP,83.93201115202321,84.32617776987583,0.5,0.5,,,False,False,False
TTST.LSE,input/publication drift,FFFPP,FFFPP,3.3543761793574594,3.341437409138144,0.5,0.5,fail,fail,False,False,False
TUB.BR,method,FFFPP,FFFFP,26.33228489803188,26.33228489803188,0.5,0.5,fail,fail,False,False,False
TV.US,input/publication drift,FFFFP,FFFFP,,6.480297478052619,0.5,0.5,,pass,False,False,False
TWR.AU,input/publication drift,FFFFP,FFFFP,0.3231808820306095,0.3240628879138571,0.5,0.5,fail,fail,False,False,False
U1O.F,input/publication drift,PFPFP,PFPPP,5.8987676700694305,5.926469821728805,0.5,0.5,,,False,False,False
UAL.US,input/publication drift,FFFPP,FFFPP,143.85794014128805,143.8987435508345,0.5,0.5,,,False,False,False
UGPA3.SA,method,PFPFP,PFPPP,23.843585846564118,23.76702592880678,0.35,0.35,fail,fail,False,False,False
ULTRACEMCO.NSE,input/publication drift,PFPPP,PFPPP,4387.0120756626375,4383.094121966625,0.25,0.25,fail,fail,False,False,False
ULVR.LSE,method,PPPFP,PPPPP,2975.0621924781112,3098.1095446234017,0.35,0.35,fail,fail,False,False,False
UMI.BR,method,FFPFP,FFPPP,25.61950522880516,25.61950522880516,0.5,0.5,,,False,False,False
UNF.US,method,PFFFP,PFFPP,,,0.35,0.35,,,False,False,False
UNP.US,input/publication drift,PPPPP,PPPPP,147.94309627257573,147.7854682665521,0.35,0.35,fail,fail,False,False,False
UPM.HE,input/publication drift,FFFFP,FFFFP,11.967967200880603,17.109840217358663,0.5,0.5,fail,fail,False,False,False
UPS.US,method,PPFFP,PPFPP,86.14480201780042,86.14480201780042,0.35,0.35,fail,fail,False,False,False
UU.LSE,method,PFFPP,PFFFP,561.0769380619201,561.0769380619201,0.5,0.5,fail,fail,False,False,False
VAC.US,method,FFPFF,FFPPF,101.07683836159738,101.07683836159738,0.5,0.5,fail,fail,False,False,False
VALE3.SA,input/publication drift,PFPPP,PFPPP,40.03662298927814,40.217555442776835,0.5,0.5,fail,fail,False,False,False
VAMO3.SA,input/publication drift,PFFPF,PFFPF,10.77797388358761,10.777778254426478,0.5,0.5,,,False,False,False
VBBR3.SA,method,FFPFP,FFPPP,28.013746746758834,27.9006895538487,0.5,0.5,fail,fail,False,False,False
VC.US,method,FPPFP,FPPPP,104.14693052583677,104.14693052583677,0.5,0.5,,,False,False,False
VCT.PA,method,PFPFP,PFPPP,81.27795805729284,81.27795805729284,0.5,0.5,,,False,False,False
VCX.AU,method,PFFPP,PFFFP,2.34059220650701,2.34059220650701,0.5,0.5,,,False,False,False
VECO.US,input/publication drift,FFFFP,FFFFP,13.001837989080089,14.622858499732406,0.5,0.5,fail,fail,False,False,False
VEM.F,input/publication drift,PPPFP,PPPFP,9.660742438019255,9.706111804491865,0.25,0.25,fail,fail,False,False,False
VIPS.US,method,PPFFP,PPPPP,,,0.35,0.35,,,False,False,False
VIVA3.SA,input/publication drift,PFFPP,PFFPP,14.504267583292197,14.45354998597524,0.35,0.35,fail,fail,False,False,False
VIVT3.SA,input/publication drift,PFPPP,PFPPP,18.709971921373977,18.64592902091355,0.25,0.25,fail,fail,False,False,False
VLO.US,method,FFFFP,FFFPP,238.54921897337906,238.54921897337906,0.5,0.5,fail,fail,False,False,False
VLX.LSE,input/publication drift,PPPPP,PPPPP,317.96296995250253,319.23832545043507,0.35,0.35,fail,fail,False,False,False
VMRK.US,method,PFPFP,PFPPP,28.484667827746897,28.484667827746897,0.35,0.35,fail,fail,False,False,False
VNA.XETRA,input/publication drift,FFFFP,FFFFP,55.53975355675576,5.911755792407076,0.5,0.5,pass,fail,False,False,False
VNO.US,input/publication drift,PFFFP,PFFFP,8.414709574582945,8.47677531706873,0.5,0.5,fail,fail,False,False,False
VNOM.US,input/publication drift,FFFFP,FFFFP,,15.40177322989656,0.5,0.5,,fail,False,False,False
VOD.LSE,input/publication drift,FFPFP,FFPFP,191.96070308486344,191.82977842476174,0.5,0.5,,,False,False,False
VOLARA.MX,method,FFFFP,FFFPP,,,0.5,0.5,,,False,False,False
VOW.XETRA,method,PFFFP,PFPPP,,,0.5,0.5,,,False,False,False
VOYA.US,method,FFFFP,FFFPP,161.0383567989383,161.0383567989383,0.5,0.5,,,False,False,False
VPK.AS,method,FFFFP,FFFPP,23.891049406411764,23.891049406411764,0.5,0.5,fail,fail,False,False,False
VRSK.US,input/publication drift,PPPPP,PPPPP,146.66000313083657,134.077857505681,0.35,0.35,fail,fail,False,False,False
VRTS.US,method,PFPFF,PFPPF,359.92252722449484,359.92252722449484,0.5,0.5,pass,pass,False,False,False
VRTX.US,input/publication drift,FFPPP,FFPPP,344.9160151485585,345.1243031574225,0.5,0.5,fail,fail,False,False,False
VSL.AU,input/publication drift,FFFFP,FFFFP,2.7075009677659567,2.714890117048129,0.5,0.5,fail,fail,False,False,False
VSVS.LSE,method,PPPFP,PPPPP,507.97897586496526,507.97897586496526,0.5,0.5,fail,fail,False,False,False
VSXY.US,input/publication drift,FFPPP,FFPPP,45.3510346316032,,0.5,0.5,fail,fail,False,False,False
VTR.US,input/publication drift,PFFFP,PFFFP,34.048664511435,30.797810519276595,0.5,0.5,fail,fail,False,False,False
VUL.AU,method,FFFPP,FFFFP,,,0.5,0.5,,,False,False,False
VWS.CO,method,FPFPP,FPFFP,59.14648305651532,59.06650948833285,0.5,0.5,fail,fail,False,False,False
WAF.XETRA,method,FFFFP,FFFPP,,,0.5,0.5,,,False,False,False
WALMEX.MX,input/publication drift,PPFPP,PPFPP,21.109955185829747,21.15173963450264,0.25,0.25,fail,fail,False,False,False
WCC.US,input/publication drift,PFPPP,PFPPP,374.4830121190359,374.4830121190359,0.5,0.5,fail,unclear,False,False,False
WCH.XETRA,method,FFFFP,FFFPP,39.032097087965205,39.032097087965205,0.5,0.5,fail,fail,False,False,False
WCN.TO,input/publication drift,PFPPP,PFPPP,72.4218311526548,72.63881766345602,0.5,0.5,fail,fail,False,False,False
WDS.AU,input/publication drift,FFFPP,FFFPP,31.56713472268945,31.653285853807553,0.5,0.5,,,False,False,False
WEGE3.SA,input/publication drift,PPPPP,PPPPP,16.485263718552687,16.421211072936707,0.15,0.15,fail,fail,False,False,False
WEN.US,method,PFPFP,PFPPP,18.06085034625555,18.06085034625555,0.5,0.5,pass,pass,False,False,False
WEYS.US,method,FFPFP,FFPPP,41.47617842130054,41.47617842130054,0.5,0.5,fail,fail,False,False,False
WHC.AU,method,FFPFP,FFPPP,12.107521872409755,12.107521872409755,0.5,0.5,,,False,False,False
WIHL.ST,method,PFPPP,PFPFP,94.98262451505519,94.98262451505519,0.5,0.5,,,False,False,False
WIX.US,input/publication drift,FFFPP,FFFPP,,39.28701077729064,0.5,0.5,,fail,False,False,False
WLFC.US,input/publication drift,FFFPP,FFFPP,,64.76883043934973,0.5,0.5,,,False,False,False
WMK.US,method,PFFFP,PFFPP,59.45368077374219,59.45368077374219,0.35,0.35,fail,fail,False,False,False
WN.TO,input/publication drift,PFFPP,PFFPP,6.183351259029486,26.271855364545065,0.5,0.5,fail,fail,False,False,False
WPC.US,input/publication drift,PFFFP,PFFFP,71.80189313513725,73.02753721369241,0.5,0.5,,,False,False,False
WPM.TO,input/publication drift,PFPPP,PFPPP,120.97991901304597,121.34239273244589,0.5,0.5,fail,fail,False,False,False
WPP.LSE,input/publication drift,FFFFP,FFFFP,768.8459196096346,768.8459196096346,0.5,0.5,pass,unclear,False,False,False
WST.US,input/publication drift,PPFPP,PPFPP,131.8217403954444,145.85854255027468,0.35,0.35,fail,fail,False,False,False
WT.US,method,PPPFP,PPPPP,12.179758134361835,12.179758134361835,0.5,0.5,fail,fail,False,False,False
WU.US,method,FFFFP,FFFPP,25.5670233748158,25.5670233748158,0.35,0.35,pass,pass,False,False,False
XERS.US,method,FFFPP,FFFFP,,,0.5,0.5,,,False,False,False
YAL.AU,method,FFPFP,FFPPP,15.00623842084088,15.00623842084088,0.5,0.5,pass,pass,False,False,False
YAR.OL,input/publication drift,FFPFP,FFPFP,264.704843807013,264.9075662606274,0.5,0.5,fail,fail,False,False,False
YDUQ3.SA,input/publication drift,PPFFP,PPFFP,3.637433848294567,3.6232438111444196,0.5,0.5,fail,fail,False,False,False
YPF.US,method,FFFPP,FFFFP,,,0.5,0.5,,,False,False,False
YUMC.US,input/publication drift,PPPPP,PPPPP,60.51062679181666,60.59015113627569,0.15,0.15,pass,pass,True,True,False
ZAL.XETRA,method,PFFFP,PFFPP,11.434213291068804,11.434213291068804,0.35,0.35,fail,fail,False,False,False
ZGN.US,input/publication drift,FFPPP,FFPPP,11.01602776975451,10.964535451200428,0.5,0.5,fail,fail,False,False,False
ZH.US,input/publication drift,FFFFP,NNNNN,,,0.5,0.5,,,False,False,False
ZLAB.US,method,FFFPP,FFFFP,,,0.5,0.5,,,False,False,False
ZURN.SW,input/publication drift,PPPFP,PPPFP,215.68920461559776,215.67122901724662,0.35,0.35,fail,fail,False,False,False
