quarter,id,before,after,buy_before,buy_after,stored_match,cv_before,cv_after,reason
2008Q1,600809.SHG,FFPFP,PFPFP,False,False,True,0.7786197395241191,0.7786197395241191,"Positive operating margins follow a sustained upward trend (at least 90% explained, low residual variation), with no net losses or latest decline; improvement passes the margin-variation check | 1 revenue decline in the last 10 years (informational)"
2008Q2,600809.SHG,FFPFP,PFPFP,False,False,True,0.6471848831779053,0.7786197395241191,"Positive operating margins follow a sustained upward trend (at least 90% explained, low residual variation), with no net losses or latest decline; improvement passes the margin-variation check | 1 revenue decline in the last 10 years (informational)"
2009Q1,OXY.US,FPPFP,PPPFP,False,False,True,0.35587445057780603,0.35587445057780603,"Positive operating margins follow a sustained upward trend (at least 90% explained, low residual variation), with no net losses or latest decline; improvement passes the margin-variation check | 1 revenue decline in the last 10 years (informational)"
2009Q2,OXY.US,FPPFP,PPPFP,False,False,True,0.35587445057780603,0.28022724099682333,2 revenue declines in the last 10 years (informational)
2009Q3,600809.SHG,FFPFP,PFPFP,False,False,True,0.5294468720585609,0.5294468720585609,"Positive operating margins follow a sustained upward trend (at least 90% explained, low residual variation), with no net losses or latest decline; improvement passes the margin-variation check | 1 revenue decline in the last 10 years (informational)"
2009Q4,600809.SHG,FFPFP,PFPFP,False,False,True,0.5255142091055821,0.5294468720585609,"Positive operating margins follow a sustained upward trend (at least 90% explained, low residual variation), with no net losses or latest decline; improvement passes the margin-variation check | 1 revenue decline in the last 10 years (informational)"
2010Q1,600809.SHG,FFPFP,PFPFP,False,False,True,0.5255142091055821,0.5294468720585609,"Positive operating margins follow a sustained upward trend (at least 90% explained, low residual variation), with no net losses or latest decline; improvement passes the margin-variation check | 1 revenue decline in the last 10 years (informational)"
2013Q2,600674.SHG,FFPFP,PFPFP,False,False,True,0.4087261350609168,0.4087261350609168,"Positive operating margins follow a sustained upward trend (at least 90% explained, low residual variation), with no net losses or latest decline; improvement passes the margin-variation check | 2 revenue declines in the last 10 years (informational)"
2013Q2,WEIR.LSE,FPPPP,PPPPP,False,False,True,0.3785620702922711,0.3785620702922711,"Positive operating margins follow a sustained upward trend (at least 90% explained, low residual variation), with no net losses or latest decline; improvement passes the margin-variation check | 1 revenue decline in the last 10 years (informational)"
2013Q3,600674.SHG,FFPFP,PFPFP,False,False,True,0.4087261350609168,0.4087261350609168,"Positive operating margins follow a sustained upward trend (at least 90% explained, low residual variation), with no net losses or latest decline; improvement passes the margin-variation check | 2 revenue declines in the last 10 years (informational)"
2013Q3,WEIR.LSE,FPPPP,PPPPP,False,False,True,0.3785620702922711,0.3785620702922711,"Positive operating margins follow a sustained upward trend (at least 90% explained, low residual variation), with no net losses or latest decline; improvement passes the margin-variation check | 1 revenue decline in the last 10 years (informational)"
2013Q4,600674.SHG,FFPFP,PFPFP,False,False,True,0.4087261350609168,0.4087261350609168,"Positive operating margins follow a sustained upward trend (at least 90% explained, low residual variation), with no net losses or latest decline; improvement passes the margin-variation check | 2 revenue declines in the last 10 years (informational)"
2013Q4,WEIR.LSE,FPPPP,PPPPP,False,False,True,0.3785620702922711,0.3785620702922711,"Positive operating margins follow a sustained upward trend (at least 90% explained, low residual variation), with no net losses or latest decline; improvement passes the margin-variation check | 1 revenue decline in the last 10 years (informational)"
2014Q1,600674.SHG,FFPFP,PFPFP,False,False,True,0.4087261350609168,0.4087261350609168,"Positive operating margins follow a sustained upward trend (at least 90% explained, low residual variation), with no net losses or latest decline; improvement passes the margin-variation check | 2 revenue declines in the last 10 years (informational)"
2014Q1,BKNG.US,FPPFP,PPPFP,False,False,True,0.6580295536538878,0.6580295536538878,"Positive, nondecreasing operating margins with no net loss years; sustained improvement passes the margin-variation check | 1 revenue decline in the last 10 years (informational)"
2014Q1,WEIR.LSE,FPPPP,PPPPP,False,False,True,0.3785620702922711,0.3785620702922711,"Positive operating margins follow a sustained upward trend (at least 90% explained, low residual variation), with no net losses or latest decline; improvement passes the margin-variation check | 1 revenue decline in the last 10 years (informational)"
2014Q2,BKNG.US,FPPFP,PPPFP,False,False,True,0.5518328773335903,0.5518328773335903,"Positive, nondecreasing operating margins with no net loss years; sustained improvement passes the margin-variation check | 0 revenue declines in the last 10 years (informational)"
2014Q3,BKNG.US,FPPFP,PPPFP,False,False,True,0.552573077556499,0.552573077556499,"Positive, nondecreasing operating margins with no net loss years; sustained improvement passes the margin-variation check | 0 revenue declines in the last 10 years (informational)"
2014Q4,BKNG.US,FPPFP,PPPFP,False,False,True,0.555173025746685,0.555173025746685,"Positive, nondecreasing operating margins with no net loss years; sustained improvement passes the margin-variation check | 0 revenue declines in the last 10 years (informational)"
2015Q1,BKNG.US,FPPFP,PPPFP,False,False,True,0.5540420815593292,0.5540420815593292,"Positive, nondecreasing operating margins with no net loss years; sustained improvement passes the margin-variation check | 0 revenue declines in the last 10 years (informational)"
2015Q2,600690.SHG,FFPFP,PFPFP,False,False,True,0.4065120213637339,0.4065120213637339,"Positive operating margins follow a sustained upward trend (at least 90% explained, low residual variation), with no net losses or latest decline; improvement passes the margin-variation check | 0 revenue declines in the last 10 years (informational)"
2015Q2,BKNG.US,FPPFP,PPPFP,False,False,True,0.4416329487542075,0.5540420815593292,"Positive, nondecreasing operating margins with no net loss years; sustained improvement passes the margin-variation check | 0 revenue declines in the last 10 years (informational)"
2015Q3,600690.SHG,FFPFP,PFPFP,False,False,True,0.4065120213637339,0.4065120213637339,"Positive operating margins follow a sustained upward trend (at least 90% explained, low residual variation), with no net losses or latest decline; improvement passes the margin-variation check | 0 revenue declines in the last 10 years (informational)"
2015Q4,600690.SHG,FFPFP,PFPFP,False,False,True,0.4065120213637339,0.4065120213637339,"Positive operating margins follow a sustained upward trend (at least 90% explained, low residual variation), with no net losses or latest decline; improvement passes the margin-variation check | 0 revenue declines in the last 10 years (informational)"
2016Q1,BOL.PA,FFFFP,PFFFP,False,False,True,0.4477256708500392,0.4477256708500392,"Positive operating margins follow a sustained upward trend (at least 90% explained, low residual variation), with no net losses or latest decline; improvement passes the margin-variation check | 2 revenue declines in the last 10 years (informational)"
2016Q2,BOL.PA,FFFFP,PFFFP,False,False,True,0.4477256708500392,0.4477256708500392,"Positive operating margins follow a sustained upward trend (at least 90% explained, low residual variation), with no net losses or latest decline; improvement passes the margin-variation check | 2 revenue declines in the last 10 years (informational)"
2016Q3,BOL.PA,FFFFP,PFFFP,False,False,True,0.4477256708500392,0.4477256708500392,"Positive operating margins follow a sustained upward trend (at least 90% explained, low residual variation), with no net losses or latest decline; improvement passes the margin-variation check | 2 revenue declines in the last 10 years (informational)"
2016Q4,BOL.PA,FFFFP,PFFFP,False,False,True,0.4477256708500392,0.4477256708500392,"Positive operating margins follow a sustained upward trend (at least 90% explained, low residual variation), with no net losses or latest decline; improvement passes the margin-variation check | 2 revenue declines in the last 10 years (informational)"
2017Q1,BOL.PA,FFFFP,PFFFP,False,False,True,0.4477256708500392,0.4477256708500392,"Positive operating margins follow a sustained upward trend (at least 90% explained, low residual variation), with no net losses or latest decline; improvement passes the margin-variation check | 2 revenue declines in the last 10 years (informational)"
2017Q4,600332.SHG,FFPFP,PFPFP,False,False,True,0.550379304914799,0.550379304914799,"Positive operating margins follow a sustained upward trend (at least 90% explained, low residual variation), with no net losses or latest decline; improvement passes the margin-variation check | 1 revenue decline in the last 10 years (informational)"
2018Q1,600332.SHG,FFPFP,PFPFP,False,False,True,0.550379304914799,0.550379304914799,"Positive operating margins follow a sustained upward trend (at least 90% explained, low residual variation), with no net losses or latest decline; improvement passes the margin-variation check | 1 revenue decline in the last 10 years (informational)"
2018Q1,AOS.US,FPPPP,PPPPP,False,False,True,0.41677598184716397,0.41677598184716397,"Positive operating margins follow a sustained upward trend (at least 90% explained, low residual variation), with no net losses or latest decline; improvement passes the margin-variation check | 2 revenue declines in the last 10 years (informational)"
2018Q2,600332.SHG,FFPFP,PFPFP,False,False,True,0.505829477346741,0.5848741877890936,"Positive operating margins follow a sustained upward trend (at least 90% explained, low residual variation), with no net losses or latest decline; improvement passes the margin-variation check | 1 revenue decline in the last 10 years (informational)"
2018Q2,AOS.US,FPPPP,PPPPP,False,False,True,0.38298418855829225,0.38298418855829225,"Positive operating margins follow a sustained upward trend (at least 90% explained, low residual variation), with no net losses or latest decline; improvement passes the margin-variation check | 1 revenue decline in the last 10 years (informational)"
2018Q3,AOS.US,FPPPP,PPPPP,False,False,True,0.3827139590064536,0.38298418855829225,"Positive operating margins follow a sustained upward trend (at least 90% explained, low residual variation), with no net losses or latest decline; improvement passes the margin-variation check | 1 revenue decline in the last 10 years (informational)"
2019Q2,PSN.LSE,FFPPP,PFPPP,False,False,True,0.3555008242248336,0.3555008242248336,"Positive operating margins follow a sustained upward trend (at least 90% explained, low residual variation), with no net losses or latest decline; improvement passes the margin-variation check | 2 revenue declines in the last 10 years (informational)"
2019Q3,PSN.LSE,FFPPP,PFPPP,False,False,True,0.3555008242248336,0.3555008242248336,"Positive operating margins follow a sustained upward trend (at least 90% explained, low residual variation), with no net losses or latest decline; improvement passes the margin-variation check | 2 revenue declines in the last 10 years (informational)"
2019Q4,PSN.LSE,FFPPP,PFPPP,False,False,True,0.3555008242248336,0.3555008242248336,"Positive operating margins follow a sustained upward trend (at least 90% explained, low residual variation), with no net losses or latest decline; improvement passes the margin-variation check | 2 revenue declines in the last 10 years (informational)"
2021Q2,600438.SHG,FFFFP,PFFFP,False,False,True,0.6679915239911202,0.6679915239911202,"Positive operating margins follow a sustained upward trend (at least 90% explained, low residual variation), with no net losses or latest decline; improvement passes the margin-variation check | 0 revenue declines in the last 10 years (informational)"
2021Q3,600438.SHG,FFFFP,PFFFP,False,False,True,0.6679915239911202,0.6679915239911202,"Positive operating margins follow a sustained upward trend (at least 90% explained, low residual variation), with no net losses or latest decline; improvement passes the margin-variation check | 0 revenue declines in the last 10 years (informational)"
2021Q4,600438.SHG,FFFFP,PFFFP,False,False,True,0.6679915239911202,0.6679915239911202,"Positive operating margins follow a sustained upward trend (at least 90% explained, low residual variation), with no net losses or latest decline; improvement passes the margin-variation check | 0 revenue declines in the last 10 years (informational)"
2021Q4,TRI.PA,FFPPP,PFPPP,False,False,True,0.4040497905423361,0.4040497905423361,"Positive operating margins follow a sustained upward trend (at least 90% explained, low residual variation), with no net losses or latest decline; improvement passes the margin-variation check | 2 revenue declines in the last 10 years (informational)"
2022Q1,600438.SHG,FFFFP,PFFFP,False,False,True,0.6679915239911202,0.6679915239911202,"Positive operating margins follow a sustained upward trend (at least 90% explained, low residual variation), with no net losses or latest decline; improvement passes the margin-variation check | 0 revenue declines in the last 10 years (informational)"
2022Q1,TRI.PA,FFPPP,PFPPP,False,False,True,0.4040497905423361,0.4040497905423361,"Positive operating margins follow a sustained upward trend (at least 90% explained, low residual variation), with no net losses or latest decline; improvement passes the margin-variation check | 2 revenue declines in the last 10 years (informational)"
2022Q2,LEG.XETRA,FFPPP,PFPPP,False,False,True,0.4103853280890694,0.45014258222212156,"Positive operating margins follow a sustained upward trend (at least 90% explained, low residual variation), with no net losses or latest decline; improvement passes the margin-variation check | 1 revenue decline in the last 10 years (informational)"
2022Q2,TRI.PA,FFPPP,PFPPP,False,False,True,0.4040497905423361,0.4040497905423361,"Positive operating margins follow a sustained upward trend (at least 90% explained, low residual variation), with no net losses or latest decline; improvement passes the margin-variation check | 2 revenue declines in the last 10 years (informational)"
2022Q3,002812.SHE,FPFFP,PPFFP,False,False,True,0.4276661877208192,0.4276661877208192,"Positive operating margins follow a sustained upward trend (at least 90% explained, low residual variation), with no net losses or latest decline; improvement passes the margin-variation check | 1 revenue decline in the last 10 years (informational)"
2022Q3,TRI.PA,FFPPP,PFPPP,False,False,True,0.4040497905423361,0.4040497905423361,"Positive operating margins follow a sustained upward trend (at least 90% explained, low residual variation), with no net losses or latest decline; improvement passes the margin-variation check | 2 revenue declines in the last 10 years (informational)"
2022Q4,002812.SHE,FPFFP,PPFFP,False,False,True,0.42481554985416004,0.42481554985416004,"Positive operating margins follow a sustained upward trend (at least 90% explained, low residual variation), with no net losses or latest decline; improvement passes the margin-variation check | 1 revenue decline in the last 10 years (informational)"
2023Q1,002812.SHE,FPFFP,PPFFP,False,False,True,0.4107287597301923,0.42481554985416004,"Positive operating margins follow a sustained upward trend (at least 90% explained, low residual variation), with no net losses or latest decline; improvement passes the margin-variation check | 1 revenue decline in the last 10 years (informational)"
2023Q2,603019.SHG,FFFFP,PFFFP,False,False,True,0.513647795833789,0.513647795833789,"Positive, nondecreasing operating margins with no net loss years; sustained improvement passes the margin-variation check | 0 revenue declines in the last 10 years (informational)"
2023Q3,600809.SHG,PPPPP,PPPPP,False,False,True,0.3470649447887748,0.3513032943861258,"Positive, nondecreasing operating margins with no net loss years; sustained improvement passes the margin-variation check | 1 revenue decline in the last 10 years (informational)"
2023Q3,603019.SHG,FFFFP,PFFFP,False,False,True,0.5178696854112893,0.5178696854112893,"Positive, nondecreasing operating margins with no net loss years; sustained improvement passes the margin-variation check | 0 revenue declines in the last 10 years (informational)"
2023Q3,PME.AU,FFFPP,PFFPP,False,False,True,0.37434355205167974,0.37434355205167974,"Positive operating margins follow a sustained upward trend (at least 90% explained, low residual variation), with no net losses or latest decline; improvement passes the margin-variation check | 0 revenue declines in the last 10 years (informational)"
2023Q4,600809.SHG,FPPPP,PPPPP,False,False,True,0.35773858786503954,0.35773858786503954,"Positive, nondecreasing operating margins with no net loss years; sustained improvement passes the margin-variation check | 1 revenue decline in the last 10 years (informational)"
2023Q4,603019.SHG,FFFFP,PFFFP,False,False,True,0.5179584213134587,0.5179584213134587,"Positive, nondecreasing operating margins with no net loss years; sustained improvement passes the margin-variation check | 0 revenue declines in the last 10 years (informational)"
2023Q4,PME.AU,FFFPP,PFFPP,False,False,True,0.37434355205167974,0.37434355205167974,"Positive operating margins follow a sustained upward trend (at least 90% explained, low residual variation), with no net losses or latest decline; improvement passes the margin-variation check | 0 revenue declines in the last 10 years (informational)"
2024Q1,3231.TW,FFPPP,PFPPP,False,False,True,0.5885040352213471,0.5885040352213471,"Positive operating margins follow a sustained upward trend (at least 90% explained, low residual variation), with no net losses or latest decline; improvement passes the margin-variation check | 4 revenue declines in the last 10 years (informational)"
2024Q1,600809.SHG,FPPPP,PPPPP,False,False,True,0.35236274570077897,0.35236274570077897,"Positive, nondecreasing operating margins with no net loss years; sustained improvement passes the margin-variation check | 1 revenue decline in the last 10 years (informational)"
2024Q1,600845.SHG,FPPPP,PPPPP,False,False,True,0.36245311379209877,0.36245311379209877,"Positive operating margins follow a sustained upward trend (at least 90% explained, low residual variation), with no net losses or latest decline; improvement passes the margin-variation check | 2 revenue declines in the last 10 years (informational)"
2024Q1,603019.SHG,FFFFP,PFFFP,False,False,True,0.5161516326018863,0.5161516326018863,"Positive, nondecreasing operating margins with no net loss years; sustained improvement passes the margin-variation check | 0 revenue declines in the last 10 years (informational)"
2024Q1,PME.AU,FFFPP,PFFPP,False,False,True,0.37434355205167974,0.37434355205167974,"Positive operating margins follow a sustained upward trend (at least 90% explained, low residual variation), with no net losses or latest decline; improvement passes the margin-variation check | 0 revenue declines in the last 10 years (informational)"
2024Q2,3231.TW,FFPPP,PFPPP,False,False,True,0.5885040352213471,0.5885040352213471,"Positive operating margins follow a sustained upward trend (at least 90% explained, low residual variation), with no net losses or latest decline; improvement passes the margin-variation check | 4 revenue declines in the last 10 years (informational)"
2024Q2,600809.SHG,FPPPP,PPPPP,False,False,True,0.35236274570077897,0.32160338982702413,0 revenue declines in the last 10 years (informational)
2024Q2,600845.SHG,FPPPP,PPPPP,False,False,True,0.36245311379209877,0.34003196189368934,2 revenue declines in the last 10 years (informational)
2024Q2,603019.SHG,FFFFP,PFFFP,False,False,True,0.44416872721078177,0.5161516326018863,"Positive, nondecreasing operating margins with no net loss years; sustained improvement passes the margin-variation check | 0 revenue declines in the last 10 years (informational)"
2024Q2,PME.AU,FFFPP,PFFPP,False,False,True,0.37434355205167974,0.37434355205167974,"Positive operating margins follow a sustained upward trend (at least 90% explained, low residual variation), with no net losses or latest decline; improvement passes the margin-variation check | 0 revenue declines in the last 10 years (informational)"
2024Q3,3231.TW,FFPPP,PFPPP,False,False,True,0.5885040352213471,0.5885040352213471,"Positive operating margins follow a sustained upward trend (at least 90% explained, low residual variation), with no net losses or latest decline; improvement passes the margin-variation check | 4 revenue declines in the last 10 years (informational)"
2024Q3,600489.SHG,FFPFP,PFPFP,False,False,True,0.5786938291975213,0.5786938291975213,"Positive operating margins follow a sustained upward trend (at least 90% explained, low residual variation), with no net losses or latest decline; improvement passes the margin-variation check | 2 revenue declines in the last 10 years (informational)"
2024Q3,600600.SHG,FPPFP,PPPFP,False,False,True,0.3736151878538336,0.3736151878538336,"Positive operating margins follow a sustained upward trend (at least 90% explained, low residual variation), with no net losses or latest decline; improvement passes the margin-variation check | 4 revenue declines in the last 10 years (informational)"
2024Q3,NFLX.US,FFPPP,PFPPP,False,False,True,0.4864648772621534,0.4864648772621534,"Positive operating margins follow a sustained upward trend (at least 90% explained, low residual variation), with no net losses or latest decline; improvement passes the margin-variation check | 0 revenue declines in the last 10 years (informational)"
2024Q4,3231.TW,FFPPP,PFPPP,False,False,True,0.5885040352213471,0.5885040352213471,"Positive operating margins follow a sustained upward trend (at least 90% explained, low residual variation), with no net losses or latest decline; improvement passes the margin-variation check | 4 revenue declines in the last 10 years (informational)"
2024Q4,600489.SHG,FFPFP,PFPFP,False,False,True,0.5860483397176368,0.5860483397176368,"Positive operating margins follow a sustained upward trend (at least 90% explained, low residual variation), with no net losses or latest decline; improvement passes the margin-variation check | 1 revenue decline in the last 10 years (informational)"
2024Q4,600600.SHG,FPPFP,PPPFP,False,False,True,0.37099844703019486,0.37099844703019486,"Positive operating margins follow a sustained upward trend (at least 90% explained, low residual variation), with no net losses or latest decline; improvement passes the margin-variation check | 4 revenue declines in the last 10 years (informational)"
2024Q4,601899.SHG,FFPFP,PFPFP,False,False,True,0.501586403119051,0.501586403119051,"Positive operating margins follow a sustained upward trend (at least 90% explained, low residual variation), with no net losses or latest decline; improvement passes the margin-variation check | 0 revenue declines in the last 10 years (informational)"
2024Q4,NFLX.US,FFPPP,PFPPP,False,False,True,0.499722458432397,0.499722458432397,"Positive operating margins follow a sustained upward trend (at least 90% explained, low residual variation), with no net losses or latest decline; improvement passes the margin-variation check | 0 revenue declines in the last 10 years (informational)"
2025Q1,3231.TW,FFPPP,PFPPP,False,False,True,0.5885040352213471,0.5885040352213471,"Positive operating margins follow a sustained upward trend (at least 90% explained, low residual variation), with no net losses or latest decline; improvement passes the margin-variation check | 4 revenue declines in the last 10 years (informational)"
2025Q1,600489.SHG,FFPFP,PFPFP,False,False,True,0.5860483397176368,0.5860483397176368,"Positive operating margins follow a sustained upward trend (at least 90% explained, low residual variation), with no net losses or latest decline; improvement passes the margin-variation check | 1 revenue decline in the last 10 years (informational)"
2025Q1,600600.SHG,FPPFP,PPPFP,False,False,True,0.37099844703019486,0.37099844703019486,"Positive operating margins follow a sustained upward trend (at least 90% explained, low residual variation), with no net losses or latest decline; improvement passes the margin-variation check | 4 revenue declines in the last 10 years (informational)"
2025Q1,601899.SHG,FFPFP,PFPFP,False,False,True,0.501586403119051,0.501586403119051,"Positive operating margins follow a sustained upward trend (at least 90% explained, low residual variation), with no net losses or latest decline; improvement passes the margin-variation check | 0 revenue declines in the last 10 years (informational)"
2025Q1,FTNT.US,FFFPP,PFFPP,False,False,True,0.5625983881786272,0.5625983881786272,"Positive operating margins follow a sustained upward trend (at least 90% explained, low residual variation), with no net losses or latest decline; improvement passes the margin-variation check | 0 revenue declines in the last 10 years (informational)"
2025Q1,NFLX.US,FFPPP,PFPPP,False,False,True,0.5082464541882115,0.5082464541882115,"Positive operating margins follow a sustained upward trend (at least 90% explained, low residual variation), with no net losses or latest decline; improvement passes the margin-variation check | 0 revenue declines in the last 10 years (informational)"
2025Q2,3231.TW,FFPPP,PFPPP,False,False,True,0.46908413642316615,0.46908413642316615,"Positive operating margins follow a sustained upward trend (at least 90% explained, low residual variation), with no net losses or latest decline; improvement passes the margin-variation check | 3 revenue declines in the last 10 years (informational)"
2025Q2,600489.SHG,FFPFP,PFPFP,False,False,True,0.4912855939775795,0.4912855939775795,"Positive operating margins follow a sustained upward trend (at least 90% explained, low residual variation), with no net losses or latest decline; improvement passes the margin-variation check | 1 revenue decline in the last 10 years (informational)"
2025Q2,600600.SHG,FPPFP,PPPFP,False,False,True,0.36869026239128955,0.3435460022954996,3 revenue declines in the last 10 years (informational)
2025Q2,603019.SHG,FFFFP,PFFFP,False,False,True,0.4142564467859067,0.4142564467859067,"Positive, nondecreasing operating margins with no net loss years; sustained improvement passes the margin-variation check | 1 revenue decline in the last 10 years (informational)"
2025Q2,FTNT.US,FFFPP,PFFPP,False,False,True,0.4592402203401758,0.4592402203401758,"Positive operating margins follow a sustained upward trend (at least 90% explained, low residual variation), with no net losses or latest decline; improvement passes the margin-variation check | 0 revenue declines in the last 10 years (informational)"
2025Q2,NFLX.US,FFPPP,PFPPP,False,False,True,0.4489575134480778,0.4489575134480778,"Positive operating margins follow a sustained upward trend (at least 90% explained, low residual variation), with no net losses or latest decline; improvement passes the margin-variation check | 0 revenue declines in the last 10 years (informational)"
2025Q3,3231.TW,FFPPP,PFPPP,False,False,True,0.4428445464975631,0.46908413642316615,"Positive operating margins follow a sustained upward trend (at least 90% explained, low residual variation), with no net losses or latest decline; improvement passes the margin-variation check | 3 revenue declines in the last 10 years (informational)"
2025Q3,600489.SHG,FFPFP,PFPFP,False,False,True,0.5124491062944272,0.5124491062944272,"Positive operating margins follow a sustained upward trend (at least 90% explained, low residual variation), with no net losses or latest decline; improvement passes the margin-variation check | 1 revenue decline in the last 10 years (informational)"
2025Q3,600600.SHG,FPPFP,PPPFP,False,False,True,0.36869026239128955,0.36869026239128955,"Positive operating margins follow a sustained upward trend (at least 90% explained, low residual variation), with no net losses or latest decline; improvement passes the margin-variation check | 4 revenue declines in the last 10 years (informational)"
2025Q3,603019.SHG,FFFFP,PFFFP,False,False,True,0.4166759318448324,0.4166759318448324,"Positive, nondecreasing operating margins with no net loss years; sustained improvement passes the margin-variation check | 1 revenue decline in the last 10 years (informational)"
2025Q3,FTNT.US,FPFPP,PPFPP,False,False,True,0.4556457904421766,0.4556457904421766,"Positive operating margins follow a sustained upward trend (at least 90% explained, low residual variation), with no net losses or latest decline; improvement passes the margin-variation check | 0 revenue declines in the last 10 years (informational)"
2025Q3,NFLX.US,FFPPP,PFPPP,False,False,True,0.4607941265609286,0.4607941265609286,"Positive operating margins follow a sustained upward trend (at least 90% explained, low residual variation), with no net losses or latest decline; improvement passes the margin-variation check | 0 revenue declines in the last 10 years (informational)"
2025Q4,600489.SHG,FFPFP,PFPFP,False,False,True,0.5124491062944272,0.5124491062944272,"Positive operating margins follow a sustained upward trend (at least 90% explained, low residual variation), with no net losses or latest decline; improvement passes the margin-variation check | 1 revenue decline in the last 10 years (informational)"
2025Q4,600600.SHG,FPPFP,PPPFP,False,False,True,0.36869026239128955,0.36869026239128955,"Positive operating margins follow a sustained upward trend (at least 90% explained, low residual variation), with no net losses or latest decline; improvement passes the margin-variation check | 4 revenue declines in the last 10 years (informational)"
2025Q4,603019.SHG,FFFFP,PFFFP,False,False,True,0.4166759318448324,0.4166759318448324,"Positive, nondecreasing operating margins with no net loss years; sustained improvement passes the margin-variation check | 1 revenue decline in the last 10 years (informational)"
2025Q4,FTNT.US,FPFPP,PPFPP,False,False,True,0.45630131095808435,0.45630131095808435,"Positive operating margins follow a sustained upward trend (at least 90% explained, low residual variation), with no net losses or latest decline; improvement passes the margin-variation check | 0 revenue declines in the last 10 years (informational)"
2025Q4,NFLX.US,FFPPP,PFPPP,False,False,True,0.4582768174092107,0.4582768174092107,"Positive operating margins follow a sustained upward trend (at least 90% explained, low residual variation), with no net losses or latest decline; improvement passes the margin-variation check | 0 revenue declines in the last 10 years (informational)"
2026Q1,600489.SHG,FFPFP,PFPFP,False,False,True,0.5124491062944272,0.5124491062944272,"Positive operating margins follow a sustained upward trend (at least 90% explained, low residual variation), with no net losses or latest decline; improvement passes the margin-variation check | 1 revenue decline in the last 10 years (informational)"
2026Q1,600600.SHG,FPPFP,PPPFP,False,False,True,0.36869026239128955,0.36869026239128955,"Positive operating margins follow a sustained upward trend (at least 90% explained, low residual variation), with no net losses or latest decline; improvement passes the margin-variation check | 4 revenue declines in the last 10 years (informational)"
2026Q1,603019.SHG,FFFFP,PFFFP,False,False,True,0.4166759318448324,0.4166759318448324,"Positive, nondecreasing operating margins with no net loss years; sustained improvement passes the margin-variation check | 1 revenue decline in the last 10 years (informational)"
2026Q1,FTNT.US,FPFPP,PPFPP,False,False,True,0.4544185778071028,0.4544185778071028,"Positive operating margins follow a sustained upward trend (at least 90% explained, low residual variation), with no net losses or latest decline; improvement passes the margin-variation check | 0 revenue declines in the last 10 years (informational)"
2026Q1,NFLX.US,FPPPP,PPPPP,False,False,True,0.46068313796690624,0.46068313796690624,"Positive operating margins follow a sustained upward trend (at least 90% explained, low residual variation), with no net losses or latest decline; improvement passes the margin-variation check | 0 revenue declines in the last 10 years (informational)"
2026Q2,FTNT.US,FPFPP,PPFPP,False,False,True,0.4544185778071028,0.4544185778071028,"Positive operating margins follow a sustained upward trend (at least 90% explained, low residual variation), with no net losses or latest decline; improvement passes the margin-variation check | 0 revenue declines in the last 10 years (informational)"
2026Q2,KOG.OL,FFPPP,PFPPP,False,False,True,0.49186138914292193,0.49186138914292193,"Positive operating margins follow a sustained upward trend (at least 90% explained, low residual variation), with no net losses or latest decline; improvement passes the margin-variation check | 4 revenue declines in the last 10 years (informational)"
2026Q2,NFLX.US,FPPPP,PPPPP,False,False,True,0.3812130921877825,0.3812130921877825,"Positive operating margins follow a sustained upward trend (at least 90% explained, low residual variation), with no net losses or latest decline; improvement passes the margin-variation check | 0 revenue declines in the last 10 years (informational)"
