scope,period,quarter,id,return_3y,top_decile,loser,below_median,all_quality_now,buy_now
US,train,2009Q1,OXY.US,0.7571829322441674,False,False,True,False,False
US,train,2009Q2,OXY.US,0.39459931126199277,False,False,True,False,False
US,later,2018Q1,AOS.US,0.15951870914359767,False,False,True,True,False
US,later,2018Q2,AOS.US,0.2920660434160087,False,False,True,True,False
US,later,2018Q3,AOS.US,0.20015196595659424,False,False,True,True,False
Western_nonUS,later,2016Q1,BOL.PA,0.24981512267352923,False,False,True,False,False
Western_nonUS,later,2016Q2,BOL.PA,0.3317335115582496,False,False,True,False,False
Western_nonUS,later,2016Q3,BOL.PA,0.29369439399046504,False,False,True,False,False
Western_nonUS,later,2016Q4,BOL.PA,0.20698471061322987,False,False,True,False,False
Western_nonUS,later,2017Q1,BOL.PA,-0.2697396283738376,False,True,True,False,False
Western_nonUS,later,2019Q2,PSN.LSE,-0.06269879975924053,False,True,True,False,False
Western_nonUS,later,2019Q3,PSN.LSE,-0.42873039002861857,False,True,True,False,False
Western_nonUS,later,2019Q4,PSN.LSE,-0.5532303725300411,False,True,True,False,False
Western_nonUS,later,2021Q4,TRI.PA,-0.2335733687492595,False,True,True,False,False
Western_nonUS,later,2022Q1,TRI.PA,-0.14865314670443752,False,True,True,False,False
Western_nonUS,later,2022Q2,LEG.XETRA,0.008684958063184478,False,False,True,False,False
Western_nonUS,later,2022Q2,TRI.PA,0.7749008961398447,False,False,False,False,False
Western_nonUS,later,2022Q3,TRI.PA,0.6908096299414448,False,False,False,False,False
Western_nonUS,later,2023Q3,PME.AU,0.9755764118700156,False,False,False,False,False
all_markets,train,2008Q1,600809.SHG,2.5572368426970704,True,False,False,False,False
all_markets,train,2008Q2,600809.SHG,4.744905424322723,True,False,False,False,False
all_markets,train,2009Q1,OXY.US,0.7571829322441674,False,False,True,False,False
all_markets,train,2009Q2,OXY.US,0.39459931126199277,False,False,True,False,False
all_markets,train,2009Q3,600809.SHG,,,,,False,False
all_markets,train,2009Q4,600809.SHG,1.0163500367398495,False,False,False,False,False
all_markets,train,2010Q1,600809.SHG,0.5698872686537426,False,False,False,False,False
all_markets,later,2016Q1,BOL.PA,0.24981512267352923,False,False,True,False,False
all_markets,later,2016Q2,BOL.PA,0.3317335115582496,False,False,True,False,False
all_markets,later,2016Q3,BOL.PA,0.29369439399046504,False,False,True,False,False
all_markets,later,2016Q4,BOL.PA,0.20698471061322987,False,False,True,False,False
all_markets,later,2017Q1,BOL.PA,-0.2697396283738376,False,True,True,False,False
all_markets,later,2017Q4,600332.SHG,-0.056128561312554504,False,True,True,False,False
all_markets,later,2018Q1,600332.SHG,-0.03073678248695033,False,True,True,False,False
all_markets,later,2018Q1,AOS.US,0.15951870914359767,False,False,True,True,False
all_markets,later,2018Q2,600332.SHG,-0.030922607671365343,False,True,True,False,False
all_markets,later,2018Q2,AOS.US,0.2920660434160087,False,False,True,True,False
all_markets,later,2018Q3,AOS.US,0.20015196595659424,False,False,True,True,False
all_markets,later,2019Q2,PSN.LSE,-0.06269879975924053,False,True,True,False,False
all_markets,later,2019Q3,PSN.LSE,-0.42873039002861857,False,True,True,False,False
all_markets,later,2019Q4,PSN.LSE,-0.5532303725300411,False,True,True,False,False
all_markets,later,2021Q2,600438.SHG,-0.48951183277139176,False,True,True,False,False
all_markets,later,2021Q3,600438.SHG,,,,,False,False
all_markets,later,2021Q4,600438.SHG,-0.39992684413400426,False,True,True,False,False
all_markets,later,2021Q4,TRI.PA,-0.2335733687492595,False,True,True,False,False
all_markets,later,2022Q1,600438.SHG,-0.4903932267248693,False,True,True,False,False
all_markets,later,2022Q1,TRI.PA,-0.14865314670443752,False,True,True,False,False
all_markets,later,2022Q2,LEG.XETRA,0.008684958063184478,False,False,True,False,False
all_markets,later,2022Q2,TRI.PA,0.7749008961398447,False,False,False,False,False
all_markets,later,2022Q3,002812.SHE,,,,,False,False
all_markets,later,2022Q3,TRI.PA,0.6908096299414448,False,False,False,False,False
all_markets,later,2022Q4,002812.SHE,-0.5448547697313062,False,True,True,False,False
all_markets,later,2023Q1,002812.SHE,-0.3775478310694159,False,True,True,False,False
all_markets,later,2023Q2,603019.SHG,1.1734264218155874,False,False,False,False,False
all_markets,later,2023Q3,603019.SHG,,,,,False,False
all_markets,later,2023Q3,PME.AU,0.9755764118700156,False,False,False,False,False
all_nonUS,train,2008Q1,600809.SHG,2.5572368426970704,True,False,False,False,False
all_nonUS,train,2008Q2,600809.SHG,4.744905424322723,True,False,False,False,False
all_nonUS,train,2009Q3,600809.SHG,,,,,False,False
all_nonUS,train,2009Q4,600809.SHG,1.0163500367398495,True,False,False,False,False
all_nonUS,train,2010Q1,600809.SHG,0.5698872686537426,False,False,False,False,False
all_nonUS,later,2016Q1,BOL.PA,0.24981512267352923,False,False,True,False,False
all_nonUS,later,2016Q2,BOL.PA,0.3317335115582496,False,False,True,False,False
all_nonUS,later,2016Q3,BOL.PA,0.29369439399046504,False,False,True,False,False
all_nonUS,later,2016Q4,BOL.PA,0.20698471061322987,False,False,True,False,False
all_nonUS,later,2017Q1,BOL.PA,-0.2697396283738376,False,True,True,False,False
all_nonUS,later,2017Q4,600332.SHG,-0.056128561312554504,False,True,True,False,False
all_nonUS,later,2018Q1,600332.SHG,-0.03073678248695033,False,True,True,False,False
all_nonUS,later,2018Q2,600332.SHG,-0.030922607671365343,False,True,True,False,False
all_nonUS,later,2019Q2,PSN.LSE,-0.06269879975924053,False,True,True,False,False
all_nonUS,later,2019Q3,PSN.LSE,-0.42873039002861857,False,True,True,False,False
all_nonUS,later,2019Q4,PSN.LSE,-0.5532303725300411,False,True,True,False,False
all_nonUS,later,2021Q2,600438.SHG,-0.48951183277139176,False,True,True,False,False
all_nonUS,later,2021Q3,600438.SHG,,,,,False,False
all_nonUS,later,2021Q4,600438.SHG,-0.39992684413400426,False,True,True,False,False
all_nonUS,later,2021Q4,TRI.PA,-0.2335733687492595,False,True,True,False,False
all_nonUS,later,2022Q1,600438.SHG,-0.4903932267248693,False,True,True,False,False
all_nonUS,later,2022Q1,TRI.PA,-0.14865314670443752,False,True,True,False,False
all_nonUS,later,2022Q2,LEG.XETRA,0.008684958063184478,False,False,True,False,False
all_nonUS,later,2022Q2,TRI.PA,0.7749008961398447,False,False,False,False,False
all_nonUS,later,2022Q3,002812.SHE,,,,,False,False
all_nonUS,later,2022Q3,TRI.PA,0.6908096299414448,False,False,False,False,False
all_nonUS,later,2022Q4,002812.SHE,-0.5448547697313062,False,True,True,False,False
all_nonUS,later,2023Q1,002812.SHE,-0.3775478310694159,False,True,True,False,False
all_nonUS,later,2023Q2,603019.SHG,1.1734264218155874,False,False,False,False,False
all_nonUS,later,2023Q3,603019.SHG,,,,,False,False
all_nonUS,later,2023Q3,PME.AU,0.9755764118700156,False,False,False,False,False
