scope,period,variant,state,hit,observations,selected,quarters,top_decile,losers
US,train,baseline,P,0.4961110831933703,5175,5175,29,363,1060
US,train,baseline,F,0.5079304139361172,3132,3132,29,482,713
US,train,baseline,U,0.0,8,8,5,0,3
US,train,redesigned,P,0.49593706884044314,5177,5177,29,363,1060
US,train,redesigned,F,0.5082742252030157,3130,3130,29,482,713
US,train,redesigned,U,0.0,8,8,5,0,3
US,later,baseline,P,0.4819351854483165,8174,8174,31,578,1504
US,later,baseline,F,0.5343298155565892,4279,4279,31,686,820
US,later,baseline,U,1.0,4,4,4,0,0
US,later,redesigned,P,0.4817443773781289,8177,8177,31,578,1504
US,later,redesigned,F,0.5346854003194846,4276,4276,31,686,820
US,later,redesigned,U,1.0,4,4,4,0,0
Western_nonUS,train,baseline,P,0.5160287248743692,3603,3603,29,273,832
Western_nonUS,train,baseline,F,0.46342987049891515,4713,4713,30,574,1424
Western_nonUS,train,baseline,U,,0,0,0,0,0
Western_nonUS,train,redesigned,P,0.5160287248743692,3603,3603,29,273,832
Western_nonUS,train,redesigned,F,0.46342987049891515,4713,4713,30,574,1424
Western_nonUS,train,redesigned,U,,0,0,0,0,0
Western_nonUS,later,baseline,P,0.49768606960878825,12110,12110,31,834,3606
Western_nonUS,later,baseline,F,0.5026149530096105,10072,10072,31,1396,3270
Western_nonUS,later,baseline,U,,0,0,0,0,0
Western_nonUS,later,redesigned,P,0.49734095243422466,12124,12124,31,834,3612
Western_nonUS,later,redesigned,F,0.5030561831128187,10058,10058,31,1396,3264
Western_nonUS,later,redesigned,U,,0,0,0,0,0
all_markets,train,baseline,P,0.506420187812704,9685,9874,29,617,2229
all_markets,train,baseline,F,0.47457665418652545,9063,9361,30,1271,2507
all_markets,train,baseline,U,0.2,8,8,5,0,3
all_markets,train,redesigned,P,0.5065170726257947,9691,9881,29,619,2229
all_markets,train,redesigned,F,0.4744656545932491,9057,9354,30,1269,2507
all_markets,train,redesigned,U,0.2,8,8,5,0,3
all_markets,later,baseline,P,0.4974074816892515,25337,26274,31,1766,6497
all_markets,later,baseline,F,0.5037255370413872,18339,19061,31,2614,5295
all_markets,later,baseline,U,0.9375,17,17,10,1,2
all_markets,later,redesigned,P,0.4970287210350613,25363,26303,31,1766,6511
all_markets,later,redesigned,F,0.5042344600662791,18313,19032,31,2614,5281
all_markets,later,redesigned,U,0.9375,17,17,10,1,2
all_nonUS,train,baseline,P,0.5026178226787164,4510,4699,29,281,1169
all_nonUS,train,baseline,F,0.4734060194241559,5931,6229,30,774,1794
all_nonUS,train,baseline,U,,0,0,0,0,0
all_nonUS,train,redesigned,P,0.5030858295963593,4514,4704,29,284,1169
all_nonUS,train,redesigned,F,0.4730759305116177,5927,6224,30,771,1794
all_nonUS,train,redesigned,U,,0,0,0,0,0
all_nonUS,later,baseline,P,0.49769713257454845,17163,18100,31,1211,4993
all_nonUS,later,baseline,F,0.5025327835662124,14060,14782,31,1926,4475
all_nonUS,later,baseline,U,0.9166666666666666,13,13,6,1,2
all_nonUS,later,redesigned,P,0.4972359865820636,17186,18126,31,1211,5007
all_nonUS,later,redesigned,F,0.5030898536240055,14037,14756,31,1926,4461
all_nonUS,later,redesigned,U,0.9166666666666666,13,13,6,1,2
