scope,period,rule,winner_failures,loser_passes,failed,passed,pass_hit,fail_hit
US,later,moat: ALL moat,730,1078,5805,6533,0.5196039551883909,0.4767672885903422
US,later,economics: ALL economics,707,1209,5716,6622,0.49741705049028295,0.5062710501940341
US,later,understandable: ALL understandable,672,1473,4245,8093,0.48337439666373405,0.5341981607707792
US,later,understandable: operating margin variation,655,1472,3641,7737,0.47874433256049137,0.5590800892141087
US,later,moat: ROIC worst years,650,1049,5110,6268,0.5284296582570773,0.4723460889561463
US,later,accounting: five years of restructuring charges,597,1195,4651,6727,0.510762316155393,0.49899488958569116
US,later,management: ALL management,542,1349,4528,7807,0.5129601616639954,0.4797809363635534
US,later,economics: owner earnings cash conversion,508,1505,3422,7956,0.5020888545023388,0.5112906003172402
US,later,moat: ROIC median,492,1243,4385,6993,0.5333952184526627,0.4565068812610364
US,later,accounting: stock compensation to operating cash flow,364,1862,1508,9551,0.474717318386639,0.684748262844071
US,later,economics: incremental invested capital return,363,1419,3527,7688,0.5196023168657822,0.4714199712594913
US,later,understandable: net loss years,307,1896,1320,10058,0.48953940874356977,0.6142978135210669
US,later,management: diluted share growth over five and ten years,284,1597,2607,8634,0.5098709996127786,0.47882978169124496
US,later,accounting: ALL accounting,263,2137,1064,11274,0.48733888083668736,0.6400466747456436
US,later,management: the $1 test or per-share value growth,222,1860,1530,9842,0.5056283844222382,0.5122855509016718
US,later,management: acquired goodwill and intangibles (proxy) and ROIC stability,165,1842,1024,10084,0.5009904294784804,0.5192976664835601
US,later,economics: three-year working capital averages at both ends of ten years,157,1913,1202,9999,0.494032853351361,0.5748528251571386
US,later,understandable: average operating margin,152,2061,529,10849,0.49675731271894963,0.6522075474377482
US,later,accounting: latest-year receivables to sales index (DSRI),87,2023,596,10669,0.5039527207289549,0.5317650570062112
US,later,understandable: revenue declines,68,2035,788,10590,0.5085373179551581,0.4377804280142291
US,later,accounting: operating cash flow backing earnings,37,2131,157,11225,0.5022875490433979,0.6337173579109063
US,later,management: buyback timing,29,2143,118,11252,0.5012722889456722,0.7026881720430107
US,later,accounting: Sloan accruals,27,2115,186,11196,0.5027310056126143,0.5717613927291346
US,later,moat: median return on common equity,18,82,380,580,0.4483870967741935,0.5130272952853598
US,later,moat: worst return years,16,63,182,333,0.3976639847607589,0.5216589861751152
US,later,management: annualized share growth excluding flagged crisis recapitalisations,10,92,188,772,0.4705719012170625,0.4805962854349951
US,later,economics: at least seven consecutive book observations with annual dividends,9,98,219,741,0.47413370957308665,0.5238351254480287
US,later,"moat: FY2019, FY2020 and FY2023 gross margins",6,115,43,351,0.35858386193752045,0.36626984126984125
US,later,management: retained earnings versus book per share,5,117,111,849,0.47633558392215675,0.543019943019943
US,later,understandable: history length,0,2151,4,11378,0.5038680917111766,1.0
US,later,accounting: reported restatements,0,130,0,960,0.4733719216094346,
US,later,accounting: positive common capital,0,130,0,960,0.4733719216094346,
US,later,moat: positive common capital,0,130,0,960,0.4733719216094346,
US,later,understandable: annual earnings observations,0,101,98,862,0.4769864012736021,0.46296296296296297
US,train,moat: ALL moat,545,711,4588,3663,0.5013695191172929,0.4987376853104112
US,train,moat: ROIC worst years,511,584,4101,3421,0.5407047271446981,0.5006192486557031
US,train,understandable: ALL understandable,480,1058,3111,5140,0.4968131880088198,0.5083609581103588
US,train,understandable: operating margin variation,470,850,2949,4573,0.5243522629228067,0.5106705309965929
US,train,management: ALL management,465,1048,4317,3934,0.4831329994598877,0.5070447060526715
US,train,moat: ROIC median,418,736,3364,4158,0.5278281716388168,0.5067661388725144
US,train,economics: ALL economics,388,1038,3449,4802,0.5082922062296191,0.4925904823003009
US,train,economics: owner earnings cash conversion,278,1045,2097,5425,0.5285491575545013,0.5080416623651978
US,train,management: diluted share growth over five and ten years,262,890,1991,4918,0.5227271867514929,0.5044626348346103
US,train,understandable: net loss years,235,1266,1091,6431,0.5134340186694639,0.560248589525403
US,train,economics: incremental invested capital return,230,1113,2003,5298,0.5173519785593547,0.5025790432725974
US,train,management: the $1 test or per-share value growth,207,1332,1887,5635,0.5002985178700328,0.5712845500896131
US,train,understandable: average operating margin,158,1403,507,7015,0.5111812852385322,0.6322193958440077
US,train,accounting: stock compensation to operating cash flow,117,1326,744,6595,0.5177604785261002,0.49838440589007377
US,train,economics: three-year working capital averages at both ends of ten years,79,1355,654,6633,0.515306639009086,0.5231121607186993
US,train,management: acquired goodwill and intangibles (proxy) and ROIC stability,66,1081,427,6275,0.515724005208645,0.5252448719028772
US,train,accounting: latest-year receivables to sales index (DSRI),59,1405,506,6936,0.5182802545313637,0.5185450658646888
US,train,accounting: ALL accounting,16,1727,187,8064,0.5015597002354116,0.4248381753633854
US,train,understandable: revenue declines,15,1491,147,7375,0.5212982149041886,0.33295019157088124
US,train,management: buyback timing,11,1484,153,7357,0.5169744449210428,0.6100765306122449
US,train,accounting: Sloan accruals,9,1494,76,7454,0.5195040221443885,0.43154761904761907
US,train,accounting: five years of restructuring charges,8,1500,213,7309,0.5190437675295674,0.4932065349427352
US,train,economics: at least seven consecutive book observations with annual dividends,6,211,176,553,0.28797583994952414,0.3879947433518862
US,train,management: annualized share growth excluding flagged crisis recapitalisations,6,120,339,390,0.29638556180047776,0.33517375481661194
US,train,management: retained earnings versus book per share,5,121,303,426,0.32300049415732646,0.31223296136636475
US,train,moat: worst return years,3,140,91,303,0.24752886002886001,0.26904761904761904
US,train,understandable: annual earnings observations,3,240,67,662,0.3225279973649539,0.3244444444444444
US,train,moat: median return on common equity,1,215,126,603,0.29222924677117224,0.3988095238095238
US,train,accounting: operating cash flow backing earnings,1,1503,65,7465,0.5189197726221589,0.454320987654321
US,train,understandable: history length,0,1516,8,7522,0.5189426045092813,0.0
US,train,accounting: reported restatements,0,246,0,729,0.31595186627822097,
US,train,"moat: FY2019, FY2020 and FY2023 gross margins",0,0,0,0,,
US,train,accounting: positive common capital,0,246,8,721,0.3168349118041236,0.25
US,train,moat: positive common capital,0,246,8,721,0.3168349118041236,0.25
Western_nonUS,later,moat: ALL moat,1499,2335,12363,7408,0.4924720509787126,0.5007154861320389
Western_nonUS,later,understandable: ALL understandable,1251,3312,8643,11128,0.4976279209806303,0.49934211305885745
Western_nonUS,later,moat: ROIC worst years,1245,2390,10265,7249,0.47637845519936206,0.4885882902446748
Western_nonUS,later,economics: ALL economics,1229,2809,10205,9555,0.5146656778695176,0.4827425396646245
Western_nonUS,later,understandable: operating margin variation,1185,3115,7756,9751,0.467143177078713,0.5068848390539132
Western_nonUS,later,management: ALL management,1163,3031,9523,10248,0.508143292521478,0.4890395638320209
Western_nonUS,later,moat: ROIC median,970,2770,9207,8307,0.4770429609572274,0.4894422159671798
Western_nonUS,later,economics: incremental invested capital return,828,3384,6847,10483,0.48553538061776436,0.47606056122756146
Western_nonUS,later,economics: owner earnings cash conversion,683,3947,4879,12615,0.48335426768418804,0.4840245476097174
Western_nonUS,later,management: diluted share growth over five and ten years,625,4049,4524,12609,0.478599162423702,0.49511369005686984
Western_nonUS,later,understandable: net loss years,575,4857,2768,14746,0.4679017605992728,0.5685755736790864
Western_nonUS,later,management: the $1 test or per-share value growth,509,4260,4201,13274,0.4878656740512974,0.4844909378228752
Western_nonUS,later,understandable: average operating margin,333,5323,1123,16384,0.4763409969781802,0.5959875787629628
Western_nonUS,later,economics: three-year working capital averages at both ends of ten years,304,4541,2705,14071,0.4837636119479613,0.4582419122864073
Western_nonUS,later,management: acquired goodwill and intangibles (proxy) and ROIC stability,283,4793,2043,14867,0.48090690485859966,0.4887391492502575
Western_nonUS,later,accounting: latest-year receivables to sales index (DSRI),231,4997,1711,15561,0.4830188658287964,0.49061310559623406
Western_nonUS,later,understandable: revenue declines,227,5246,1432,16064,0.48046485844766607,0.5202145775760482
Western_nonUS,later,moat: median return on common equity,204,194,1283,974,0.6164026471140585,0.5761809805951452
Western_nonUS,later,moat: worst return years,136,187,644,845,0.5812654487652852,0.5511885693379751
Western_nonUS,later,management: retained earnings versus book per share,118,297,778,1479,0.6215002689072062,0.556603322877482
Western_nonUS,later,management: annualized share growth excluding flagged crisis recapitalisations,112,257,828,1429,0.6372597991852624,0.5434347348362921
Western_nonUS,later,economics: at least seven consecutive book observations with annual dividends,110,366,570,1687,0.6015948323182777,0.592796755052236
Western_nonUS,later,accounting: ALL accounting,88,5976,554,19211,0.4973225871308566,0.533759419596234
Western_nonUS,later,accounting: stock compensation to operating cash flow,62,5103,483,15937,0.4810061933009284,0.49386893018338446
Western_nonUS,later,accounting: operating cash flow backing earnings,55,5551,395,17113,0.4827563241749992,0.5378430287823077
Western_nonUS,later,accounting: five years of restructuring charges,54,5570,327,17133,0.4824925588667473,0.5609312941365899
Western_nonUS,later,understandable: annual earnings observations,49,370,341,1916,0.6155247291138216,0.5119257086999023
Western_nonUS,later,accounting: Sloan accruals,45,5552,366,17142,0.48289417575735133,0.534005868683288
Western_nonUS,later,management: buyback timing,19,5562,225,17241,0.48530195826593814,0.3870199692780338
Western_nonUS,later,"moat: FY2019, FY2020 and FY2023 gross margins",8,58,67,211,0.37973856209150325,0.34983766233766234
Western_nonUS,later,accounting: positive common capital,2,483,8,2249,0.5997828519854483,0.625
Western_nonUS,later,moat: positive common capital,2,483,8,2249,0.5997828519854483,0.625
Western_nonUS,later,understandable: history length,0,5673,0,17514,0.4838736418134196,
Western_nonUS,later,accounting: reported restatements,0,486,0,2257,0.598983982609061,
Western_nonUS,train,understandable: ALL understandable,485,733,4057,3243,0.5251216407761901,0.44989839802729537
Western_nonUS,train,moat: ALL moat,472,666,4545,2755,0.5184520298820053,0.46651057954480224
Western_nonUS,train,understandable: operating margin variation,462,553,3847,2691,0.5629244794995515,0.44814026342692537
Western_nonUS,train,moat: ROIC worst years,447,545,4106,2448,0.5454777023631654,0.4707778004520482
Western_nonUS,train,management: ALL management,419,871,4194,3106,0.4870839815657832,0.47858435852245
Western_nonUS,train,economics: ALL economics,414,925,3588,3712,0.5309237242446199,0.42913050769810895
Western_nonUS,train,moat: ROIC median,346,784,3343,3211,0.5378038351538565,0.4666643242044314
Western_nonUS,train,economics: incremental invested capital return,337,952,2515,3755,0.5006086392867224,0.4719398567423912
Western_nonUS,train,management: the $1 test or per-share value growth,252,1271,2252,4302,0.4860756231399543,0.4942846965030933
Western_nonUS,train,economics: owner earnings cash conversion,227,1164,1862,4688,0.5311594624665411,0.40820935127393976
Western_nonUS,train,understandable: net loss years,174,1280,1249,5305,0.506997546681138,0.4418743568443105
Western_nonUS,train,management: diluted share growth over five and ten years,173,1110,1463,4409,0.4944664841295144,0.47211310243690474
Western_nonUS,train,economics: three-year working capital averages at both ends of ten years,107,1170,842,4752,0.5111532981103021,0.3891581516007903
Western_nonUS,train,management: acquired goodwill and intangibles (proxy) and ROIC stability,107,1107,660,4351,0.4856633882387177,0.47643042014743625
Western_nonUS,train,understandable: average operating margin,84,1535,427,6111,0.49822994656644526,0.41457093770045267
Western_nonUS,train,accounting: latest-year receivables to sales index (DSRI),58,1388,467,5467,0.5105859919064624,0.4243295149727898
Western_nonUS,train,accounting: ALL accounting,36,1860,292,7008,0.48719190490050834,0.36324371481572293
Western_nonUS,train,management: buyback timing,36,1701,174,6374,0.49059150299456655,0.5052698412698413
Western_nonUS,train,accounting: operating cash flow backing earnings,30,1636,261,6293,0.5021550978524313,0.36363966211836396
Western_nonUS,train,understandable: revenue declines,28,1638,257,6261,0.4922025788233656,0.47076220801711
Western_nonUS,train,accounting: Sloan accruals,17,1646,193,6361,0.49967909051662157,0.2557744937055282
Western_nonUS,train,management: annualized share growth excluding flagged crisis recapitalisations,8,96,339,407,0.47137724143168785,0.35770178097764305
Western_nonUS,train,accounting: stock compensation to operating cash flow,4,1487,53,5916,0.5094282669444957,0.358695652173913
Western_nonUS,train,moat: median return on common equity,4,186,122,624,0.4302075998526303,0.2858906525573192
Western_nonUS,train,moat: worst return years,4,126,102,448,0.4860386683408996,0.37134740259740256
Western_nonUS,train,management: retained earnings versus book per share,4,119,310,393,0.28450501236345155,0.5334058661644868
Western_nonUS,train,understandable: annual earnings observations,4,210,87,659,0.4274244857253198,0.3610766045548654
Western_nonUS,train,accounting: five years of restructuring charges,1,1690,28,6425,0.49217519392735376,0.6052631578947368
Western_nonUS,train,understandable: history length,0,1739,0,6554,0.4908651945362821,
Western_nonUS,train,accounting: reported restatements,0,240,0,746,0.4133050989276951,
Western_nonUS,train,"moat: FY2019, FY2020 and FY2023 gross margins",0,0,0,0,,
Western_nonUS,train,economics: at least seven consecutive book observations with annual dividends,0,176,127,619,0.4359634083518465,0.31102292768959433
Western_nonUS,train,accounting: positive common capital,0,240,0,746,0.4133050989276951,
Western_nonUS,train,moat: positive common capital,0,240,0,746,0.4133050989276951,
all_markets,later,moat: ALL moat,2863,4400,24102,16882,0.5111528202468268,0.49155922531994345
all_markets,later,economics: ALL economics,2522,5105,20707,20233,0.5108591176449369,0.4916747192363362
all_markets,later,moat: ROIC worst years,2487,4322,20514,16147,0.5094197536947407,0.4829962645803659
all_markets,later,understandable: ALL understandable,2451,6178,16760,24229,0.49888643921418757,0.5037964796135626
all_markets,later,understandable: operating margin variation,2364,5787,15131,21527,0.4856510001529946,0.5108924609007464
all_markets,later,management: ALL management,2223,5367,19322,21661,0.5202526140484275,0.4797715443442965
all_markets,later,moat: ROIC median,2007,5011,18447,18214,0.5097990624656555,0.47892396558703254
all_markets,later,economics: owner earnings cash conversion,1587,6834,11197,25436,0.495704201073719,0.49518538026895487
all_markets,later,economics: incremental invested capital return,1547,6124,13258,22191,0.503571617160595,0.47492751143240924
all_markets,later,management: diluted share growth over five and ten years,1188,6774,10107,25405,0.5015401932164055,0.4776373244647017
all_markets,later,understandable: net loss years,968,8911,4801,31878,0.4845524156792849,0.5672277759580323
all_markets,later,management: the $1 test or per-share value growth,943,7986,7491,28958,0.5000089731651192,0.491378738727971
all_markets,later,accounting: five years of restructuring charges,652,9077,5058,31464,0.4823109222067364,0.5694891626926789
all_markets,later,economics: three-year working capital averages at both ends of ten years,647,8242,5160,29705,0.4931867556140879,0.4810516217193236
all_markets,later,management: acquired goodwill and intangibles (proxy) and ROIC stability,595,8521,3931,30768,0.49151525288894815,0.4927834694063549
all_markets,later,understandable: average operating margin,549,9633,2009,34649,0.48959973310173627,0.597325259103229
all_markets,later,accounting: ALL accounting,442,10520,2223,38773,0.4951595819039138,0.5941349151753071
all_markets,later,accounting: stock compensation to operating cash flow,431,9063,2099,32422,0.4836823680063486,0.6538977410852853
all_markets,later,accounting: latest-year receivables to sales index (DSRI),392,9072,2989,33142,0.49845665181666315,0.46913714214011304
all_markets,later,understandable: revenue declines,319,9581,2460,34201,0.494930525407808,0.4996134207911014
all_markets,later,moat: median return on common equity,238,450,2148,2175,0.527150221729965,0.5684804741249707
all_markets,later,accounting: operating cash flow backing earnings,186,9878,1129,35548,0.49388834920918046,0.5401055834888064
all_markets,later,moat: worst return years,154,412,915,1958,0.5181439703134637,0.5449021371217365
all_markets,later,management: annualized share growth excluding flagged crisis recapitalisations,132,423,1558,2765,0.5825199139802922,0.48933889878689374
all_markets,later,management: retained earnings versus book per share,132,601,1086,3204,0.5506697038406492,0.5537806042845003
all_markets,later,economics: at least seven consecutive book observations with annual dividends,117,667,876,3414,0.5420638965460021,0.5913662164860183
all_markets,later,accounting: Sloan accruals,97,9939,781,35896,0.4949886322224075,0.5137927732151546
all_markets,later,management: buyback timing,50,10045,343,36242,0.49582544582839766,0.47382492059911413
all_markets,later,understandable: annual earnings observations,47,697,444,3879,0.5543537920179644,0.5179750225528215
all_markets,later,"moat: FY2019, FY2020 and FY2023 gross margins",16,237,153,844,0.45682534719549334,0.33827160493827163
all_markets,later,accounting: positive common capital,3,839,8,4315,0.5488304181665916,0.625
all_markets,later,moat: positive common capital,3,839,8,4315,0.5488304181665916,0.625
all_markets,later,understandable: history length,0,10177,4,36679,0.4953764749762372,1.0
all_markets,later,accounting: reported restatements,0,842,0,4323,0.5485168697187176,
all_markets,later,management: acquisition spending and ROIC stability,0,0,0,0,,
all_markets,train,moat: ALL moat,1196,1533,10676,6974,0.5148032836558362,0.48043707439474326
all_markets,train,understandable: ALL understandable,1174,2102,8382,9268,0.5124268343497012,0.4758904111129179
all_markets,train,understandable: operating margin variation,1144,1687,7992,8049,0.5432332468440206,0.4766758220405133
all_markets,train,moat: ROIC worst years,1143,1284,9667,6390,0.5497174763361562,0.48377736641501085
all_markets,train,economics: ALL economics,1026,2216,8295,9355,0.5197379559242934,0.46313330342232056
all_markets,train,management: ALL management,1021,2314,9434,8216,0.4778615473307543,0.49655518407881466
all_markets,train,moat: ROIC median,948,1735,8000,8057,0.5370098868579657,0.4842728907357489
all_markets,train,economics: incremental invested capital return,747,2418,5340,10114,0.5060399602690908,0.5029660787244301
all_markets,train,economics: owner earnings cash conversion,637,2600,4704,11346,0.5310267194917349,0.47337282989986007
all_markets,train,management: the $1 test or per-share value growth,548,3191,4440,11614,0.4882345429499286,0.5412894743930542
all_markets,train,management: diluted share growth over five and ten years,476,2424,3979,10614,0.5181198516321601,0.4898290683217327
all_markets,train,understandable: net loss years,423,3151,2481,13576,0.5068807799896416,0.4929713006537385
all_markets,train,economics: three-year working capital averages at both ends of ten years,278,3017,1876,12920,0.5107307199698933,0.4761334810773578
all_markets,train,understandable: average operating margin,258,3567,1028,15013,0.5007449505276627,0.5578102486160126
all_markets,train,management: acquired goodwill and intangibles (proxy) and ROIC stability,222,2648,1302,12026,0.519684962358314,0.5021847161366513
all_markets,train,accounting: latest-year receivables to sales index (DSRI),140,3308,1244,14050,0.5123662163452558,0.4419571938932882
all_markets,train,accounting: stock compensation to operating cash flow,117,3401,799,14289,0.5059740208378017,0.5359059308295793
all_markets,train,accounting: ALL accounting,72,4215,621,17029,0.49008474315649947,0.38308794486732994
all_markets,train,understandable: revenue declines,61,3783,436,15585,0.5029147207498323,0.4666577414804772
all_markets,train,accounting: operating cash flow backing earnings,52,3742,466,15599,0.5058834549974498,0.38168145655211755
all_markets,train,management: buyback timing,42,3839,327,15709,0.5011994840992795,0.5262737787422661
all_markets,train,accounting: Sloan accruals,39,3761,351,15714,0.5061143782202158,0.3176874043480214
all_markets,train,management: annualized share growth excluding flagged crisis recapitalisations,12,235,730,863,0.3669178316130654,0.34755234033878596
all_markets,train,management: retained earnings versus book per share,8,264,620,925,0.31029778851920414,0.4035843826718126
all_markets,train,accounting: five years of restructuring charges,7,3844,241,15712,0.502374159900322,0.6372975772139892
all_markets,train,moat: worst return years,7,288,227,823,0.35308633812527024,0.2689625850340136
all_markets,train,understandable: annual earnings observations,6,477,172,1421,0.3643671098260105,0.36100131752305664
all_markets,train,moat: median return on common equity,4,417,288,1305,0.35597179848327865,0.3213426618653841
all_markets,train,economics: at least seven consecutive book observations with annual dividends,4,413,324,1269,0.3455553986835927,0.3709983993597439
all_markets,train,understandable: history length,0,3909,8,16057,0.5019943174970269,0.2
all_markets,train,accounting: reported restatements,0,513,0,1593,0.35144021718219837,
all_markets,train,"moat: FY2019, FY2020 and FY2023 gross margins",0,0,0,0,,
all_markets,train,accounting: positive common capital,0,513,8,1585,0.35196695101396847,0.25
all_markets,train,moat: positive common capital,0,513,8,1585,0.35196695101396847,0.25
all_nonUS,later,moat: ALL moat,2135,3322,18297,10349,0.4824369685659075,0.5040908107275806
all_nonUS,later,moat: ROIC worst years,1827,3273,15404,9879,0.47323761243725987,0.4934157409715925
all_nonUS,later,economics: ALL economics,1808,3896,14991,13611,0.5087712211662809,0.4874361869000193
all_nonUS,later,understandable: ALL understandable,1775,4705,12515,16136,0.496620354755485,0.497584518476095
all_nonUS,later,understandable: operating margin variation,1701,4315,11490,13790,0.4729141118490622,0.503256886196786
all_nonUS,later,management: ALL management,1682,4018,14794,13854,0.5057729323132896,0.4896259120401574
all_nonUS,later,moat: ROIC median,1509,3768,14062,11221,0.4740477645276905,0.4937765949886319
all_nonUS,later,economics: incremental invested capital return,1172,4705,9731,14503,0.4831544632894518,0.47952505789619304
all_nonUS,later,economics: owner earnings cash conversion,1064,5329,7775,17480,0.4876174031479385,0.48361627038471383
all_nonUS,later,management: diluted share growth over five and ten years,893,5177,7500,16771,0.4849035407686251,0.48353931982676307
all_nonUS,later,management: the $1 test or per-share value growth,733,6126,5961,19116,0.4865309291172253,0.49767279166722284
all_nonUS,later,understandable: net loss years,665,7015,3481,21820,0.4745064368907797,0.558596169482817
all_nonUS,later,economics: three-year working capital averages at both ends of ten years,488,6329,3958,19706,0.4823972982804171,0.4635165236712582
all_nonUS,later,management: acquired goodwill and intangibles (proxy) and ROIC stability,432,6679,2907,20684,0.47717013054056845,0.5021979316542471
all_nonUS,later,understandable: average operating margin,396,7572,1480,23800,0.4799248511191886,0.5857170017770102
all_nonUS,later,accounting: latest-year receivables to sales index (DSRI),297,7049,2393,22473,0.4877159567788864,0.46559421970713577
all_nonUS,later,understandable: revenue declines,248,7546,1672,23611,0.48370050761470923,0.5187564760795074
all_nonUS,later,moat: median return on common equity,229,368,1768,1595,0.5616845536986422,0.5941759085479701
all_nonUS,later,accounting: ALL accounting,183,8383,1159,27499,0.4953759573804929,0.5275676019292388
all_nonUS,later,accounting: operating cash flow backing earnings,149,7747,972,24323,0.48375741566428704,0.5395489020654789
all_nonUS,later,moat: worst return years,140,349,733,1625,0.5633183638619379,0.558864258414356
all_nonUS,later,management: retained earnings versus book per share,134,484,975,2355,0.5834519168798434,0.5810086171962145
all_nonUS,later,management: annualized share growth excluding flagged crisis recapitalisations,126,331,1370,1993,0.6227946381868354,0.5177908500758356
all_nonUS,later,economics: at least seven consecutive book observations with annual dividends,110,569,657,2673,0.5752521417672368,0.6124116198919173
all_nonUS,later,accounting: stock compensation to operating cash flow,73,7201,591,22871,0.4825993475054586,0.4943361259722248
all_nonUS,later,accounting: Sloan accruals,72,7824,595,24700,0.48567392967757833,0.4961926708835566
all_nonUS,later,accounting: five years of restructuring charges,53,7882,407,24737,0.48493065003419183,0.49850952514799163
all_nonUS,later,understandable: annual earnings observations,48,596,346,3017,0.59013554992191,0.5043499511241447
all_nonUS,later,management: buyback timing,18,7902,225,24990,0.48778983127807346,0.3445852534562212
all_nonUS,later,"moat: FY2019, FY2020 and FY2023 gross margins",10,122,110,493,0.40174605554722514,0.40535714285714286
all_nonUS,later,accounting: positive common capital,3,709,8,3355,0.5802646098607837,0.625
all_nonUS,later,moat: positive common capital,3,709,8,3355,0.5802646098607837,0.625
all_nonUS,later,understandable: history length,0,8026,0,25301,0.48608668139578404,
all_nonUS,later,accounting: reported restatements,0,712,0,3363,0.5797928314958248,
all_nonUS,later,management: acquisition spending and ROIC stability,0,0,0,0,,
all_nonUS,train,understandable: ALL understandable,685,1044,5271,4128,0.511852284901155,0.46545677167513033
all_nonUS,train,understandable: operating margin variation,662,837,5043,3476,0.5391856091262726,0.4662676658313837
all_nonUS,train,moat: ALL moat,653,822,6088,3311,0.5189921712663926,0.4717953679976827
all_nonUS,train,moat: ROIC worst years,622,700,5566,2969,0.5383785319358055,0.47946640958473885
all_nonUS,train,economics: ALL economics,593,1178,4846,4553,0.5259214190380165,0.442998622048356
all_nonUS,train,management: ALL management,571,1266,5117,4282,0.47174231503808367,0.49816056814460213
all_nonUS,train,moat: ROIC median,520,999,4636,3899,0.5333545976104266,0.47252175329740936
all_nonUS,train,economics: incremental invested capital return,476,1305,3337,4816,0.4967994066892952,0.49057071936414254
all_nonUS,train,economics: owner earnings cash conversion,339,1555,2607,5921,0.5269936833539014,0.4264783007823409
all_nonUS,train,management: the $1 test or per-share value growth,338,1859,2553,5979,0.4761531927545976,0.5331648549725633
all_nonUS,train,management: diluted share growth over five and ten years,227,1534,1988,5696,0.500408085958511,0.4631515082844141
all_nonUS,train,understandable: net loss years,193,1885,1390,7145,0.5046830787745584,0.445108019216534
all_nonUS,train,economics: three-year working capital averages at both ends of ten years,181,1662,1222,6287,0.5076960125173691,0.4606196590595413
all_nonUS,train,management: acquired goodwill and intangibles (proxy) and ROIC stability,153,1567,875,5751,0.4943033416947804,0.5082462039654175
all_nonUS,train,understandable: average operating margin,106,2164,521,7998,0.49689021258681143,0.44834040676190806
all_nonUS,train,accounting: latest-year receivables to sales index (DSRI),83,1903,738,7114,0.5113011219219067,0.4045842231876036
all_nonUS,train,accounting: ALL accounting,57,2488,434,8965,0.4900684403154812,0.3590868724393633
all_nonUS,train,accounting: operating cash flow backing earnings,50,2239,401,8134,0.5036885002390555,0.3604501885385874
all_nonUS,train,understandable: revenue declines,46,2292,289,8210,0.49163344197696607,0.521292785620271
all_nonUS,train,accounting: Sloan accruals,31,2267,275,8260,0.5004584883840463,0.27867496488186144
all_nonUS,train,management: buyback timing,30,2355,174,8352,0.4916910476082642,0.4797142857142857
all_nonUS,train,management: annualized share growth excluding flagged crisis recapitalisations,9,115,391,473,0.4645408653622559,0.3594509040062579
all_nonUS,train,moat: median return on common equity,5,202,162,702,0.4399379757392536,0.25479530757308533
all_nonUS,train,moat: worst return years,5,148,136,520,0.48059656175665894,0.3599206349206349
all_nonUS,train,management: retained earnings versus book per share,5,143,317,499,0.2886987233464108,0.547730526178802
all_nonUS,train,understandable: annual earnings observations,5,237,105,759,0.42875933169397507,0.3182194616977226
all_nonUS,train,accounting: stock compensation to operating cash flow,4,2075,55,7694,0.5087500388280323,0.3695652173913043
all_nonUS,train,understandable: history length,0,2393,0,8535,0.49191738853599704,
all_nonUS,train,accounting: five years of restructuring charges,0,2344,28,8403,0.49282268750300784,0.631578947368421
all_nonUS,train,accounting: reported restatements,0,267,0,864,0.4110623858743836,
all_nonUS,train,"moat: FY2019, FY2020 and FY2023 gross margins",0,0,0,0,,
all_nonUS,train,economics: at least seven consecutive book observations with annual dividends,0,202,148,716,0.4360154959826448,0.2952821869488536
all_nonUS,train,accounting: positive common capital,0,267,0,864,0.4110623858743836,
all_nonUS,train,moat: positive common capital,0,267,0,864,0.4110623858743836,
