scope,period,test,state,n,hit,top_decile,losers
US,later,MOS_price_comparison,F,9524,0.5046487234158539,856,1746
US,later,MOS_price_comparison,P,408,0.4677013713046657,22,72
US,later,MOS_price_comparison,U,2410,0.48568855177443016,372,463
US,later,all_five_plus_buy,F,12180,0.5013351046349125,1243,2256
US,later,all_five_plus_buy,P,162,0.4267764388257747,7,25
US,train,MOS_price_comparison,F,5958,0.5065233580513487,561,1320
US,train,MOS_price_comparison,P,722,0.42260405118460503,46,115
US,train,MOS_price_comparison,U,1579,0.48792187154284766,236,330
US,train,all_five_plus_buy,F,8064,0.5010110335785284,839,1745
US,train,all_five_plus_buy,P,195,0.44169815227507536,4,20
Western_nonUS,later,MOS_price_comparison,F,14293,0.49281071235323076,1228,4423
Western_nonUS,later,MOS_price_comparison,P,1217,0.5694013979493157,115,255
Western_nonUS,later,MOS_price_comparison,U,4261,0.49833800771651265,666,1481
Western_nonUS,later,all_five_plus_buy,F,19485,0.4958561599436003,1989,6114
Western_nonUS,later,all_five_plus_buy,P,286,0.6679304487416442,20,45
Western_nonUS,train,MOS_price_comparison,F,5018,0.48502443044933125,435,1320
Western_nonUS,train,MOS_price_comparison,P,688,0.4441724641565436,77,182
Western_nonUS,train,MOS_price_comparison,U,1594,0.48676096640590805,225,477
Western_nonUS,train,all_five_plus_buy,F,7205,0.48058148547335333,729,1961
Western_nonUS,train,all_five_plus_buy,P,95,0.5237433862433862,8,18
all_nonUS,later,MOS_price_comparison,F,19994,0.49429511658524194,1788,5995
all_nonUS,later,MOS_price_comparison,P,2415,0.5308074244640062,199,554
all_nonUS,later,MOS_price_comparison,U,6255,0.49132152176412935,919,2189
all_nonUS,later,all_five_plus_buy,F,28180,0.4951650392561583,2881,8645
all_nonUS,later,all_five_plus_buy,P,484,0.5814876840412297,25,93
all_nonUS,train,MOS_price_comparison,F,6352,0.49021062927273196,555,1714
all_nonUS,train,MOS_price_comparison,P,765,0.4210673828726782,84,193
all_nonUS,train,MOS_price_comparison,U,2282,0.48975282623514865,314,753
all_nonUS,train,all_five_plus_buy,F,9297,0.4827373465303873,945,2642
all_nonUS,train,all_five_plus_buy,P,102,0.5076148388648388,8,18
