id,mask_before,mask_after,quality_before,quality_after,buy_before,buy_after,reason
000786.SHE,PPPPP,PFPPP,True,False,True,False,moat: Recent gross margin fell 4.7pp below the typical margin (limit 4pp)
000938.SHE,PPFFP,PFFFP,False,False,False,False,moat: Recent gross margin fell 4.3pp below the typical margin (limit 4pp)
001800.KO,PFPPP,PPPPP,False,True,False,True,moat: Recent and typical gross margin meets the existing 4pp limit; capital-return gates pass.
002001.SHE,PFPFP,PPPFP,False,False,False,False,moat: Recent and typical gross margin meets the existing 4pp limit; capital-return gates pass.
002007.SHE,PPFFP,PFFFP,False,False,False,False,moat: Recent gross margin fell 8.1pp below the typical margin (limit 4pp)
002475.SHE,PFPPP,PPPPP,False,True,False,False,moat: Recent and typical gross margin meets the existing 4pp limit; capital-return gates pass.
002555.SHE,PFPPP,PPPPP,False,True,False,False,moat: Recent and typical gross margin meets the existing 4pp limit; capital-return gates pass.
002821.SHE,PPFFP,PFFFP,False,False,False,False,moat: Recent gross margin fell 4.4pp below the typical margin (limit 4pp)
005930.KO,FFPPP,FPPPP,False,False,False,False,moat: Recent and typical gross margin meets the existing 4pp limit; capital-return gates pass.
0288.HK,FFPFP,PFPFP,False,False,False,False,understandable: FY2023 operating-margin dip fully recovered the next year and stayed recovered; holding that year at the preceding margin meets the existing variation limit. Raw variation still determines the price discount.; 2 revenue declines in the last 10 years (informational)
2057.HK,PPFPP,PFFPP,False,False,False,False,moat: Recent gross margin fell 5.2pp below the typical margin (limit 4pp)
2313.HK,PFPFP,PPPFP,False,False,False,False,moat: Recent and typical gross margin meets the existing 4pp limit; capital-return gates pass.
2327.TW,PFPFP,PPPFP,False,False,False,False,moat: Recent and typical gross margin meets the existing 4pp limit; capital-return gates pass.
2382.HK,PFFPP,PPFPP,False,False,False,False,moat: Recent and typical gross margin meets the existing 4pp limit; capital-return gates pass.
268280.KO,PFPPP,PPPPP,False,True,False,False,moat: Recent and typical gross margin meets the existing 4pp limit; capital-return gates pass.
300316.SHE,PPPPP,PFPPP,True,False,False,False,moat: Recent gross margin fell 9.0pp below the typical margin (limit 4pp)
300450.SHE,FPFFP,PPFFP,False,False,False,False,understandable: FY2024 operating-margin dip fully recovered the next year and stayed recovered; holding that year at the preceding margin meets the existing variation limit. Raw variation still determines the price discount.; 1 revenue decline in the last 10 years (informational)
300750.SHE,PFPFP,PPPFP,False,False,False,False,moat: Recent and typical gross margin meets the existing 4pp limit; capital-return gates pass.
300979.SHE,PPFPP,PFFPP,False,False,False,False,moat: Recent gross margin fell 8.0pp below the typical margin (limit 4pp)
4452.JP,PFPFP,PPPFP,False,False,False,False,moat: Optional margin check unavailable with incomplete/gapped 7–10-year history; capital-return gates pass.
600362.SHG,FFPPF,PFPPF,False,False,False,False,understandable: FY2020 operating-margin dip fully recovered the next year and stayed recovered; holding that year at the preceding margin meets the existing variation limit. Raw variation still determines the price discount.; 1 revenue decline in the last 10 years (informational)
600436.SHG,PPPPP,PFPPP,True,False,False,False,moat: Recent gross margin fell 8.1pp below the typical margin (limit 4pp)
601225.SHG,PPPPP,PFPPP,True,False,False,False,moat: Recent gross margin fell 17.5pp below the typical margin (limit 4pp)
601799.SHG,PFFPP,PPFPP,False,False,False,False,moat: Recent and typical gross margin meets the existing 4pp limit; capital-return gates pass.
601888.SHG,PFFPP,PPFPP,False,False,False,False,moat: Recent and typical gross margin meets the existing 4pp limit; capital-return gates pass.
603288.SHG,PFPFP,PPPFP,False,False,False,False,moat: Years with nonpositive invested capital use equity plus debt and leases; positive earnings with no positive capital are shown above 100%.
603986.SHG,FFPPP,FPPPP,False,False,False,False,moat: Recent and typical gross margin meets the existing 4pp limit; capital-return gates pass.
6273.JP,PPFPP,PFFPP,False,False,False,False,moat: Recent gross margin fell 4.4pp below the typical margin (limit 4pp)
7309.JP,PPFFP,PFFFP,False,False,False,False,moat: Recent gross margin fell 4.1pp below the typical margin (limit 4pp)
7974.JP,FPFPP,FFFPP,False,False,False,False,moat: Recent gross margin fell 12.8pp below the typical margin (limit 4pp)
A2A.MI,FFFPP,PFFPP,False,False,False,False,understandable: FY2022 operating-margin dip fully recovered the next year and stayed recovered; holding that year at the preceding margin meets the existing variation limit. Raw variation still determines the price discount.; 3 revenue declines in the last 10 years (informational)
A2M.AU,FFPPP,FPPPP,False,False,False,False,moat: Recent and typical gross margin meets the existing 4pp limit; capital-return gates pass.
ABBV.US,PFPPP,PPPPP,False,True,False,False,moat: Recent and typical gross margin meets the existing 4pp limit; capital-return gates pass.
ADI.US,PPPFP,PFPFP,False,False,False,False,moat: Recent gross margin fell 4.0pp below the typical margin (limit 4pp)
ARB.AU,PPFPP,PFFPP,False,False,False,False,moat: Recent gross margin fell 26.9pp below the typical margin (limit 4pp)
ATE.PA,PPPPP,PFPPP,True,False,False,False,moat: Recent gross margin fell 9.7pp below the typical margin (limit 4pp)
BABA.US,FFFFP,FPFFP,False,False,False,False,moat: Recent and typical gross margin meets the existing 4pp limit; capital-return gates pass.
BAH.US,PPPPP,PFPPP,True,False,False,False,moat: Recent gross margin fell 32.7pp below the typical margin (limit 4pp)
BCG.LSE,PFPPP,PPPPP,False,True,False,False,moat: Recent and typical gross margin meets the existing 4pp limit; capital-return gates pass.
BEIJ-B.ST,PPPFP,PFPFP,False,False,False,False,moat: Recent gross margin fell 21.3pp below the typical margin (limit 4pp)
BF-A.US,PFFFP,PPFFP,False,False,False,False,moat: Recent and typical gross margin meets the existing 4pp limit; capital-return gates pass.
BKG.LSE,PFFFP,PPFFP,False,False,False,False,moat: Recent and typical gross margin meets the existing 4pp limit; capital-return gates pass.
BLK.US,PPPPP,PFPPP,True,False,False,False,moat: Recent gross margin fell 4.0pp below the typical margin (limit 4pp)
BNZL.LSE,PPPFP,PFPFP,False,False,False,False,moat: Recent gross margin fell 4.7pp below the typical margin (limit 4pp)
BRG.AU,PFPFP,PPPFP,False,False,False,False,moat: Recent and typical gross margin meets the existing 4pp limit; capital-return gates pass.
BSY.US,PFPPP,PPPPP,False,True,False,False,moat: Years with nonpositive invested capital use equity plus debt and leases; positive earnings with no positive capital are shown above 100%.
CARR.US,PPFFP,PFFFP,False,False,False,False,moat: Recent gross margin fell 4.6pp below the typical margin (limit 4pp)
CBRE.US,PPPFP,PFPFP,False,False,False,False,moat: Recent gross margin fell 6.7pp below the typical margin (limit 4pp)
CDA.AU,PFFPP,PPFPP,False,False,False,False,moat: Recent and typical gross margin meets the existing 4pp limit; capital-return gates pass.
CGNX.US,PPFPP,PFFPP,False,False,False,False,moat: Recent gross margin fell 4.1pp below the typical margin (limit 4pp)
CHH.US,PPFFP,PFFFP,False,False,False,False,moat: Recent gross margin fell 4.8pp below the typical margin (limit 4pp)
CI.US,FPFPP,FFFPP,False,False,False,False,moat: Recent gross margin fell 4.7pp below the typical margin (limit 4pp)
CIGI.US,FPPPP,FFPPP,False,False,False,False,moat: Years with nonpositive invested capital use equity plus debt and leases; positive earnings with no positive capital are shown above 100%.; Recent gross margin fell 6.8pp below the typical margin (limit 4pp)
CLX.US,PFPFP,PPPFP,False,False,False,False,moat: Recent and typical gross margin meets the existing 4pp limit; capital-return gates pass.
CNA.LSE,FFPFP,FPPFP,False,False,False,False,moat: Years with nonpositive invested capital use equity plus debt and leases; positive earnings with no positive capital are shown above 100%.
CNS.US,PPFFF,PFFFF,False,False,False,False,moat: Recent gross margin fell 4.2pp below the typical margin (limit 4pp)
CPAY.US,PPFFP,PFFFP,False,False,False,False,moat: Years with nonpositive invested capital use equity plus debt and leases; positive earnings with no positive capital are shown above 100%.; Recent gross margin fell 9.2pp below the typical margin (limit 4pp)
CPB.US,PPFFP,PFFFP,False,False,False,False,moat: Recent gross margin fell 4.0pp below the typical margin (limit 4pp)
CPU.AU,FFPPP,PPPPP,False,True,False,False,moat: Recent and typical gross margin meets the existing 4pp limit; capital-return gates pass.; understandable: FY2022 operating-margin dip fully recovered the next year and stayed recovered; holding that year at the preceding margin meets the existing variation limit. Raw variation still determines the price discount.; 2 revenue declines in the last 10 years (informational)
CR.US,FPPPP,PPPPP,False,True,False,False,understandable: FY2022 operating-margin dip fully recovered the next year and stayed recovered; holding that year at the preceding margin meets the existing variation limit. Raw variation still determines the price discount.; 4 revenue declines in the last 10 years (informational)
CRL.US,PPPPP,PFPPP,True,False,False,False,moat: Recent gross margin fell 6.2pp below the typical margin (limit 4pp)
CSL.AU,PPFFP,PFFFP,False,False,False,False,moat: Recent gross margin fell 4.7pp below the typical margin (limit 4pp)
DEMANT.CO,PPPPP,PFPPP,True,False,False,False,moat: Recent gross margin fell 5.2pp below the typical margin (limit 4pp)
DIA.MI,PFPFP,PPPFP,False,False,False,False,moat: Recent and typical gross margin meets the existing 4pp limit; capital-return gates pass.
DOL.TO,PPFPP,PFFPP,False,False,False,False,moat: Recent gross margin fell 8.3pp below the typical margin (limit 4pp)
DSV.CO,PFPPP,PPPPP,False,True,False,False,moat: Recent and typical gross margin meets the existing 4pp limit; capital-return gates pass.
DSY.PA,PFPPP,PPPPP,False,True,False,False,moat: Recent and typical gross margin meets the existing 4pp limit; capital-return gates pass.
EBAY.US,PFPFF,PPPFF,False,False,False,False,moat: Recent and typical gross margin meets the existing 4pp limit; capital-return gates pass.
EBO.AU,PPFFP,PFFFP,False,False,False,False,moat: Recent gross margin fell 4.4pp below the typical margin (limit 4pp)
EDEN.PA,PFPFP,PPPFP,False,False,False,False,moat: Years with nonpositive invested capital use equity plus debt and leases; positive earnings with no positive capital are shown above 100%.
EFX.US,FPPPP,FFPPP,False,False,False,False,moat: Recent gross margin fell 12.7pp below the typical margin (limit 4pp)
ELG.XETRA,FFPFP,PFPFP,False,False,False,False,understandable: FY2020 operating-margin dip fully recovered the next year and stayed recovered; holding that year at the preceding margin meets the existing variation limit. Raw variation still determines the price discount.; 2 revenue declines in the last 10 years (informational)
ELI.BR,FFFFP,PFFFP,False,False,False,False,understandable: FY2022 operating-margin dip fully recovered the next year and stayed recovered; holding that year at the preceding margin meets the existing variation limit. Raw variation still determines the price discount.; 2 revenue declines in the last 10 years (informational)
EMBC.US,PPFFP,PFFFP,False,False,False,False,moat: Recent gross margin fell 7.9pp below the typical margin (limit 4pp)
EME.US,FPPPP,PPPPP,False,True,False,False,understandable: FY2020 operating-margin dip fully recovered the next year and stayed recovered; holding that year at the preceding margin meets the existing variation limit. Raw variation still determines the price discount.; 1 revenue decline in the last 10 years (informational)
EMSN.SW,PPFPP,PFFPP,False,False,False,False,moat: Recent gross margin fell 7.4pp below the typical margin (limit 4pp)
EN.PA,PPFFP,PFFFP,False,False,False,False,moat: Recent gross margin fell 48.2pp below the typical margin (limit 4pp)
EQT.ST,FFPPP,PFPPP,False,False,False,False,understandable: FY2023 operating-margin dip fully recovered the next year and stayed recovered; holding that year at the preceding margin meets the existing variation limit. Raw variation still determines the price discount.; 2 revenue declines in the last 10 years (informational)
EXPN.LSE,PFPPP,PPPPP,False,True,False,False,moat: Recent and typical gross margin meets the existing 4pp limit; capital-return gates pass.
FDJU.PA,PPPPP,PFPPP,True,False,True,False,moat: Recent gross margin fell 7.1pp below the typical margin (limit 4pp)
FFIV.US,PFFPP,PPFPP,False,False,False,False,moat: Years with nonpositive invested capital use equity plus debt and leases; positive earnings with no positive capital are shown above 100%.
FMS.US,PFFFP,PPFFP,False,False,False,False,moat: Recent and typical gross margin meets the existing 4pp limit; capital-return gates pass.
FPH.AU,FFFPP,FPFPP,False,False,False,False,moat: Recent and typical gross margin meets the existing 4pp limit; capital-return gates pass.
FSG.LSE,PPFPP,PFFPP,False,False,False,False,moat: Recent gross margin fell 5.7pp below the typical margin (limit 4pp)
FSV.TO,FPPPP,FFPPP,False,False,False,False,moat: Recent gross margin fell 5.0pp below the typical margin (limit 4pp)
GD.US,PFPPP,PPPPP,False,True,False,False,moat: Recent and typical gross margin meets the existing 4pp limit; capital-return gates pass.
GEBN.SW,PPPPP,PFPPP,True,False,False,False,moat: Recent gross margin fell 29.3pp below the typical margin (limit 4pp)
GMAB.CO,PPPPP,PFPPP,True,False,False,False,moat: Recent gross margin fell 6.4pp below the typical margin (limit 4pp)
GNS.LSE,FFPFP,PFPFP,False,False,False,False,understandable: FY2024 operating-margin dip fully recovered the next year and stayed recovered; holding that year at the preceding margin meets the existing variation limit. Raw variation still determines the price discount.; 2 revenue declines in the last 10 years (informational)
HIK.LSE,PPPFP,PFPFP,False,False,False,False,moat: Recent gross margin fell 5.8pp below the typical margin (limit 4pp)
HSY.US,PPPPP,PFPPP,True,False,False,False,moat: Recent gross margin fell 12.0pp below the typical margin (limit 4pp)
HYPE3.SA,PPFFP,PFFFP,False,False,False,False,moat: Recent gross margin fell 7.2pp below the typical margin (limit 4pp)
IEX.US,PFPPP,PPPPP,False,True,False,False,moat: Recent and typical gross margin meets the existing 4pp limit; capital-return gates pass.
IMCD.AS,PPPPP,PFPPP,True,False,False,False,moat: Recent gross margin fell 13.1pp below the typical margin (limit 4pp)
INMD.US,PPPPP,PFPPP,True,False,True,False,moat: Years with nonpositive invested capital use equity plus debt and leases; positive earnings with no positive capital are shown above 100%.; Recent gross margin fell 5.2pp below the typical margin (limit 4pp)
INTU.US,PFFPP,PPFPP,False,False,False,False,moat: Years with nonpositive invested capital use equity plus debt and leases; positive earnings with no positive capital are shown above 100%.
IPN.PA,PPPPP,PFPPP,True,False,False,False,moat: Recent gross margin fell 11.2pp below the typical margin (limit 4pp)
IPS.PA,PPPPP,PFPPP,True,False,True,False,moat: Recent gross margin fell 45.0pp below the typical margin (limit 4pp)
IQV.US,PPPPP,PFPPP,True,False,False,False,moat: Recent gross margin fell 8.2pp below the typical margin (limit 4pp)
ISS.CO,FPPFP,FFPFP,False,False,False,False,moat: Recent gross margin fell 86.1pp below the typical margin (limit 4pp)
KBX.XETRA,PPFPP,PFFPP,False,False,False,False,moat: Recent gross margin fell 29.9pp below the typical margin (limit 4pp)
KCR.HE,FPFPP,FFFPP,False,False,False,False,moat: Recent gross margin fell 31.1pp below the typical margin (limit 4pp)
KFY.US,PPPPP,PFPPP,True,False,False,False,moat: Recent gross margin fell 79.8pp below the typical margin (limit 4pp)
KGF.LSE,FFFFP,PFFFP,False,False,False,False,understandable: FY2025 operating-margin dip fully recovered the next year and stayed recovered; holding that year at the preceding margin meets the existing variation limit. Raw variation still determines the price discount.; 4 revenue declines in the last 10 years (informational)
KNIN.SW,PPPPP,PFPPP,True,False,False,False,moat: Years with nonpositive invested capital use equity plus debt and leases; positive earnings with no positive capital are shown above 100%.; Recent gross margin fell 4.8pp below the typical margin (limit 4pp)
KSPI.US,PPFPP,PFFPP,False,False,False,False,moat: Years with nonpositive invested capital use equity plus debt and leases; positive earnings with no positive capital are shown above 100%.; Recent gross margin fell 4.8pp below the typical margin (limit 4pp)
LAMR.US,PPPFP,PFPFP,False,False,False,False,moat: Recent gross margin fell 27.7pp below the typical margin (limit 4pp)
LDO.MI,PFFPP,PPFPP,False,False,False,False,moat: Recent and typical gross margin meets the existing 4pp limit; capital-return gates pass.
LEA.US,FFFFP,PFFFP,False,False,False,False,understandable: FY2022 operating-margin dip fully recovered the next year and stayed recovered; holding that year at the preceding margin meets the existing variation limit. Raw variation still determines the price discount.; 4 revenue declines in the last 10 years (informational)
LH.US,FFPFP,FPPFP,False,False,False,False,moat: Recent and typical gross margin meets the existing 4pp limit; capital-return gates pass.
LOTB.BR,PPPPP,PFPPP,True,False,False,False,moat: Recent gross margin fell 10.8pp below the typical margin (limit 4pp)
LOV.AU,PPPPP,PFPPP,True,False,False,False,moat: Recent gross margin fell 40.7pp below the typical margin (limit 4pp)
LPX.US,FPFPP,FFFPP,False,False,False,False,moat: Recent gross margin fell 5.5pp below the typical margin (limit 4pp)
LSTR.US,PPFPP,PFFPP,False,False,False,False,moat: Recent gross margin fell 7.8pp below the typical margin (limit 4pp)
MELE.BR,PPFFP,PFFFP,False,False,False,False,moat: Recent gross margin fell 5.3pp below the typical margin (limit 4pp)
MGAM.LSE,PFFFP,PPFFP,False,False,False,False,moat: Recent and typical gross margin meets the existing 4pp limit; capital-return gates pass.
MMT.PA,PPFFP,PFFFP,False,False,False,False,moat: Recent gross margin fell 12.7pp below the typical margin (limit 4pp)
MNST.US,PFPFP,PPPFP,False,False,False,False,moat: Recent and typical gross margin meets the existing 4pp limit; capital-return gates pass.
MONY.LSE,PPPFP,PFPFP,False,False,False,False,moat: Recent gross margin fell 5.6pp below the typical margin (limit 4pp)
MRK.US,FPPPP,PPPPP,False,True,False,False,understandable: FY2023 operating-margin dip fully recovered the next year and stayed recovered; holding that year at the preceding margin meets the existing variation limit. Raw variation still determines the price discount.; 1 revenue decline in the last 10 years (informational)
MTS.AU,PPFFP,PFFFP,False,False,False,False,moat: Recent gross margin fell 5.1pp below the typical margin (limit 4pp)
MYCR.ST,PFPPP,PPPPP,False,True,False,False,moat: Recent and typical gross margin meets the existing 4pp limit; capital-return gates pass.
NCK.AU,PPFPP,PFFPP,False,False,False,False,moat: Recent gross margin fell 25.3pp below the typical margin (limit 4pp)
NEM.XETRA,PFPPP,PPPPP,False,True,False,False,moat: Recent and typical gross margin meets the existing 4pp limit; capital-return gates pass.
NVDA.US,FFPPP,PPPPP,False,True,False,False,moat: Recent and typical gross margin meets the existing 4pp limit; capital-return gates pass.; understandable: FY2023 operating-margin dip fully recovered the next year and stayed recovered; holding that year at the preceding margin meets the existing variation limit. Raw variation still determines the price discount.; 1 revenue decline in the last 10 years (informational)
NWH.AU,FFPPP,PFPPP,False,False,False,False,understandable: FY2025 operating-margin dip fully recovered the next year and stayed recovered; holding that year at the preceding margin meets the existing variation limit. Raw variation still determines the price discount.; 0 revenue declines in the last 10 years (informational)
ORNBV.HE,PFFPP,PPFPP,False,False,False,False,moat: Recent and typical gross margin meets the existing 4pp limit; capital-return gates pass.
PAYC.US,PPFPF,PFFPF,False,False,False,False,moat: Recent gross margin fell 5.2pp below the typical margin (limit 4pp)
PFE.US,PFPFP,PPPFP,False,False,False,False,moat: Recent and typical gross margin meets the existing 4pp limit; capital-return gates pass.
PMV.AU,FPFPP,FFFPP,False,False,False,False,moat: Recent gross margin fell 34.2pp below the typical margin (limit 4pp)
PRDO.US,PPPPP,PFPPP,True,False,False,False,moat: Years with nonpositive invested capital use equity plus debt and leases; positive earnings with no positive capital are shown above 100%.; Recent gross margin fell 4.9pp below the typical margin (limit 4pp)
PRIO3.SA,FPFFP,FFFFP,False,False,False,False,moat: Recent gross margin fell 21.2pp below the typical margin (limit 4pp)
PUIG.MC,FPPPP,FFPPP,False,False,False,False,moat: Recent gross margin fell 34.7pp below the typical margin (limit 4pp)
QCOM.US,FFFPP,FPFPP,False,False,False,False,moat: Years with nonpositive invested capital use equity plus debt and leases; positive earnings with no positive capital are shown above 100%.
RADL3.SA,PPFPP,PFFPP,False,False,False,False,moat: Recent gross margin fell 5.2pp below the typical margin (limit 4pp)
RCI-B.TO,PPPFP,PFPFP,False,False,False,False,moat: Recent gross margin fell 17.6pp below the typical margin (limit 4pp)
REYN.US,PFFPP,PPFPP,False,False,False,False,moat: Recent and typical gross margin meets the existing 4pp limit; capital-return gates pass.
RHM.XETRA,FFFFP,PPFFP,False,False,False,False,moat: Recent and typical gross margin meets the existing 4pp limit; capital-return gates pass.; understandable: FY2020 operating-margin dip fully recovered the next year and stayed recovered; holding that year at the preceding margin meets the existing variation limit. Raw variation still determines the price discount.; 2 revenue declines in the last 10 years (informational)
RMR.US,FFFFP,FPFFP,False,False,False,False,moat: Years with nonpositive invested capital use equity plus debt and leases; positive earnings with no positive capital are shown above 100%.
ROK.US,PFPFP,PPPFP,False,False,False,False,moat: Recent and typical gross margin meets the existing 4pp limit; capital-return gates pass.
RSG.US,PFPPP,PPPPP,False,True,False,False,moat: Recent and typical gross margin meets the existing 4pp limit; capital-return gates pass.
RUI.PA,PPFFP,PFFFP,False,False,False,False,moat: Recent gross margin fell 9.6pp below the typical margin (limit 4pp)
RUSHA.US,FFFPP,PFFPP,False,False,False,False,understandable: FY2020 operating-margin dip fully recovered the next year and stayed recovered; holding that year at the preceding margin meets the existing variation limit. Raw variation still determines the price discount.; 4 revenue declines in the last 10 years (informational)
RYAN.US,FPPFP,FFPFP,False,False,False,False,moat: Recent gross margin fell 9.4pp below the typical margin (limit 4pp)
SCMN.SW,PPPPP,PFPPP,True,False,False,False,moat: Recent gross margin fell 24.9pp below the typical margin (limit 4pp)
SGU.US,FFPFP,FPPFP,False,False,False,False,moat: Years with nonpositive invested capital use equity plus debt and leases; positive earnings with no positive capital are shown above 100%.
SHL.AU,FPPFP,FFPFP,False,False,False,False,moat: Recent gross margin fell 5.6pp below the typical margin (limit 4pp)
SIKA.SW,PFPPP,PPPPP,False,True,False,False,moat: Recent and typical gross margin meets the existing 4pp limit; capital-return gates pass.
SIMO.US,FFFPP,FPFPP,False,False,False,False,moat: Recent and typical gross margin meets the existing 4pp limit; capital-return gates pass.
SMTC.US,FPFFF,FFFFF,False,False,False,False,moat: Recent gross margin fell 5.4pp below the typical margin (limit 4pp)
SPSN.SW,FFFPP,PFFPP,False,False,False,False,understandable: FY2023 operating-margin dip fully recovered the next year and stayed recovered; holding that year at the preceding margin meets the existing variation limit. Raw variation still determines the price discount.; 4 revenue declines in the last 10 years (informational)
SPX.LSE,PPPPP,PFPPP,True,False,False,False,moat: Recent gross margin fell 4.5pp below the typical margin (limit 4pp)
STMN.SW,PPPPP,PFPPP,True,False,False,False,moat: Recent gross margin fell 6.1pp below the typical margin (limit 4pp)
STNE.US,FFFFP,FPFFP,False,False,False,False,moat: Recent and typical gross margin meets the existing 4pp limit; capital-return gates pass.
STX.US,FFPPP,FPPPP,False,False,False,False,moat: Recent and typical gross margin meets the existing 4pp limit; capital-return gates pass.
SUN.SW,FPPPP,PPPPP,False,True,False,False,understandable: FY2022 operating-margin dip fully recovered the next year and stayed recovered; holding that year at the preceding margin meets the existing variation limit. Raw variation still determines the price discount.; 2 revenue declines in the last 10 years (informational)
SVS.LSE,FPFPP,FFFPP,False,False,False,False,moat: Years with nonpositive invested capital use equity plus debt and leases; positive earnings with no positive capital are shown above 100%.; Recent gross margin fell 4.1pp below the typical margin (limit 4pp)
SWK.US,PFFFP,PPFFP,False,False,False,False,moat: Recent and typical gross margin meets the existing 4pp limit; capital-return gates pass.
SWKS.US,PPFFF,PFFFF,False,False,False,False,moat: Recent gross margin fell 6.6pp below the typical margin (limit 4pp)
TEP.PA,PPPFP,PFPFP,False,False,False,False,moat: Recent gross margin fell 19.1pp below the typical margin (limit 4pp)
TGS.US,PFPPP,PPPPP,False,True,False,False,moat: Recent and typical gross margin meets the existing 4pp limit; capital-return gates pass.
TGT.US,PFFPP,PPFPP,False,False,False,False,moat: Recent and typical gross margin meets the existing 4pp limit; capital-return gates pass.
TIETO.HE,PPPPP,PFPPP,True,False,False,False,moat: Recent gross margin fell 9.2pp below the typical margin (limit 4pp)
TMO.US,PFPPP,PPPPP,False,True,False,False,moat: Recent and typical gross margin meets the existing 4pp limit; capital-return gates pass.
TMUS.US,FFPPP,PFPPP,False,False,False,False,understandable: FY2022 operating-margin dip fully recovered the next year and stayed recovered; holding that year at the preceding margin meets the existing variation limit. Raw variation still determines the price discount.; 2 revenue declines in the last 10 years (informational)
TRI.PA,PPPFP,PFPFP,False,False,False,False,moat: Recent gross margin fell 23.4pp below the typical margin (limit 4pp)
TRI.TO,PFFPP,PPFPP,False,False,False,False,moat: Recent and typical gross margin meets the existing 4pp limit; capital-return gates pass.
TXN.US,PPFPP,PFFPP,False,False,False,False,moat: Recent gross margin fell 6.9pp below the typical margin (limit 4pp)
UMG.AS,PPPPP,PFPPP,True,False,False,False,moat: Recent gross margin fell 6.2pp below the typical margin (limit 4pp)
UNH.US,PPPPP,PFPPP,True,False,False,False,moat: Recent gross margin fell 5.0pp below the typical margin (limit 4pp)
UNIT.US,FPPFP,FFPFP,False,False,False,False,moat: Recent gross margin fell 49.2pp below the typical margin (limit 4pp)
UPS.US,PFFFP,PPFFP,False,False,False,False,moat: Recent and typical gross margin meets the existing 4pp limit; capital-return gates pass.
UTHR.US,FPPPP,FFPPP,False,False,False,False,moat: Recent gross margin fell 4.2pp below the typical margin (limit 4pp)
VIS.MC,PPPPP,PFPPP,True,False,False,False,moat: Recent gross margin fell 31.7pp below the typical margin (limit 4pp)
VIVA3.SA,PPFPP,PFFPP,False,False,False,False,moat: Recent gross margin fell 4.1pp below the typical margin (limit 4pp)
VWS.CO,FFFPP,FPFPP,False,False,False,False,moat: Years with nonpositive invested capital use equity plus debt and leases; positive earnings with no positive capital are shown above 100%.
WRT1V.HE,FPPPP,FFPPP,False,False,False,False,moat: Years with nonpositive invested capital use equity plus debt and leases; positive earnings with no positive capital are shown above 100%.; Recent gross margin fell 23.6pp below the typical margin (limit 4pp)
WTC.AU,PPPPP,PFPPP,True,False,False,False,moat: Years with nonpositive invested capital use equity plus debt and leases; positive earnings with no positive capital are shown above 100%.; Recent gross margin fell 9.8pp below the typical margin (limit 4pp)
WU.US,FPFFP,FFFFP,False,False,False,False,moat: Years with nonpositive invested capital use equity plus debt and leases; positive earnings with no positive capital are shown above 100%.; Recent gross margin fell 11.7pp below the typical margin (limit 4pp)
ZD.US,FPFFP,FFFFP,False,False,False,False,moat: Recent gross margin fell 14.6pp below the typical margin (limit 4pp)
ZM.US,FFFPP,FPFPP,False,False,False,False,moat: Years with nonpositive invested capital use equity plus debt and leases; positive earnings with no positive capital are shown above 100%.
