scope,period,variant,new_pass_records,companies,observed,top_decile,losers,below_median,new_all_quality,new_buys,all_quality_top_decile,all_quality_loser,buy_top_decile,buy_loser
US,train,recovered_dip,18,6,18,4,2,12,0,0,0,0,0,0
US,train,recent_typical_margin,0,0,0,0,0,0,0,0,0,0,0,0
US,train,combined,18,6,18,4,2,12,0,0,0,0,0,0
US,later,recovered_dip,29,8,29,2,3,13,5,0,0,0,0,0
US,later,recent_typical_margin,9,5,9,3,0,0,2,0,0,0,0,0
US,later,combined,38,12,38,5,3,13,7,0,0,0,0,0
Western_nonUS,train,recovered_dip,32,7,32,5,4,20,8,0,0,0,0,0
Western_nonUS,train,recent_typical_margin,0,0,0,0,0,0,0,0,0,0,0,0
Western_nonUS,train,combined,32,7,32,5,4,20,4,0,0,0,0,0
Western_nonUS,later,recovered_dip,91,18,91,10,21,45,8,1,0,1,0,0
Western_nonUS,later,recent_typical_margin,1,1,1,0,0,0,1,0,0,0,0,0
Western_nonUS,later,combined,92,19,92,10,21,45,9,1,0,1,0,0
all_nonUS,train,recovered_dip,56,13,52,9,12,27,11,0,3,0,0,0
all_nonUS,train,recent_typical_margin,0,0,0,0,0,0,0,0,0,0,0,0
all_nonUS,train,combined,56,13,52,9,12,27,7,0,3,0,0,0
all_nonUS,later,recovered_dip,194,37,179,25,34,80,15,1,0,4,0,0
all_nonUS,later,recent_typical_margin,4,4,1,0,0,0,2,0,0,0,0,0
all_nonUS,later,combined,198,41,180,25,34,80,17,1,0,4,0,0
all_markets,train,recovered_dip,74,19,70,16,14,38,11,0,3,0,0,0
all_markets,train,recent_typical_margin,0,0,0,0,0,0,0,0,0,0,0,0
all_markets,train,combined,74,19,70,16,14,38,7,0,3,0,0,0
all_markets,later,recovered_dip,223,45,208,29,37,90,20,1,0,4,0,0
all_markets,later,recent_typical_margin,13,9,10,3,0,0,4,0,0,0,0,0
all_markets,later,combined,236,53,218,32,37,90,24,1,0,4,0,0
