scope,period,variant,test,state,n,hit,top_decile,losers
US,train,baseline,understandable,F,3130,0.5082742252030157,482,713
US,train,baseline,moat,F,4604,0.49513558854610096,545,1059
US,train,baseline,economics,P,4846,0.5072646566248455,457,1045
US,train,baseline,management,P,3965,0.4826345496623442,380,1054
US,train,baseline,accounting,P,8120,0.4999006218909897,829,1738
US,train,baseline,all_quality,F,6838,0.49629669049943376,713,1485
US,train,recovered_dip,understandable,F,3112,0.5093687603484287,478,711
US,train,recovered_dip,moat,F,4604,0.49513558854610096,545,1059
US,train,recovered_dip,economics,P,4846,0.5072646566248455,457,1045
US,train,recovered_dip,management,P,3965,0.4826345496623442,380,1054
US,train,recovered_dip,accounting,P,8120,0.4999006218909897,829,1738
US,train,recovered_dip,all_quality,F,6838,0.49629669049943376,713,1485
US,train,recent_typical_margin,understandable,F,3130,0.5082742252030157,482,713
US,train,recent_typical_margin,moat,F,5115,0.494739011315562,579,1159
US,train,recent_typical_margin,economics,P,4846,0.5072646566248455,457,1045
US,train,recent_typical_margin,management,P,3965,0.4826345496623442,380,1054
US,train,recent_typical_margin,accounting,P,8120,0.4999006218909897,829,1738
US,train,recent_typical_margin,all_quality,F,7019,0.49660247680957437,726,1513
US,train,combined,understandable,F,3112,0.5093687603484287,478,711
US,train,combined,moat,F,5115,0.494739011315562,579,1159
US,train,combined,economics,P,4846,0.5072646566248455,457,1045
US,train,combined,management,P,3965,0.4826345496623442,380,1054
US,train,combined,accounting,P,8120,0.4999006218909897,829,1738
US,train,combined,all_quality,F,7019,0.49660247680957437,726,1513
US,train,baseline,understandable,P,5177,0.49593706884044314,363,1060
US,train,baseline,moat,P,3703,0.503398459761552,300,714
US,train,baseline,all_quality,P,1469,0.5035258119090521,132,288
US,train,recovered_dip,understandable,P,5195,0.4955262490623046,367,1062
US,train,recovered_dip,moat,P,3703,0.503398459761552,300,714
US,train,recovered_dip,all_quality,P,1469,0.5035258119090521,132,288
US,train,recent_typical_margin,understandable,P,5177,0.49593706884044314,363,1060
US,train,recent_typical_margin,moat,P,3192,0.5046685447977524,266,614
US,train,recent_typical_margin,all_quality,P,1288,0.5086415046478237,119,260
US,train,combined,understandable,P,5195,0.4955262490623046,367,1062
US,train,combined,moat,P,3192,0.5046685447977524,266,614
US,train,combined,all_quality,P,1288,0.5086415046478237,119,260
US,train,baseline,management,F,4342,0.5001574930967151,465,719
US,train,recovered_dip,management,F,4342,0.5001574930967151,465,719
US,train,recent_typical_margin,management,F,4342,0.5001574930967151,465,719
US,train,combined,management,F,4342,0.5001574930967151,465,719
US,train,baseline,economics,F,3461,0.4862505571401462,388,728
US,train,recovered_dip,economics,F,3461,0.4862505571401462,388,728
US,train,recent_typical_margin,economics,F,3461,0.4862505571401462,388,728
US,train,combined,economics,F,3461,0.4862505571401462,388,728
US,train,baseline,accounting,F,187,0.4248381753633854,16,35
US,train,recovered_dip,accounting,F,187,0.4248381753633854,16,35
US,train,recent_typical_margin,accounting,F,187,0.4248381753633854,16,35
US,train,combined,accounting,F,187,0.4248381753633854,16,35
US,train,baseline,understandable,U,8,0.0,0,3
US,train,baseline,moat,U,8,0.0,0,3
US,train,baseline,economics,U,8,0.0,0,3
US,train,baseline,management,U,8,0.0,0,3
US,train,baseline,accounting,U,8,0.0,0,3
US,train,baseline,all_quality,U,8,0.0,0,3
US,train,recovered_dip,understandable,U,8,0.0,0,3
US,train,recovered_dip,moat,U,8,0.0,0,3
US,train,recovered_dip,economics,U,8,0.0,0,3
US,train,recovered_dip,management,U,8,0.0,0,3
US,train,recovered_dip,accounting,U,8,0.0,0,3
US,train,recovered_dip,all_quality,U,8,0.0,0,3
US,train,recent_typical_margin,understandable,U,8,0.0,0,3
US,train,recent_typical_margin,moat,U,8,0.0,0,3
US,train,recent_typical_margin,economics,U,8,0.0,0,3
US,train,recent_typical_margin,management,U,8,0.0,0,3
US,train,recent_typical_margin,accounting,U,8,0.0,0,3
US,train,recent_typical_margin,all_quality,U,8,0.0,0,3
US,train,combined,understandable,U,8,0.0,0,3
US,train,combined,moat,U,8,0.0,0,3
US,train,combined,economics,U,8,0.0,0,3
US,train,combined,management,U,8,0.0,0,3
US,train,combined,accounting,U,8,0.0,0,3
US,train,combined,all_quality,U,8,0.0,0,3
US,later,baseline,understandable,F,4276,0.5346854003194846,686,820
US,later,baseline,moat,P,6595,0.516245685651682,520,1109
US,later,baseline,economics,F,5791,0.5045899637686247,721,1108
US,later,baseline,management,F,4606,0.4784901883902813,556,960
US,later,baseline,accounting,P,11381,0.48641705086523845,1001,2176
US,later,baseline,all_quality,F,8866,0.49839700854813473,1020,1730
US,later,recovered_dip,understandable,F,4247,0.5346207854382528,684,817
US,later,recovered_dip,moat,P,6595,0.516245685651682,520,1109
US,later,recovered_dip,economics,F,5791,0.5045899637686247,721,1108
US,later,recovered_dip,management,F,4606,0.4784901883902813,556,960
US,later,recovered_dip,accounting,P,11381,0.48641705086523845,1001,2176
US,later,recovered_dip,all_quality,F,8861,0.49856707816985313,1020,1730
US,later,recent_typical_margin,understandable,F,4276,0.5346854003194846,686,820
US,later,recent_typical_margin,moat,P,5944,0.5196895765028141,475,968
US,later,recent_typical_margin,economics,F,5791,0.5045899637686247,721,1108
US,later,recent_typical_margin,management,F,4606,0.4784901883902813,556,960
US,later,recent_typical_margin,accounting,P,11381,0.48641705086523845,1001,2176
US,later,recent_typical_margin,all_quality,F,9085,0.4978548767554819,1036,1770
US,later,combined,understandable,F,4247,0.5346207854382528,684,817
US,later,combined,moat,P,5944,0.5196895765028141,475,968
US,later,combined,economics,F,5791,0.5045899637686247,721,1108
US,later,combined,management,F,4606,0.4784901883902813,556,960
US,later,combined,accounting,P,11381,0.48641705086523845,1001,2176
US,later,combined,all_quality,F,9080,0.4980216169076882,1036,1770
US,later,baseline,understandable,P,8177,0.4817443773781289,578,1504
US,later,baseline,economics,P,6662,0.49699124347223284,543,1216
US,later,baseline,management,P,7844,0.5122247344759714,708,1364
US,later,baseline,all_quality,P,3587,0.5049249571830416,244,594
US,later,recovered_dip,understandable,P,8206,0.4818585485670297,580,1507
US,later,recovered_dip,economics,P,6662,0.49699124347223284,543,1216
US,later,recovered_dip,management,P,7844,0.5122247344759714,708,1364
US,later,recovered_dip,all_quality,P,3592,0.5043807566744706,244,594
US,later,recent_typical_margin,understandable,P,8177,0.4817443773781289,578,1504
US,later,recent_typical_margin,economics,P,6662,0.49699124347223284,543,1216
US,later,recent_typical_margin,management,P,7844,0.5122247344759714,708,1364
US,later,recent_typical_margin,all_quality,P,3368,0.5074267579523041,228,554
US,later,combined,understandable,P,8206,0.4818585485670297,580,1507
US,later,combined,economics,P,6662,0.49699124347223284,543,1216
US,later,combined,management,P,7844,0.5122247344759714,708,1364
US,later,combined,all_quality,P,3373,0.506843413910963,228,554
US,later,recent_typical_margin,moat,F,6509,0.47977962965468784,789,1356
US,later,combined,moat,F,6509,0.47977962965468784,789,1356
US,later,baseline,moat,F,5858,0.47830749049786797,744,1215
US,later,baseline,accounting,F,1072,0.6390178739109622,263,148
US,later,recovered_dip,moat,F,5858,0.47830749049786797,744,1215
US,later,recovered_dip,accounting,F,1072,0.6390178739109622,263,148
US,later,recent_typical_margin,accounting,F,1072,0.6390178739109622,263,148
US,later,combined,accounting,F,1072,0.6390178739109622,263,148
US,later,baseline,management,U,7,0.8571428571428571,0,0
US,later,recovered_dip,management,U,7,0.8571428571428571,0,0
US,later,recent_typical_margin,management,U,7,0.8571428571428571,0,0
US,later,combined,management,U,7,0.8571428571428571,0,0
US,later,baseline,understandable,U,4,1.0,0,0
US,later,baseline,moat,U,4,1.0,0,0
US,later,baseline,economics,U,4,1.0,0,0
US,later,baseline,accounting,U,4,1.0,0,0
US,later,baseline,all_quality,U,4,1.0,0,0
US,later,recovered_dip,understandable,U,4,1.0,0,0
US,later,recovered_dip,moat,U,4,1.0,0,0
US,later,recovered_dip,economics,U,4,1.0,0,0
US,later,recovered_dip,accounting,U,4,1.0,0,0
US,later,recovered_dip,all_quality,U,4,1.0,0,0
US,later,recent_typical_margin,understandable,U,4,1.0,0,0
US,later,recent_typical_margin,moat,U,4,1.0,0,0
US,later,recent_typical_margin,economics,U,4,1.0,0,0
US,later,recent_typical_margin,accounting,U,4,1.0,0,0
US,later,recent_typical_margin,all_quality,U,4,1.0,0,0
US,later,combined,understandable,U,4,1.0,0,0
US,later,combined,moat,U,4,1.0,0,0
US,later,combined,economics,U,4,1.0,0,0
US,later,combined,accounting,U,4,1.0,0,0
US,later,combined,all_quality,U,4,1.0,0,0
Western_nonUS,train,baseline,understandable,F,4713,0.46342987049891515,574,1424
Western_nonUS,train,baseline,moat,F,5210,0.472367504586069,546,1500
Western_nonUS,train,baseline,economics,F,4114,0.42935339037035436,478,1215
Western_nonUS,train,baseline,management,P,3538,0.4962269147733323,386,980
Western_nonUS,train,baseline,accounting,P,8008,0.488374881194846,808,2133
Western_nonUS,train,baseline,all_quality,F,7388,0.47146829854168193,756,2087
Western_nonUS,train,recovered_dip,understandable,F,4681,0.4639955504665723,569,1420
Western_nonUS,train,recovered_dip,moat,F,5210,0.472367504586069,546,1500
Western_nonUS,train,recovered_dip,economics,F,4114,0.42935339037035436,478,1215
Western_nonUS,train,recovered_dip,management,P,3538,0.4962269147733323,386,980
Western_nonUS,train,recovered_dip,accounting,P,8008,0.488374881194846,808,2133
Western_nonUS,train,recovered_dip,all_quality,F,7380,0.4718619441856987,756,2087
Western_nonUS,train,recent_typical_margin,understandable,F,4713,0.46342987049891515,574,1424
Western_nonUS,train,recent_typical_margin,moat,F,5628,0.4756334128862224,607,1606
Western_nonUS,train,recent_typical_margin,economics,F,4114,0.42935339037035436,478,1215
Western_nonUS,train,recent_typical_margin,management,P,3538,0.4962269147733323,386,980
Western_nonUS,train,recent_typical_margin,accounting,P,8008,0.488374881194846,808,2133
Western_nonUS,train,recent_typical_margin,all_quality,F,7505,0.4735747125681418,781,2118
Western_nonUS,train,combined,understandable,F,4681,0.4639955504665723,569,1420
Western_nonUS,train,combined,moat,F,5628,0.4756334128862224,607,1606
Western_nonUS,train,combined,economics,F,4114,0.42935339037035436,478,1215
Western_nonUS,train,combined,management,P,3538,0.4962269147733323,386,980
Western_nonUS,train,combined,accounting,P,8008,0.488374881194846,808,2133
Western_nonUS,train,combined,all_quality,F,7501,0.4737574504519724,781,2118
Western_nonUS,train,baseline,understandable,P,3603,0.5160287248743692,273,832
Western_nonUS,train,baseline,economics,P,4202,0.5325384100758662,369,1041
Western_nonUS,train,recovered_dip,understandable,P,3635,0.5150358904035218,278,836
Western_nonUS,train,recovered_dip,economics,P,4202,0.5325384100758662,369,1041
Western_nonUS,train,recent_typical_margin,understandable,P,3603,0.5160287248743692,273,832
Western_nonUS,train,recent_typical_margin,economics,P,4202,0.5325384100758662,369,1041
Western_nonUS,train,combined,understandable,P,3635,0.5150358904035218,278,836
Western_nonUS,train,combined,economics,P,4202,0.5325384100758662,369,1041
Western_nonUS,train,baseline,moat,P,3106,0.5146040935710334,301,756
Western_nonUS,train,baseline,management,F,4778,0.4789375449328092,461,1276
Western_nonUS,train,recovered_dip,moat,P,3106,0.5146040935710334,301,756
Western_nonUS,train,recovered_dip,management,F,4778,0.4789375449328092,461,1276
Western_nonUS,train,recent_typical_margin,moat,P,2688,0.5088660883689579,240,650
Western_nonUS,train,recent_typical_margin,management,F,4778,0.4789375449328092,461,1276
Western_nonUS,train,combined,moat,P,2688,0.5088660883689579,240,650
Western_nonUS,train,combined,management,F,4778,0.4789375449328092,461,1276
Western_nonUS,train,baseline,accounting,F,308,0.38010166559061614,39,123
Western_nonUS,train,recovered_dip,accounting,F,308,0.38010166559061614,39,123
Western_nonUS,train,recent_typical_margin,accounting,F,308,0.38010166559061614,39,123
Western_nonUS,train,combined,accounting,F,308,0.38010166559061614,39,123
Western_nonUS,train,baseline,all_quality,P,928,0.5796737828058932,91,169
Western_nonUS,train,recovered_dip,all_quality,P,936,0.575642302477194,91,169
Western_nonUS,train,recent_typical_margin,all_quality,P,811,0.5780415013534426,66,138
Western_nonUS,train,combined,all_quality,P,815,0.5765568974582679,66,138
Western_nonUS,later,baseline,understandable,F,10058,0.5030561831128187,1396,3264
Western_nonUS,later,baseline,moat,F,13913,0.5017762401868902,1675,4298
Western_nonUS,later,baseline,economics,F,11660,0.48709191767180887,1379,3792
Western_nonUS,later,baseline,management,F,10894,0.49343619139550854,1317,3536
Western_nonUS,later,baseline,accounting,P,21549,0.4985663318211113,2131,6685
Western_nonUS,later,baseline,all_quality,F,18283,0.4909078914442949,1977,5782
Western_nonUS,later,recovered_dip,understandable,F,9967,0.5030255260350903,1386,3243
Western_nonUS,later,recovered_dip,moat,F,13913,0.5017762401868902,1675,4298
Western_nonUS,later,recovered_dip,economics,F,11660,0.48709191767180887,1379,3792
Western_nonUS,later,recovered_dip,management,F,10894,0.49343619139550854,1317,3536
Western_nonUS,later,recovered_dip,accounting,P,21549,0.4985663318211113,2131,6685
Western_nonUS,later,recovered_dip,all_quality,F,18275,0.49079869836840817,1977,5781
Western_nonUS,later,recent_typical_margin,understandable,F,10058,0.5030561831128187,1396,3264
Western_nonUS,later,recent_typical_margin,moat,F,15103,0.49633528654212117,1756,4748
Western_nonUS,later,recent_typical_margin,economics,F,11660,0.48709191767180887,1379,3792
Western_nonUS,later,recent_typical_margin,management,F,10894,0.49343619139550854,1317,3536
Western_nonUS,later,recent_typical_margin,accounting,P,21549,0.4985663318211113,2131,6685
Western_nonUS,later,recent_typical_margin,all_quality,F,18788,0.4918418423310858,2014,5926
Western_nonUS,later,combined,understandable,F,9967,0.5030255260350903,1386,3243
Western_nonUS,later,combined,moat,F,15103,0.49633528654212117,1756,4748
Western_nonUS,later,combined,economics,F,11660,0.48709191767180887,1379,3792
Western_nonUS,later,combined,management,F,10894,0.49343619139550854,1317,3536
Western_nonUS,later,combined,accounting,P,21549,0.4985663318211113,2131,6685
Western_nonUS,later,combined,all_quality,F,18780,0.4917342682475663,2014,5925
Western_nonUS,later,baseline,economics,P,10511,0.5142748513028218,851,3082
Western_nonUS,later,baseline,management,P,11288,0.5073815328980088,913,3340
Western_nonUS,later,recovered_dip,economics,P,10511,0.5142748513028218,851,3082
Western_nonUS,later,recovered_dip,management,P,11288,0.5073815328980088,913,3340
Western_nonUS,later,recent_typical_margin,economics,P,10511,0.5142748513028218,851,3082
Western_nonUS,later,recent_typical_margin,management,P,11288,0.5073815328980088,913,3340
Western_nonUS,later,combined,economics,P,10511,0.5142748513028218,851,3082
Western_nonUS,later,combined,management,P,11288,0.5073815328980088,913,3340
Western_nonUS,later,baseline,understandable,P,12124,0.49734095243422466,834,3612
Western_nonUS,later,recovered_dip,understandable,P,12215,0.4973508173572317,844,3633
Western_nonUS,later,recent_typical_margin,understandable,P,12124,0.49734095243422466,834,3612
Western_nonUS,later,combined,understandable,P,12215,0.4973508173572317,844,3633
Western_nonUS,later,baseline,moat,P,8269,0.4950966113572865,555,2578
Western_nonUS,later,recovered_dip,moat,P,8269,0.4950966113572865,555,2578
Western_nonUS,later,recent_typical_margin,moat,P,7079,0.5062368047725365,474,2128
Western_nonUS,later,combined,moat,P,7079,0.5062368047725365,474,2128
Western_nonUS,later,baseline,accounting,F,627,0.5454059213917485,99,191
Western_nonUS,later,recovered_dip,accounting,F,627,0.5454059213917485,99,191
Western_nonUS,later,recent_typical_margin,accounting,F,627,0.5454059213917485,99,191
Western_nonUS,later,combined,accounting,F,627,0.5454059213917485,99,191
Western_nonUS,later,baseline,all_quality,P,3893,0.5418152494243237,253,1094
Western_nonUS,later,recovered_dip,all_quality,P,3901,0.5423012719835753,253,1095
Western_nonUS,later,recent_typical_margin,all_quality,P,3388,0.5445976348568633,216,950
Western_nonUS,later,combined,all_quality,P,3396,0.5451202575941494,216,951
Western_nonUS,later,baseline,economics,U,11,0.45454545454545453,0,2
Western_nonUS,later,baseline,accounting,U,6,0.6666666666666666,0,0
Western_nonUS,later,baseline,all_quality,U,6,0.6666666666666666,0,0
Western_nonUS,later,recovered_dip,economics,U,11,0.45454545454545453,0,2
Western_nonUS,later,recovered_dip,accounting,U,6,0.6666666666666666,0,0
Western_nonUS,later,recovered_dip,all_quality,U,6,0.6666666666666666,0,0
Western_nonUS,later,recent_typical_margin,economics,U,11,0.45454545454545453,0,2
Western_nonUS,later,recent_typical_margin,accounting,U,6,0.6666666666666666,0,0
Western_nonUS,later,recent_typical_margin,all_quality,U,6,0.6666666666666666,0,0
Western_nonUS,later,combined,economics,U,11,0.45454545454545453,0,2
Western_nonUS,later,combined,accounting,U,6,0.6666666666666666,0,0
Western_nonUS,later,combined,all_quality,U,6,0.6666666666666666,0,0
all_nonUS,train,baseline,understandable,F,5927,0.4730759305116177,771,1794
all_nonUS,train,baseline,moat,F,6753,0.4741285404229171,721,2025
all_nonUS,train,baseline,economics,F,5391,0.43910134332058903,656,1662
all_nonUS,train,baseline,management,P,4726,0.4760460823621834,442,1387
all_nonUS,train,baseline,accounting,P,9991,0.4887330385548543,995,2787
all_nonUS,train,baseline,all_quality,F,9332,0.47453232538945744,977,2746
all_nonUS,train,recovered_dip,understandable,F,5875,0.4730407152715099,762,1782
all_nonUS,train,recovered_dip,moat,F,6753,0.4741285404229171,721,2025
all_nonUS,train,recovered_dip,economics,F,5391,0.43910134332058903,656,1662
all_nonUS,train,recovered_dip,management,P,4726,0.4760460823621834,442,1387
all_nonUS,train,recovered_dip,accounting,P,9991,0.4887330385548543,995,2787
all_nonUS,train,recovered_dip,all_quality,F,9321,0.4746264775859075,974,2746
all_nonUS,train,recent_typical_margin,understandable,F,5927,0.4730759305116177,771,1794
all_nonUS,train,recent_typical_margin,moat,F,7321,0.47671940340322344,795,2179
all_nonUS,train,recent_typical_margin,economics,F,5391,0.43910134332058903,656,1662
all_nonUS,train,recent_typical_margin,management,P,4726,0.4760460823621834,442,1387
all_nonUS,train,recent_typical_margin,accounting,P,9991,0.4887330385548543,995,2787
all_nonUS,train,recent_typical_margin,all_quality,F,9481,0.47606985765955856,997,2785
all_nonUS,train,combined,understandable,F,5875,0.4730407152715099,762,1782
all_nonUS,train,combined,moat,F,7321,0.47671940340322344,795,2179
all_nonUS,train,combined,economics,F,5391,0.43910134332058903,656,1662
all_nonUS,train,combined,management,P,4726,0.4760460823621834,442,1387
all_nonUS,train,combined,accounting,P,9991,0.4887330385548543,995,2787
all_nonUS,train,combined,all_quality,F,9474,0.4760799520729487,994,2785
all_nonUS,train,baseline,understandable,P,4514,0.5030858295963593,284,1169
all_nonUS,train,baseline,economics,P,5050,0.5263897688823181,399,1301
all_nonUS,train,recovered_dip,understandable,P,4566,0.5030837908293799,293,1181
all_nonUS,train,recovered_dip,economics,P,5050,0.5263897688823181,399,1301
all_nonUS,train,recent_typical_margin,understandable,P,4514,0.5030858295963593,284,1169
all_nonUS,train,recent_typical_margin,economics,P,5050,0.5263897688823181,399,1301
all_nonUS,train,combined,understandable,P,4566,0.5030837908293799,293,1181
all_nonUS,train,combined,economics,P,5050,0.5263897688823181,399,1301
all_nonUS,train,baseline,moat,P,3688,0.5135291666372368,334,938
all_nonUS,train,baseline,management,F,5715,0.49504029340586486,613,1576
all_nonUS,train,recovered_dip,moat,P,3688,0.5135291666372368,334,938
all_nonUS,train,recovered_dip,management,F,5715,0.49504029340586486,613,1576
all_nonUS,train,recent_typical_margin,moat,P,3120,0.5067133595408896,260,784
all_nonUS,train,recent_typical_margin,management,F,5715,0.49504029340586486,613,1576
all_nonUS,train,combined,moat,P,3120,0.5067133595408896,260,784
all_nonUS,train,combined,management,F,5715,0.49504029340586486,613,1576
all_nonUS,train,baseline,accounting,F,450,0.37467776803092034,60,176
all_nonUS,train,recovered_dip,accounting,F,450,0.37467776803092034,60,176
all_nonUS,train,recent_typical_margin,accounting,F,450,0.37467776803092034,60,176
all_nonUS,train,combined,accounting,F,450,0.37467776803092034,60,176
all_nonUS,train,baseline,all_quality,P,1109,0.5544461143783659,78,217
all_nonUS,train,recovered_dip,all_quality,P,1120,0.5527797713119326,81,217
all_nonUS,train,recent_typical_margin,all_quality,P,960,0.5468627341030403,58,178
all_nonUS,train,combined,all_quality,P,967,0.5465002693000828,61,178
all_nonUS,later,baseline,understandable,P,17186,0.4972359865820636,1211,5007
all_nonUS,later,baseline,moat,P,11217,0.4851226453068246,814,3565
all_nonUS,later,baseline,economics,P,14655,0.5108547521227976,1174,4175
all_nonUS,later,baseline,management,F,16228,0.4937386905353234,1837,5129
all_nonUS,later,baseline,accounting,P,29992,0.4979817574073896,2945,9107
all_nonUS,later,baseline,all_quality,F,26424,0.4956578335405327,2828,8111
all_nonUS,later,recovered_dip,understandable,P,17365,0.49780900825782465,1236,5041
all_nonUS,later,recovered_dip,moat,P,11217,0.4851226453068246,814,3565
all_nonUS,later,recovered_dip,economics,P,14655,0.5108547521227976,1174,4175
all_nonUS,later,recovered_dip,management,F,16228,0.4937386905353234,1837,5129
all_nonUS,later,recovered_dip,accounting,P,29992,0.4979817574073896,2945,9107
all_nonUS,later,recovered_dip,all_quality,F,26410,0.4956051205837554,2828,8107
all_nonUS,later,recent_typical_margin,understandable,P,17186,0.4972359865820636,1211,5007
all_nonUS,later,recent_typical_margin,moat,P,9606,0.4955570061459963,675,2971
all_nonUS,later,recent_typical_margin,economics,P,14655,0.5108547521227976,1174,4175
all_nonUS,later,recent_typical_margin,management,F,16228,0.4937386905353234,1837,5129
all_nonUS,later,recent_typical_margin,accounting,P,29992,0.4979817574073896,2945,9107
all_nonUS,later,recent_typical_margin,all_quality,F,27032,0.495846634772739,2875,8284
all_nonUS,later,combined,understandable,P,17365,0.49780900825782465,1236,5041
all_nonUS,later,combined,moat,P,9606,0.4955570061459963,675,2971
all_nonUS,later,combined,economics,P,14655,0.5108547521227976,1174,4175
all_nonUS,later,combined,management,F,16228,0.4937386905353234,1837,5129
all_nonUS,later,combined,accounting,P,29992,0.4979817574073896,2945,9107
all_nonUS,later,combined,all_quality,F,27018,0.49579470454482083,2875,8280
all_nonUS,later,baseline,economics,F,16519,0.49114148181609596,1957,5272
all_nonUS,later,baseline,management,P,14992,0.5073422803501237,1295,4335
all_nonUS,later,recovered_dip,economics,F,16519,0.49114148181609596,1957,5272
all_nonUS,later,recovered_dip,management,P,14992,0.5073422803501237,1295,4335
all_nonUS,later,recent_typical_margin,moat,F,21612,0.5012701220375875,2462,6497
all_nonUS,later,recent_typical_margin,economics,F,16519,0.49114148181609596,1957,5272
all_nonUS,later,recent_typical_margin,management,P,14992,0.5073422803501237,1295,4335
all_nonUS,later,combined,moat,F,21612,0.5012701220375875,2462,6497
all_nonUS,later,combined,economics,F,16519,0.49114148181609596,1957,5272
all_nonUS,later,combined,management,P,14992,0.5073422803501237,1295,4335
all_nonUS,later,baseline,understandable,F,14037,0.5030898536240055,1926,4461
all_nonUS,later,baseline,moat,F,20001,0.5070612137938532,2323,5903
all_nonUS,later,recovered_dip,understandable,F,13858,0.5024630530568402,1901,4427
all_nonUS,later,recovered_dip,moat,F,20001,0.5070612137938532,2323,5903
all_nonUS,later,recent_typical_margin,understandable,F,14037,0.5030898536240055,1926,4461
all_nonUS,later,combined,understandable,F,13858,0.5024630530568402,1901,4427
all_nonUS,later,baseline,accounting,F,1238,0.5375296160565032,193,363
all_nonUS,later,recovered_dip,accounting,F,1238,0.5375296160565032,193,363
all_nonUS,later,recent_typical_margin,accounting,F,1238,0.5375296160565032,193,363
all_nonUS,later,combined,accounting,F,1238,0.5375296160565032,193,363
all_nonUS,later,baseline,all_quality,P,4793,0.5229817589484552,309,1356
all_nonUS,later,recovered_dip,all_quality,P,4807,0.5232495150993838,309,1360
all_nonUS,later,recent_typical_margin,all_quality,P,4185,0.5259263070503898,262,1183
all_nonUS,later,combined,all_quality,P,4199,0.5262184597848362,262,1187
all_nonUS,later,baseline,economics,U,62,0.33888888888888885,7,23
all_nonUS,later,baseline,management,U,16,0.43333333333333335,6,6
all_nonUS,later,baseline,all_quality,U,19,0.6599999999999999,1,3
all_nonUS,later,recovered_dip,economics,U,62,0.33888888888888885,7,23
all_nonUS,later,recovered_dip,management,U,16,0.43333333333333335,6,6
all_nonUS,later,recovered_dip,all_quality,U,19,0.6599999999999999,1,3
all_nonUS,later,recent_typical_margin,economics,U,62,0.33888888888888885,7,23
all_nonUS,later,recent_typical_margin,management,U,16,0.43333333333333335,6,6
all_nonUS,later,recent_typical_margin,all_quality,U,19,0.6599999999999999,1,3
all_nonUS,later,combined,economics,U,62,0.33888888888888885,7,23
all_nonUS,later,combined,management,U,16,0.43333333333333335,6,6
all_nonUS,later,combined,all_quality,U,19,0.6599999999999999,1,3
all_nonUS,later,baseline,accounting,U,6,0.5,0,0
all_nonUS,later,recovered_dip,accounting,U,6,0.5,0,0
all_nonUS,later,recent_typical_margin,accounting,U,6,0.5,0,0
all_nonUS,later,combined,accounting,U,6,0.5,0,0
all_nonUS,later,baseline,moat,U,18,0.8333333333333334,1,2
all_nonUS,later,recovered_dip,moat,U,18,0.8333333333333334,1,2
all_nonUS,later,recent_typical_margin,moat,U,18,0.8333333333333334,1,2
all_nonUS,later,combined,moat,U,18,0.8333333333333334,1,2
all_nonUS,later,baseline,understandable,U,13,0.9166666666666666,1,2
all_nonUS,later,recovered_dip,understandable,U,13,0.9166666666666666,1,2
all_nonUS,later,recent_typical_margin,understandable,U,13,0.9166666666666666,1,2
all_nonUS,later,combined,understandable,U,13,0.9166666666666666,1,2
all_markets,train,baseline,understandable,F,9057,0.4744656545932491,1269,2507
all_markets,train,baseline,moat,F,11357,0.47618060828437625,1271,3084
all_markets,train,baseline,economics,F,8852,0.4573849379477418,1091,2390
all_markets,train,baseline,management,P,8691,0.4787083389287362,824,2441
all_markets,train,baseline,accounting,P,18111,0.4855479732540723,1813,4525
all_markets,train,baseline,all_quality,F,16170,0.47649530796799006,1697,4231
all_markets,train,recovered_dip,understandable,F,8987,0.4745870220862575,1253,2493
all_markets,train,recovered_dip,moat,F,11357,0.47618060828437625,1271,3084
all_markets,train,recovered_dip,economics,F,8852,0.4573849379477418,1091,2390
all_markets,train,recovered_dip,management,P,8691,0.4787083389287362,824,2441
all_markets,train,recovered_dip,accounting,P,18111,0.4855479732540723,1813,4525
all_markets,train,recovered_dip,all_quality,F,16159,0.4766064806568858,1694,4231
all_markets,train,recent_typical_margin,understandable,F,9057,0.4744656545932491,1269,2507
all_markets,train,recent_typical_margin,moat,F,12436,0.479359587568641,1384,3338
all_markets,train,recent_typical_margin,economics,F,8852,0.4573849379477418,1091,2390
all_markets,train,recent_typical_margin,management,P,8691,0.4787083389287362,824,2441
all_markets,train,recent_typical_margin,accounting,P,18111,0.4855479732540723,1813,4525
all_markets,train,recent_typical_margin,all_quality,F,16500,0.4782333591078335,1732,4298
all_markets,train,combined,understandable,F,8987,0.4745870220862575,1253,2493
all_markets,train,combined,moat,F,12436,0.479359587568641,1384,3338
all_markets,train,combined,economics,F,8852,0.4573849379477418,1091,2390
all_markets,train,combined,management,P,8691,0.4787083389287362,824,2441
all_markets,train,combined,accounting,P,18111,0.4855479732540723,1813,4525
all_markets,train,combined,all_quality,F,16493,0.47824580410935774,1729,4298
all_markets,train,baseline,economics,P,9896,0.5167606402248385,797,2346
all_markets,train,recovered_dip,economics,P,9896,0.5167606402248385,797,2346
all_markets,train,recent_typical_margin,economics,P,9896,0.5167606402248385,797,2346
all_markets,train,combined,economics,P,9896,0.5167606402248385,797,2346
all_markets,train,baseline,understandable,P,9691,0.5065170726257947,619,2229
all_markets,train,recovered_dip,understandable,P,9761,0.506242412501102,635,2243
all_markets,train,recent_typical_margin,understandable,P,9691,0.5065170726257947,619,2229
all_markets,train,combined,understandable,P,9761,0.506242412501102,635,2243
all_markets,train,baseline,moat,P,7391,0.5109472494745918,617,1652
all_markets,train,baseline,all_quality,P,2578,0.5363185831129029,191,505
all_markets,train,recovered_dip,moat,P,7391,0.5109472494745918,617,1652
all_markets,train,recovered_dip,all_quality,P,2589,0.5352951594418456,194,505
all_markets,train,recent_typical_margin,moat,P,6312,0.5073953207876418,504,1398
all_markets,train,recent_typical_margin,all_quality,P,2248,0.5339828911831691,156,438
all_markets,train,combined,moat,P,6312,0.5073953207876418,504,1398
all_markets,train,combined,all_quality,P,2255,0.53382401095172,159,438
all_markets,train,baseline,management,F,10057,0.48935349637455683,1064,2295
all_markets,train,recovered_dip,management,F,10057,0.48935349637455683,1064,2295
all_markets,train,recent_typical_margin,management,F,10057,0.48935349637455683,1064,2295
all_markets,train,combined,management,F,10057,0.48935349637455683,1064,2295
all_markets,train,baseline,accounting,F,637,0.3941912289186676,75,211
all_markets,train,recovered_dip,accounting,F,637,0.3941912289186676,75,211
all_markets,train,recent_typical_margin,accounting,F,637,0.3941912289186676,75,211
all_markets,train,combined,accounting,F,637,0.3941912289186676,75,211
all_markets,train,baseline,understandable,U,8,0.2,0,3
all_markets,train,baseline,moat,U,8,0.2,0,3
all_markets,train,baseline,economics,U,8,0.2,0,3
all_markets,train,baseline,management,U,8,0.2,0,3
all_markets,train,baseline,accounting,U,8,0.2,0,3
all_markets,train,baseline,all_quality,U,8,0.2,0,3
all_markets,train,recovered_dip,understandable,U,8,0.2,0,3
all_markets,train,recovered_dip,moat,U,8,0.2,0,3
all_markets,train,recovered_dip,economics,U,8,0.2,0,3
all_markets,train,recovered_dip,management,U,8,0.2,0,3
all_markets,train,recovered_dip,accounting,U,8,0.2,0,3
all_markets,train,recovered_dip,all_quality,U,8,0.2,0,3
all_markets,train,recent_typical_margin,understandable,U,8,0.2,0,3
all_markets,train,recent_typical_margin,moat,U,8,0.2,0,3
all_markets,train,recent_typical_margin,economics,U,8,0.2,0,3
all_markets,train,recent_typical_margin,management,U,8,0.2,0,3
all_markets,train,recent_typical_margin,accounting,U,8,0.2,0,3
all_markets,train,recent_typical_margin,all_quality,U,8,0.2,0,3
all_markets,train,combined,understandable,U,8,0.2,0,3
all_markets,train,combined,moat,U,8,0.2,0,3
all_markets,train,combined,economics,U,8,0.2,0,3
all_markets,train,combined,management,U,8,0.2,0,3
all_markets,train,combined,accounting,U,8,0.2,0,3
all_markets,train,combined,all_quality,U,8,0.2,0,3
all_markets,later,baseline,understandable,P,25363,0.4970287210350613,1766,6511
all_markets,later,baseline,moat,P,17812,0.5081230982983685,1317,4674
all_markets,later,baseline,economics,P,21317,0.5097973033928185,1690,5391
all_markets,later,baseline,management,F,20834,0.4805361832187413,2392,6089
all_markets,later,baseline,accounting,P,41373,0.4943890932910416,3929,11283
all_markets,later,baseline,all_quality,F,35290,0.49092512201327854,3838,9841
all_markets,later,recovered_dip,understandable,P,25571,0.4975549963459778,1795,6548
all_markets,later,recovered_dip,moat,P,17812,0.5081230982983685,1317,4674
all_markets,later,recovered_dip,economics,P,21317,0.5097973033928185,1690,5391
all_markets,later,recovered_dip,management,F,20834,0.4805361832187413,2392,6089
all_markets,later,recovered_dip,accounting,P,41373,0.4943890932910416,3929,11283
all_markets,later,recovered_dip,all_quality,F,35271,0.49090287156309464,3838,9837
all_markets,later,recent_typical_margin,understandable,P,25363,0.4970287210350613,1766,6511
all_markets,later,recent_typical_margin,moat,P,15550,0.5178782979069195,1140,3939
all_markets,later,recent_typical_margin,economics,P,21317,0.5097973033928185,1690,5391
all_markets,later,recent_typical_margin,management,F,20834,0.4805361832187413,2392,6089
all_markets,later,recent_typical_margin,accounting,P,41373,0.4943890932910416,3929,11283
all_markets,later,recent_typical_margin,all_quality,F,36117,0.49106614422952105,3898,10054
all_markets,later,combined,understandable,P,25571,0.4975549963459778,1795,6548
all_markets,later,combined,moat,P,15550,0.5178782979069195,1140,3939
all_markets,later,combined,economics,P,21317,0.5097973033928185,1690,5391
all_markets,later,combined,management,F,20834,0.4805361832187413,2392,6089
all_markets,later,combined,accounting,P,41373,0.4943890932910416,3929,11283
all_markets,later,combined,all_quality,F,36098,0.49104463270019555,3898,10050
all_markets,later,baseline,economics,F,22310,0.4912748384384422,2684,6380
all_markets,later,baseline,management,P,22836,0.5184664546306708,1983,5699
all_markets,later,recovered_dip,economics,F,22310,0.4912748384384422,2684,6380
all_markets,later,recovered_dip,management,P,22836,0.5184664546306708,1983,5699
all_markets,later,recent_typical_margin,moat,F,28121,0.4888811730680883,3240,7853
all_markets,later,recent_typical_margin,economics,F,22310,0.4912748384384422,2684,6380
all_markets,later,recent_typical_margin,management,P,22836,0.5184664546306708,1983,5699
all_markets,later,combined,moat,F,28121,0.4888811730680883,3240,7853
all_markets,later,combined,economics,F,22310,0.4912748384384422,2684,6380
all_markets,later,combined,management,P,22836,0.5184664546306708,1983,5699
all_markets,later,baseline,understandable,F,18313,0.5042344600662791,2614,5281
all_markets,later,baseline,moat,F,25859,0.4925291593962449,3063,7118
all_markets,later,recovered_dip,understandable,F,18105,0.5035777370704531,2585,5244
all_markets,later,recovered_dip,moat,F,25859,0.4925291593962449,3063,7118
all_markets,later,recent_typical_margin,understandable,F,18313,0.5042344600662791,2614,5281
all_markets,later,combined,understandable,F,18105,0.5035777370704531,2585,5244
all_markets,later,baseline,accounting,F,2310,0.5951194898029546,452,511
all_markets,later,recovered_dip,accounting,F,2310,0.5951194898029546,452,511
all_markets,later,recent_typical_margin,accounting,F,2310,0.5951194898029546,452,511
all_markets,later,combined,accounting,F,2310,0.5951194898029546,452,511
all_markets,later,baseline,all_quality,P,8380,0.5372256986671214,542,1950
all_markets,later,recovered_dip,all_quality,P,8399,0.5372123850621541,542,1954
all_markets,later,recent_typical_margin,all_quality,P,7553,0.5413932373569383,482,1737
all_markets,later,combined,all_quality,P,7572,0.5413753917125974,482,1741
all_markets,later,baseline,management,U,23,0.5714285714285714,6,6
all_markets,later,recovered_dip,management,U,23,0.5714285714285714,6,6
all_markets,later,recent_typical_margin,management,U,23,0.5714285714285714,6,6
all_markets,later,combined,management,U,23,0.5714285714285714,6,6
all_markets,later,baseline,economics,U,66,0.35694444444444445,7,23
all_markets,later,baseline,all_quality,U,23,0.7487179487179486,1,3
all_markets,later,recovered_dip,economics,U,66,0.35694444444444445,7,23
all_markets,later,recovered_dip,all_quality,U,23,0.7487179487179486,1,3
all_markets,later,recent_typical_margin,economics,U,66,0.35694444444444445,7,23
all_markets,later,recent_typical_margin,all_quality,U,23,0.7487179487179486,1,3
all_markets,later,combined,economics,U,66,0.35694444444444445,7,23
all_markets,later,combined,all_quality,U,23,0.7487179487179486,1,3
all_markets,later,baseline,accounting,U,10,0.7222222222222222,0,0
all_markets,later,recovered_dip,accounting,U,10,0.7222222222222222,0,0
all_markets,later,recent_typical_margin,accounting,U,10,0.7222222222222222,0,0
all_markets,later,combined,accounting,U,10,0.7222222222222222,0,0
all_markets,later,baseline,understandable,U,17,0.9375,1,2
all_markets,later,baseline,moat,U,22,0.89,1,2
all_markets,later,recovered_dip,understandable,U,17,0.9375,1,2
all_markets,later,recovered_dip,moat,U,22,0.89,1,2
all_markets,later,recent_typical_margin,understandable,U,17,0.9375,1,2
all_markets,later,recent_typical_margin,moat,U,22,0.89,1,2
all_markets,later,combined,understandable,U,17,0.9375,1,2
all_markets,later,combined,moat,U,22,0.89,1,2
