id,quality_before,quality_after,value_before,value_after,margin_before,margin_after,price_before,price_after,buy_before,buy_after,reason
014820.KO,PFFFP,PFFFP,"[29989.38470452437, 33663.09886575466, 38553.59165486187]","[29989.38470452437, 33663.09886575466, 38553.59165486187]",0.35,0.35,pass,unclear,False,False,Price verdict pass → unclear; before/after price metrics and reasons retained in JSON.
0175.HK,FFPFP,FFPFP,"[13.122969447472965, 15.8336480137109, 17.412081007360914]","[13.123999346189608, 15.834890648149269, 17.413447518191816]",0.5,0.5,,,False,False,"Existing publication repricing; observed valuation fields changed: bondYield, perShareTrading."
0241.HK,FFFFP,FFFFP,"[1.185764526183351, 1.254671532957369, 1.3464013750075852]","[1.1858575857129525, 1.2547700003512599, 1.3465070414159204]",0.5,0.5,fail,fail,False,False,"Existing publication repricing; observed valuation fields changed: bondYield, perShareTrading."
0285.HK,FFPFP,FFPFP,"[30.271250157705456, 39.62013766266686, 45.54572133806089]","[30.273625864043368, 39.623247075448425, 45.54929579429524]",0.5,0.5,,,False,False,"Existing publication repricing; observed valuation fields changed: bondYield, perShareTrading."
0288.HK,PFPFP,PFPFP,"[11.067342540286079, 12.330159027521711, 14.01123563113078]","[11.068211112138242, 12.331126705988787, 14.012335241524056]",0.5,0.5,,,False,False,"Existing publication repricing; observed valuation fields changed: bondYield, perShareTrading."
0291.HK,PFPPP,PFPPP,"[19.011910485188398, 21.175575831146325, 24.055873346972856]","[19.013402551621077, 21.177237703366632, 24.057761266714415]",0.5,0.5,,,False,False,"Existing publication repricing; observed valuation fields changed: bondYield, perShareTrading."
0316.HK,FFPFP,FFPFP,"[103.47046618104639, 107.75166096083687, 113.45083930744971]","[103.4785866068964, 107.76011737748736, 113.45974299912348]",0.5,0.5,fail,fail,False,False,"Existing publication repricing; observed valuation fields changed: bondYield, perShareTrading."
0322.HK,PFPPP,PFPPP,"[12.065387711503243, 13.205071905734362, 14.72223330946213]","[12.066334610554529, 13.206108247902447, 14.72338871939067]",0.35,0.35,,,False,False,"Existing publication repricing; observed valuation fields changed: bondYield, perShareTrading."
0669.HK,PPFPP,PPFPP,"[48.86535183296809, 54.650345040848855, 62.35139806961809]","[48.86918681584619, 54.65463403355336, 62.35629144570266]",0.35,0.35,fail,fail,False,False,"Existing publication repricing; observed valuation fields changed: bondYield, perShareTrading."
0688.HK,PFFFP,PFFFP,"[25.75353040276677, 27.825991435653155, 30.584876665211215]","[25.755551555678615, 27.82817523658202, 30.587276985150407]",0.5,0.5,pass,pass,False,False,"Existing publication repricing; observed valuation fields changed: bondYield, perShareTrading."
0700.HK,PPFPP,PPFPP,"[281.5565148060693, 376.9356607552132, 432.4751086069116]","[281.5786115345896, 376.9652428977932, 432.5090495195318]",0.35,0.35,fail,fail,False,False,"Existing publication repricing; observed valuation fields changed: bondYield, perShareTrading."
0762.HK,FFPFP,FFPFP,"[11.330356335235987, 12.556194194221286, 14.188044400001745]","[11.331245548572607, 12.557179612067324, 14.18915788645599]",0.5,0.5,pass,pass,False,False,"Existing publication repricing; observed valuation fields changed: bondYield, perShareTrading."
0868.HK,PFFFP,PFFFP,"[8.520437464343392, 9.610016121417459, 11.060476427180967]","[8.521106153518115, 9.610770321395595, 11.061344460176352]",0.35,0.35,,,False,False,"Existing publication repricing; observed valuation fields changed: bondYield, perShareTrading."
0883.HK,FFFPP,FFFPP,"[32.85156170607596, 36.30053029973095, 40.89183906706254]","[32.85413991685182, 36.30337918768416, 40.89504828375278]",0.5,0.5,,,False,False,"Existing publication repricing; observed valuation fields changed: bondYield, perShareTrading."
0941.HK,PFPFP,PFPFP,"[106.57910563633519, 131.21072567086674, 150.46130264121618]","[106.58747003012236, 131.2210231693498, 150.4731109368245]",0.25,0.25,pass,pass,False,False,"Existing publication repricing; observed valuation fields changed: bondYield, perShareTrading."
0968.HK,FFFFP,FFFFP,"[1.0044857021942004, 1.0584041514375926, 1.130181044154893]","[1.0045645348501564, 1.058487215646621, 1.1302697414586251]",0.5,0.5,fail,fail,False,False,"Existing publication repricing; observed valuation fields changed: bondYield, perShareTrading."
0981.HK,FFFPP,FFFPP,"[15.805950007662672, 17.335104374462873, 18.225533706440537]","[15.807190468344483, 17.33646484412026, 18.22696405753977]",0.5,0.5,fail,fail,False,False,"Existing publication repricing; observed valuation fields changed: bondYield, perShareTrading."
0992.HK,FPPFP,FPPFP,"[7.107658798786622, 8.368732302249597, 9.439870583459824]","[7.1082166122224075, 8.369389085509857, 9.440611430311451]",0.5,0.5,fail,fail,False,False,"Existing publication repricing; observed valuation fields changed: bondYield, perShareTrading."
1044.HK,PFFFP,PFFFP,"[43.534365614930444, 47.40971952877042, 52.56863759890293]","[43.53778221873007, 47.41344027272966, 52.57276321792654]",0.35,0.35,pass,pass,False,False,"Existing publication repricing; observed valuation fields changed: bondYield, perShareTrading."
1099.HK,PPFFP,PPFFP,"[49.514997384393595, 57.68111168516047, 64.21096465935189]","[49.518883351854306, 57.68563853429602, 64.21600397536658]",0.5,0.5,pass,pass,False,False,"Existing publication repricing; observed valuation fields changed: bondYield, perShareTrading."
1109.HK,PFFFP,PFFFP,"[67.4935093543981, 79.41980900609033, 89.51377152194974]","[67.49880628654017, 79.42604192156719, 89.52079661781552]",0.5,0.5,pass,pass,False,False,"Existing publication repricing; observed valuation fields changed: bondYield, perShareTrading."
1177.HK,PPPFP,PPPFP,"[3.185609660945934, 3.758690268003192, 4.153712127553444]","[3.185859669552192, 3.758985252328102, 4.154038113436943]",0.25,0.25,fail,fail,False,False,"Existing publication repricing; observed valuation fields changed: bondYield, perShareTrading."
1209.HK,PPPPP,PPPPP,"[17.274713347573762, 18.987252281240053, 21.26700485277804]","[17.2760690777062, 18.988742412481713, 21.26867390040422]",0.5,0.5,fail,fail,False,False,"Existing publication repricing; observed valuation fields changed: bondYield, perShareTrading."
1378.HK,PFPFP,PFPFP,"[33.16342611428897, 44.35256250439696, 50.868016704157725]","[33.16602880037547, 44.3560433207919, 50.872008857407145]",0.5,0.5,pass,pass,False,False,"Existing publication repricing; observed valuation fields changed: bondYield, perShareTrading."
1810.HK,FFFFP,FFFFP,"[14.28277863607913, 18.187613624568286, 20.461406045904475]","[14.28389955733451, 18.189040999676163, 20.463011869640614]",0.5,0.5,fail,fail,False,False,"Existing publication repricing; observed valuation fields changed: bondYield, perShareTrading."
1876.HK,PPFFP,PPFFP,"[16.802527580266396, 17.437393728911562, 18.282535235772205]","[16.803846252969286, 17.438762226300426, 18.283970060386533]",0.25,0.25,pass,pass,False,False,"Existing publication repricing; observed valuation fields changed: bondYield, perShareTrading."
1928.HK,FFFFP,FFFFP,"[11.336029535432209, 12.80516802419037, 14.760902975291055]","[11.336919194005072, 12.806172981655774, 14.76206142003876]",0.5,0.5,,,False,False,"Existing publication repricing; observed valuation fields changed: bondYield, perShareTrading."
2020.HK,PPPFP,PPPFP,"[84.39916087174781, 112.87931352786913, 129.46335752944222]","[84.40578456982281, 112.88817236584808, 129.47351789339837]",0.25,0.25,pass,pass,False,False,"Existing publication repricing; observed valuation fields changed: bondYield, perShareTrading."
2057.HK,PFFPP,PFFPP,"[113.05321605576027, 144.5395504540432, 162.8740994789107]","[113.06208854171662, 144.55089400689627, 162.8868819384523]",0.25,0.25,fail,fail,False,False,"Existing publication repricing; observed valuation fields changed: bondYield, perShareTrading."
2313.HK,PPPFP,PPPFP,"[71.1529356389751, 91.21563839393846, 103.34815150881363]","[71.1585197651436, 91.22279705336351, 103.35626233533291]",0.25,0.25,pass,pass,False,False,"Existing publication repricing; observed valuation fields changed: bondYield, perShareTrading."
2319.HK,PFFFP,PFFFP,"[13.287859474182055, 14.158376515426779, 15.317219344825501]","[13.288902313569448, 14.159487673527188, 15.318421449624184]",0.35,0.35,fail,fail,False,False,"Existing publication repricing; observed valuation fields changed: bondYield, perShareTrading."
2331.HK,FPPPP,FPPPP,"[20.784147397121988, 26.349707479659575, 29.590543103564276]","[20.78577854979795, 26.35177542091524, 29.592865387593747]",0.5,0.5,pass,pass,False,False,"Existing publication repricing; observed valuation fields changed: bondYield, perShareTrading."
2382.HK,PPFPP,PPFPP,"[56.62233311299986, 71.69916365107505, 80.52949825476226]","[56.62677686854161, 71.70479064555401, 80.53581825933412]",0.35,0.35,,,False,False,"Existing publication repricing; observed valuation fields changed: bondYield, perShareTrading."
2618.HK,FFPPP,FFPPP,"[9.626789232292188, 10.55406666173795, 11.788469607417227]","[9.627544748634385, 10.554894951383353, 11.78939477376532]",0.5,0.5,,,False,False,"Existing publication repricing; observed valuation fields changed: bondYield, perShareTrading."
2688.HK,PFFPP,PFFPP,"[47.09896511152458, 58.80101053329653, 67.69104563206507]","[47.102661467285955, 58.805625272782734, 67.69635806697576]",0.35,0.35,,,False,False,"Existing publication repricing; observed valuation fields changed: bondYield, perShareTrading."
3692.HK,PPPPP,PPPPP,"[12.564494708167599, 13.464626601006135, 14.662893079554935]","[12.565480777443078, 13.465683313186405, 14.66404383242572]",0.25,0.25,fail,fail,False,False,"Existing publication repricing; observed valuation fields changed: bondYield, perShareTrading."
61L0.F,PFPPP,PFPPP,"[2.862513460709051, 3.7452928948262074, 4.259336943530984]","[2.8562178013464443, 3.737055697481054, 4.249969185134349]",0.25,0.25,fail,fail,False,False,"Existing publication repricing; observed valuation fields changed: bondYield, perShareTrading."
6618.HK,FFFPP,FFFPP,"[18.50165744897699, 18.727972597062934, 19.029246063425756]","[18.50310947043743, 18.729442379875447, 19.030739490365278]",0.5,0.5,fail,fail,False,False,"Existing publication repricing; observed valuation fields changed: bondYield, perShareTrading."
6862.HK,FFFPP,FFFPP,"[10.604668166087816, 11.817549598744808, 13.432152052862955]","[10.605500426970416, 11.818477047308514, 13.433206216420706]",0.5,0.5,,,False,False,"Existing publication repricing; observed valuation fields changed: bondYield, perShareTrading."
9633.HK,PPPPP,PPPPP,"[11.540427994384741, 12.87774129134526, 14.657988950398938]","[11.541333694274426, 12.878751944405323, 14.65913931839065]",0.25,0.25,fail,fail,False,False,"Existing publication repricing; observed valuation fields changed: bondYield, perShareTrading."
9961.HK,FFPPP,FFPPP,"[311.3183745701386, 334.2000255658197, 364.66035652411387]","[311.34280702772526, 334.22625378945537, 364.688975293265]",0.5,0.5,,,False,False,"Existing publication repricing; observed valuation fields changed: bondYield, perShareTrading."
9992.HK,FPPPP,FPPPP,"[25.069739779714943, 26.52634736912826, 28.465401035241207]","[25.071707268317965, 26.52842917319113, 28.467635017428872]",0.5,0.5,fail,fail,False,False,"Existing publication repricing; observed valuation fields changed: bondYield, perShareTrading."
A2M.AU,FPPPP,FPPPP,"[3.264904428607027, 4.311942524280769, 4.9216346863852625]","[3.2584502921611853, 4.303418579397577, 4.911905488334566]",0.5,0.5,fail,fail,False,False,Existing publication repricing; observed valuation fields changed: bondYield.
AAF.LSE,FFFPP,FFFPP,"[51.997521547923974, 53.08226356123283, 54.526285268232485]","[51.80821303701955, 52.88900580641942, 54.32777023209243]",0.5,0.5,fail,fail,False,False,"Existing publication repricing; observed valuation fields changed: bondYield, perShareTrading."
ABBN.SW,FPPPP,FPPPP,"[20.810242794440395, 23.354754393686104, 26.742039054870354]","[20.87788735761619, 23.430669998066314, 26.82896516948445]",0.5,0.5,fail,fail,False,False,"Existing publication repricing; observed valuation fields changed: bondYield, perShareTrading."
ABEV3.SA,PFPFP,PFPFP,"[6.503099660850619, 6.873184298870814, 7.299376397769708]","[6.530207776188839, 6.904254057738902, 7.335356348694729]",0.25,0.25,fail,fail,False,False,"Existing publication repricing; observed valuation fields changed: discountRate, bondYield, perShare, perShareTrading."
ABI.BR,PPPFP,PPPFP,"[27.781427013521267, 31.208340836894156, 35.77029002688893]","[27.69255014757558, 31.108500770233867, 35.65585561464615]",0.5,0.5,fail,fail,False,False,"Existing publication repricing; observed valuation fields changed: bondYield, perShareTrading."
ABX.TO,PFPPP,PFPPP,"[21.33479293606763, 24.927347056720816, 28.263887027218736]","[21.28320097590929, 24.86706755459219, 28.19553907850427]",0.5,0.5,fail,fail,False,False,"Existing publication repricing; observed valuation fields changed: bondYield, perShareTrading."
AC.MX,PPPPP,PPPPP,"[90.70547819347784, 117.09717387498004, 128.55436344987552]","[91.59600100493411, 118.47109144756836, 130.23812404038853]",0.25,0.25,fail,fail,False,False,"Existing publication repricing; observed valuation fields changed: discountRate, bondYield, perShare, perShareTrading."
ACLN.SW,PPPPP,PPPPP,"[14.790602210185941, 16.551857335076825, 18.896461490445418]","[14.838679680280729, 16.60565983849973, 18.95788522757889]",0.25,0.25,fail,fail,False,False,"Existing publication repricing; observed valuation fields changed: bondYield, perShareTrading."
ADANIPORTS.NSE,PFPPP,PFPPP,"[466.8726081930614, 636.6413368758512, 724.4167750512435]","[465.9269890594575, 635.1051326711407, 722.421410997339]",0.5,0.5,fail,fail,False,False,"Existing publication repricing; observed valuation fields changed: discountRate, bondYield, perShare, perShareTrading."
ADEN.SW,FPFFP,FPFFP,"[15.468634903939169, 17.538576056099817, 20.294106789913844]","[15.568722979383141, 17.652057454709578, 20.42541754254785]",0.5,0.5,fail,fail,False,False,"Existing publication repricing; observed valuation fields changed: bondYield, perShareTrading."
AEIS.US,FFFPP,FFFPP,,"[45.24972156819965, 49.21222767299779, 51.653206629381046]",0.5,0.5,,fail,False,False,Comparable trading value became available under existing publication calculations. Price verdict None → fail; before/after price metrics and reasons retained in JSON.
AEM.TO,FFPFP,FFPFP,"[77.50440503459728, 106.87559478804783, 123.97849129043308]","[77.31698328700296, 106.61714740378088, 123.67868555047046]",0.5,0.5,fail,fail,False,False,"Existing publication repricing; observed valuation fields changed: bondYield, perShareTrading."
AEP.LSE,PFPPP,PFPPP,"[205.27509421466345, 284.3310161005458, 330.3654212868749]","[204.52774470155774, 283.2958459682093, 329.1626526914431]",0.5,0.5,,,False,False,"Existing publication repricing; observed valuation fields changed: bondYield, perShareTrading."
AFYA.US,PPPPP,PPPPP,"[9.856491382353136, 11.215486122453642, 13.024596381230664]","[9.889012925683401, 11.252491675824734, 13.067571103080446]",0.5,0.5,fail,fail,False,False,"Existing publication repricing; observed valuation fields changed: bondYield, perShareTrading."
AIA.AU,PFFFP,PFFFP,"[1.0024215270982508, 1.1383450333784002, 1.319288051305148]","[1.0004399176963177, 1.136094727334678, 1.3166800530373015]",0.5,0.5,fail,fail,False,False,Existing publication repricing; observed valuation fields changed: bondYield.
ALE.WAR,FFPPP,FFPPP,"[14.582052933223352, 16.159340618574582, 18.23365609385275]","[14.955414954301567, 16.532702639652793, 18.60701811493097]",0.5,0.5,fail,fail,False,False,"Existing publication repricing; observed valuation fields changed: netCash, netDebt, perShare, perShareTrading."
ALOS3.SA,FFPFP,FFPFP,"[19.256431183059867, 20.140755863030755, 21.15915044833727]","[19.32120656943993, 20.214997676240785, 21.24512526414522]",0.5,0.5,fail,fail,False,False,"Existing publication repricing; observed valuation fields changed: discountRate, bondYield, perShare, perShareTrading."
ALSEA.MX,FFPFP,FFPFP,"[19.537293858686766, 20.87857799025162, 22.4979021308756]","[19.699762763023752, 21.07316804369144, 22.73528460939372]",0.5,0.5,fail,fail,False,False,"Existing publication repricing; observed valuation fields changed: discountRate, bondYield, perShare, perShareTrading."
AMXB.MX,PFPFP,PFPFP,"[7.809197264889703, 8.430327714306264, 9.180214712554276]","[7.8844344060682205, 8.520439723015453, 9.290143311645025]",0.5,0.5,fail,fail,False,False,"Existing publication repricing; observed valuation fields changed: discountRate, bondYield, perShare, perShareTrading."
ANN.AU,PPPFP,PPPFP,"[17.148251648144324, 20.585159272875757, 23.655759350977434]","[17.11435259891795, 20.54446606742006, 23.608996114282526]",0.35,0.35,fail,fail,False,False,"Existing publication repricing; observed valuation fields changed: bondYield, perShareTrading."
ANTO.LSE,PFFPP,PFFPP,"[1093.8672184807608, 1431.6033270509647, 1628.2676691658748]","[1089.8847522382707, 1426.3912575910758, 1622.3395995458734]",0.5,0.5,fail,fail,False,False,"Existing publication repricing; observed valuation fields changed: bondYield, perShareTrading."
APOLLOHOSP.NSE,PFFPP,PFFPP,"[855.2217928644556, 1174.720715934742, 1339.9110792404624]","[853.4421700966748, 1171.8296323245318, 1336.1558725466143]",0.5,0.5,fail,fail,False,False,"Existing publication repricing; observed valuation fields changed: discountRate, bondYield, perShare, perShareTrading."
ASURB.MX,PFPPP,PFPPP,"[153.92113496037857, 194.4814999912439, 212.08960660908798]","[155.2897446449126, 196.593020180739, 214.6773124162469]",0.5,0.5,fail,fail,False,False,"Existing publication repricing; observed valuation fields changed: discountRate, bondYield, perShare, perShareTrading."
ATD.TO,PPFPP,PPFPP,"[43.090945347987834, 59.189655395338185, 69.02281998808432]","[42.98674249295003, 59.04652251600381, 68.85590847459963]",0.5,0.5,fail,fail,False,False,"Existing publication repricing; observed valuation fields changed: bondYield, perShareTrading."
ATYM.LSE,FFFPP,FFFPP,"[344.4657133748892, 411.1353796322466, 449.9572459379585]","[344.313117779852, 410.9532499007236, 449.75791842575853]",0.5,0.5,fail,fail,False,False,"Existing publication repricing; observed valuation fields changed: bondYield, perShareTrading."
AXIA3.SA,FFFFP,FFFFP,"[25.69823839237212, 26.669766449259225, 27.78858506307394]","[25.76940128840937, 26.75132925776309, 27.88303786715702]",0.5,0.5,fail,fail,False,False,"Existing publication repricing; observed valuation fields changed: discountRate, bondYield, perShare, perShareTrading."
AZN.LSE,FPPFP,FPPFP,"[3644.072735449585, 4121.166252123093, 4756.278920290018]","[3630.8056803546688, 4106.162232255339, 4738.962631877765]",0.5,0.5,fail,fail,False,False,"Existing publication repricing; observed valuation fields changed: bondYield, perShareTrading."
AZZA3.SA,PFPFP,PFPFP,"[14.864389782139645, 17.941507804857896, 19.050075323621382]","[14.919423848407325, 18.022131349291424, 19.143909418825785]",0.5,0.5,fail,fail,False,False,"Existing publication repricing; observed valuation fields changed: discountRate, bondYield, perShare, perShareTrading."
B3SA3.SA,PFPPF,PFPPF,"[8.948987663862574, 9.336210419430797, 9.782138896278378]","[8.977351119248569, 9.368718976684356, 9.819785029922098]",0.25,0.25,fail,fail,False,False,"Existing publication repricing; observed valuation fields changed: discountRate, bondYield, perShare, perShareTrading."
BAJAJFINSV.NSE,PFPPF,PFPPF,"[613.7800333232464, 837.27644633534, 952.8306814113414]","[612.5351486729587, 835.2540707655237, 950.2038330384928]",0.5,0.5,fail,fail,False,False,"Existing publication repricing; observed valuation fields changed: discountRate, bondYield, perShare, perShareTrading."
BAM.TO,FFPFF,FFPFF,"[6.627450122210472, 7.370115420336694, 8.358760460698273]","[6.611423571417076, 7.352292950614685, 8.338547241945518]",0.5,0.5,fail,fail,False,False,"Existing publication repricing; observed valuation fields changed: bondYield, perShareTrading."
BBAJIOO.MX,PPPFP,PPPFP,"[54.688068882807215, 61.939205038045515, 71.40713610469876]","[55.53982694054682, 63.03406887018477, 72.86624308172505]",0.35,0.35,,,False,False,"Existing publication repricing; observed valuation fields changed: discountRate, bondYield, perShare, perShareTrading."
BBAS3.SA,PPPPP,PPPPP,"[20.01569309185478, 21.836957249439383, 24.02283885598987]","[20.146756226606684, 21.993049869074305, 24.211880566115703]",0.35,0.35,fail,fail,False,False,"Existing publication repricing; observed valuation fields changed: discountRate, bondYield, perShare, perShareTrading."
BBDC3.SA,PPPFP,PPPFP,"[11.45474968831043, 12.497038103989269, 13.74799286915336]","[11.529755604671093, 12.586368105099163, 13.856179253716917]",0.25,0.25,fail,fail,False,False,"Existing publication repricing; observed valuation fields changed: discountRate, bondYield, perShare, perShareTrading."
BBSE3.SA,PPPPP,PPPPP,"[7.961623184951111, 8.558143848123384, 9.251292331625182]","[8.005145273720904, 8.608452602937756, 9.310108406200042]",0.35,0.35,fail,fail,False,False,"Existing publication repricing; observed valuation fields changed: discountRate, bondYield, perShare, perShareTrading."
BBWI.US,FPFFP,FPFFP,"[36.31821777453691, 40.897030557174084, 46.99240159405947]",,0.5,0.5,pass,pass,False,False,"Comparable trading value is absent from the candidate index; see full dossier/price evidence. Existing publication behavior, not a selected rule correction."
BEEF3.SA,FPFFP,FPFFP,"[15.749554307899684, 15.875288511594334, 16.020084914013715]","[15.758764139774758, 15.885844289891866, 16.032308902836196]",0.5,0.5,pass,pass,False,False,"Existing publication repricing; observed valuation fields changed: discountRate, bondYield, perShare, perShareTrading."
BEZ.LSE,PPPPP,PPPPP,"[1084.95475774616, 1193.450233520776, 1326.0558150230845]","[1081.004739293871, 1189.105213223258, 1321.2280146925089]",0.5,0.5,fail,fail,False,False,"Existing publication repricing; observed valuation fields changed: bondYield, perShareTrading."
BGEO.LSE,PPPFP,PPPFP,"[19424.23621763466, 24280.295272043324, 32373.72702939109]",,0.35,0.35,pass,pass,False,False,"Comparable trading value is absent from the candidate index; see full dossier/price evidence. Existing publication behavior, not a selected rule correction."
BHARTIARTL.NSE,FFPPP,FFPPP,"[190.03945710029498, 208.2703122266003, 231.51110832351827]","[189.7147832315696, 207.86266789263024, 230.9837844582529]",0.5,0.5,fail,fail,False,False,"Existing publication repricing; observed valuation fields changed: discountRate, bondYield, perShare, perShareTrading."
BHP.AU,PPPPP,PPPPP,"[39.353747312695724, 53.19798918680715, 61.582278337461354]","[39.275951940621184, 53.09282620627772, 61.46054110572089]",0.5,0.5,fail,fail,False,False,"Existing publication repricing; observed valuation fields changed: bondYield, perShareTrading."
BI0.F,PFPPP,PFPPP,"[0.3914689629970567, 0.4432873799418411, 0.5122686842266991]",,0.5,0.5,fail,fail,False,False,"Comparable trading value is absent from the candidate index; see full dossier/price evidence. Existing publication behavior, not a selected rule correction."
BIMBOA.MX,PPFFP,PPFFP,"[15.53412367838407, 20.14103232439781, 22.14098815704252]","[15.689572471408981, 20.380862035245208, 22.434903762764222]",0.5,0.5,fail,fail,False,False,"Existing publication repricing; observed valuation fields changed: discountRate, bondYield, perShare, perShareTrading."
BOLSAA.MX,PPPPP,PPPPP,"[27.15210711301888, 29.07188774507852, 31.38962717778889]","[27.384648935081742, 29.35040458352749, 31.72939283513527]",0.25,0.25,fail,fail,False,False,"Existing publication repricing; observed valuation fields changed: discountRate, bondYield, perShare, perShareTrading."
BP.LSE,FFPPP,FFPPP,"[216.01362176241116, 223.44941840448246, 233.34804096011948]","[215.2271762578264, 222.63590123286832, 232.4984856574516]",0.5,0.5,fail,fail,False,False,"Existing publication repricing; observed valuation fields changed: bondYield, perShareTrading."
BPAC11.SA,FFPPF,FFPPF,"[18.578182529798788, 19.84495789181097, 21.303785400181955]","[18.67097182471453, 19.951307631828023, 21.426942404487917]",0.5,0.5,fail,fail,False,False,"Existing publication repricing; observed valuation fields changed: discountRate, bondYield, perShare, perShareTrading."
BRAP3.SA,FFFPP,FFFPP,"[10.807325644896478, 11.502463002805744, 12.30298812369502]","[10.858243358679244, 11.560821950656106, 12.37056998323267]",0.5,0.5,fail,fail,False,False,"Existing publication repricing; observed valuation fields changed: discountRate, bondYield, perShare, perShareTrading."
BSE.NSE,FFPPP,FFPPP,"[345.4855059542318, 432.9250265749178, 478.1338367950124]","[344.99846405686003, 432.1338033603862, 477.1061229298567]",0.5,0.5,fail,fail,False,False,"Existing publication repricing; observed valuation fields changed: discountRate, bondYield, perShare, perShareTrading."
BWA.US,PFFFP,PFFFP,"[34.736328775018016, 38.1487628579344, 42.69143644204834]",,0.35,0.35,fail,fail,False,False,"Comparable trading value is absent from the candidate index; see full dossier/price evidence. Existing publication behavior, not a selected rule correction."
BXB.AU,PFFFP,PFFFP,"[7.339985604215535, 9.116457362540421, 10.636644780647453]","[7.325475755723483, 9.098435744754312, 10.615618022210441]",0.5,0.5,fail,fail,False,False,"Existing publication repricing; observed valuation fields changed: bondYield, perShareTrading."
BYD.US,FFPPP,FFPPP,"[106.21802759139396, 140.58840309304543, 164.05050604672257]","[106.21802759139396, 140.58840309304543, 164.05050604672257]",0.5,0.5,pass,unclear,False,False,Price verdict pass → unclear; before/after price metrics and reasons retained in JSON.
CCEP.LSE,PFPPP,PFPPP,"[3414.9929690919794, 3843.560073341361, 4414.073793515567]","[3413.480154132659, 3841.857406533956, 4412.118393628419]",0.5,0.5,fail,fail,False,False,"Existing publication repricing; observed valuation fields changed: bondYield, perShareTrading."
CCH.LSE,PPPPP,PPPPP,"[2733.6421162593306, 3262.255685507449, 3635.0195232542474]","[2732.4311343556096, 3260.8105319604783, 3633.4092382662634]",0.25,0.25,fail,fail,False,False,"Existing publication repricing; observed valuation fields changed: bondYield, perShareTrading."
CDEVY.US,FFFFF,FFFFF,"[4.738515555479999, 5.156822915259392, 5.713678739324512]",,0.5,0.5,fail,fail,False,False,"Comparable trading value is absent from the candidate index; see full dossier/price evidence. Existing publication behavior, not a selected rule correction."
CEAB3.SA,FFFPP,FFFPP,"[5.137022658094096, 5.34411556352571, 5.582605224985676]","[5.152191886398732, 5.361501658418688, 5.602738977670494]",0.5,0.5,fail,fail,False,False,"Existing publication repricing; observed valuation fields changed: discountRate, bondYield, perShare, perShareTrading."
CEMEXCPO.MX,PFFPP,PFFPP,"[6.286123456522792, 6.795212597381241, 7.409832808059361]","[6.331779547994478, 6.851745678950326, 7.481016828574624]",0.5,0.5,fail,fail,False,False,"Existing publication repricing; observed valuation fields changed: discountRate, bondYield, perShare, perShareTrading."
CEN.AU,PFFPP,PFFPP,"[2.290463983821035, 2.5336233414158156, 2.8573200235014373]","[2.2859361431448, 2.5286148178570285, 2.85167160906715]",0.5,0.5,fail,fail,False,False,Existing publication repricing; observed valuation fields changed: bondYield.
CFR.SW,PFFPP,PFFPP,"[57.69132173252656, 61.9766276043563, 67.68127868648722]","[58.06460698994492, 62.377640455066754, 68.11920284523717]",0.35,0.35,fail,fail,False,False,"Existing publication repricing; observed valuation fields changed: bondYield, perShareTrading."
CFRUY.US,PFPPP,PFPPP,"[8.738775085491339, 9.502860493276083, 10.520020243065085]","[8.76682143505697, 9.533359109462046, 10.553783346278989]",0.35,0.35,fail,fail,False,False,"Existing publication repricing; observed valuation fields changed: bondYield, perShareTrading."
CHI.AU,FFPPP,FFPPP,"[0.13976606510217346, 0.1589899996066056, 0.18458113406784246]","[0.13948977240375207, 0.15867570460244124, 0.18421624993397204]",0.5,0.5,fail,fail,False,False,Existing publication repricing; observed valuation fields changed: bondYield.
CIB.US,PPPPP,PPPPP,"[105.03606272552601, 131.2950784069075, 175.0601045425433]","[105.03606272552601, 131.2950784069075, 175.06010454254329]",0.5,0.5,,,False,False,Existing publication repricing; observed valuation fields changed: bondYield.
CLILF.US,FFFFP,FFFFP,"[0.6216890259960327, 0.6747565918282095, 0.7454007782422168]",,0.5,0.5,fail,fail,False,False,"Comparable trading value is absent from the candidate index; see full dossier/price evidence. Existing publication behavior, not a selected rule correction."
CLS.TO,FFPPP,FFPPP,"[27.002369976817175, 37.48912849087537, 43.59558679293903]","[26.937072638324164, 37.398471992391045, 43.49016361008271]",0.5,0.5,fail,fail,False,False,"Existing publication repricing; observed valuation fields changed: bondYield, perShareTrading."
CMIG4.SA,PFPPP,PFPPP,"[11.882796105868989, 13.647886102710823, 14.644562661911218]","[11.93978029152452, 13.720466568417802, 14.728804328417771]",0.35,0.35,,,False,False,"Existing publication repricing; observed valuation fields changed: discountRate, bondYield, perShare, perShareTrading."
CMIN3.SA,PFPFP,PFPFP,"[2.6310136978264023, 2.7140447538645613, 2.8096639080018475]","[2.6370955915677303, 2.721015469816104, 2.8177362596063]",0.5,0.5,fail,fail,False,False,"Existing publication repricing; observed valuation fields changed: discountRate, bondYield, perShare, perShareTrading."
CNU.AU,PFFPP,PFFFP,,,0.35,0.35,,,False,False,management: ROIC first 3 years vs last 3 years: 3.9% vs 3.2%; Per-share earnings: 0.19 to 0.01 (three-year endpoint medians); per-share value declined or ends nonpositive
COA.LSE,FPPFP,FPPFP,"[45.25416801417489, 50.38863909184567, 57.223709181462894]","[45.089410177571345, 50.20518807439311, 57.01537357524393]",0.5,0.5,fail,fail,False,False,"Existing publication repricing; observed valuation fields changed: bondYield, perShareTrading."
CPAMF.US,PFFFP,PFFFP,"[0.7135865957724936, 0.8110537605975484, 0.9408032309787779]",,0.5,0.5,fail,fail,False,False,"Comparable trading value is absent from the candidate index; see full dossier/price evidence. Existing publication behavior, not a selected rule correction."
CPFE3.SA,PFPPP,PFPPP,"[39.51707811234708, 42.029569409367944, 44.922972240328185]","[39.70111413240528, 42.24050088486558, 45.16723883309991]",0.35,0.35,fail,fail,False,False,"Existing publication repricing; observed valuation fields changed: discountRate, bondYield, perShare, perShareTrading."
CPLE3.SA,PFPPP,PFPPP,"[9.41640956893903, 10.651403134354576, 11.399732214240785]","[9.459850378874659, 10.705906405346116, 11.4629725209186]",0.5,0.5,fail,fail,False,False,"Existing publication repricing; observed valuation fields changed: discountRate, bondYield, perShare, perShareTrading."
CPU.AU,PPPPP,PPPPP,"[16.673871836382165, 18.972834341774583, 22.033241075020324]","[16.640910551828302, 18.935328416476057, 21.98968526891577]",0.5,0.5,fail,fail,False,False,"Existing publication repricing; observed valuation fields changed: bondYield, perShareTrading."
CRI.US,PPFFP,PPFFP,"[39.34625031073361, 42.458115630601974, 46.60066843672243]",,0.5,0.5,,,False,False,"Comparable trading value is absent from the candidate index; see full dossier/price evidence. Existing publication behavior, not a selected rule correction."
CSC.AU,FFFFP,FFFFP,"[3.8828260997361443, 5.295320270552153, 6.117818161052168]","[3.875150441844417, 5.284852362440933, 6.10572432062722]",0.5,0.5,fail,fail,False,False,"Existing publication repricing; observed valuation fields changed: bondYield, perShareTrading."
CSMG3.SA,PFPPP,PFPPP,"[24.935955659303072, 26.41855920679657, 28.12593598720408]","[25.044554027993303, 26.543028395693526, 28.27007599573144]",0.5,0.5,fail,fail,False,False,"Existing publication repricing; observed valuation fields changed: discountRate, bondYield, perShare, perShareTrading."
CSU.TO,FPPFP,FPPFP,"[817.7749763737665, 906.0702226961972, 1023.609924072333]","[815.797426644271, 903.8791567238167, 1021.1346226912193]",0.5,0.5,fail,fail,False,False,"Existing publication repricing; observed valuation fields changed: bondYield, perShareTrading."
CTEC.LSE,PFPFP,PFPFP,"[71.35173481732548, 81.05232514378444, 93.96586848427755]","[71.09196300000403, 80.75723617566565, 93.62376489724014]",0.5,0.5,fail,fail,False,False,"Existing publication repricing; observed valuation fields changed: bondYield, perShareTrading."
CURY3.SA,PPPPP,PPPPP,"[13.38967257804367, 16.171121554374558, 17.10673395882567]","[13.435268553810488, 16.239161008114824, 17.185935333006803]",0.15,0.15,fail,fail,False,False,"Existing publication repricing; observed valuation fields changed: discountRate, bondYield, perShare, perShareTrading."
CXSE3.SA,PPPPP,PPPPP,"[6.276859366314619, 6.6463037080635665, 7.061957473420888]","[6.304192719964269, 6.676957190160832, 7.096574912016089]",0.25,0.25,fail,fail,False,False,"Existing publication repricing; observed valuation fields changed: discountRate, bondYield, perShare, perShareTrading."
CYRE3.SA,FFPPP,FFPPP,"[29.20007581445127, 34.67648342452953, 36.64942289296078]","[29.298021027178482, 34.81997073604228, 36.81642128212501]",0.5,0.5,,,False,False,"Existing publication repricing; observed valuation fields changed: discountRate, bondYield, perShare, perShareTrading."
DEVL.F,PPPPP,PPPPP,"[63.26116807547595, 66.92056329327458, 71.79199453144807]","[63.05878630610626, 66.70647458105935, 71.56232139511712]",0.35,0.35,,,False,False,Existing publication repricing; observed valuation fields changed: bondYield.
DGE.LSE,PFFFP,PFFFP,"[1118.852426398892, 1266.6088613534625, 1463.3040172573512]","[1114.7789959649401, 1261.9974908438087, 1457.9765344031514]",0.5,0.5,fail,fail,False,False,"Existing publication repricing; observed valuation fields changed: bondYield, perShareTrading."
DIRR3.SA,FFPFP,FFPFP,"[9.742203754579231, 11.284928180342272, 11.840712578658328]","[9.769795285893073, 11.325349090548153, 11.887756647027642]",0.5,0.5,fail,fail,False,False,"Existing publication repricing; observed valuation fields changed: discountRate, bondYield, perShare, perShareTrading."
DRREDDY.NSE,FFFPP,FFFPP,"[373.35261644191166, 447.4797386724549, 505.0693369726785]","[372.62692631660747, 446.47054806798417, 503.7616113432155]",0.5,0.5,fail,fail,False,False,"Existing publication repricing; observed valuation fields changed: discountRate, bondYield, perShare, perShareTrading."
DY.US,FFPPP,FFPPP,"[74.310860347304, 83.60788457922699, 95.98419584649983]",,0.5,0.5,fail,fail,False,False,"Comparable trading value is absent from the candidate index; see full dossier/price evidence. Existing publication behavior, not a selected rule correction."
EBO.AU,PFFFP,PFFFP,"[6.653851063162094, 7.571271699519474, 8.792553162849591]",,0.5,0.5,fail,fail,False,False,"Comparable trading value is absent from the candidate index; see full dossier/price evidence. Existing publication behavior, not a selected rule correction."
EC.US,PFFFP,PFFPP,"[23.925982815617324, 27.05128849049101, 31.21173325999018]",,0.5,0.5,,,False,False,"management: potential debt-funded buybacks (informational); ROIC first 3 years vs last 3 years: 12.9% vs 13.6%; Per-share earnings: 1190.70 to 6732.62 (three-year endpoint medians) Comparable trading value is absent from the candidate index; see full dossier/price evidence. Existing publication behavior, not a selected rule correction."
EDV.LSE,FFPPP,FFPFP,"[468.2992609566159, 507.2116631435575, 529.8704247684338]","[466.59431362239275, 505.3650465779089, 527.9413139550895]",0.5,0.5,fail,fail,False,False,"management: buybacks unrelated to price (informational); ROIC first 3 years vs last 3 years: 5.0% vs 7.8%; Per-share earnings: -0.26 to -0.85 (three-year endpoint medians); per-share value declined or ends nonpositive Existing publication repricing; observed valuation fields changed: bondYield, perShareTrading."
EGIE3.SA,PPFFP,PPFFP,"[12.396829711649463, 13.512828336231797, 14.213191899387239]","[12.43777411372755, 13.563841662108471, 14.272374152359108]",0.5,0.5,fail,fail,False,False,"Existing publication repricing; observed valuation fields changed: discountRate, bondYield, perShare, perShareTrading."
EMBJ.US,FFPPP,FFPPP,"[30.759833286409364, 36.57552421286316, 40.85357965162101]","[30.861325512420613, 36.69620534059644, 40.988376244982355]",0.5,0.5,fail,fail,False,False,"Existing publication repricing; observed valuation fields changed: bondYield, perShareTrading."
EMG.LSE,FPFPP,FPFPP,"[50.51383012575016, 55.109883186172375, 61.22820468966723]","[50.32992332256971, 54.90924343236264, 61.00528982930278]",0.5,0.5,fail,fail,False,False,"Existing publication repricing; observed valuation fields changed: bondYield, perShareTrading."
EPAM.US,PFPPP,PFPPP,"[80.57552961027933, 109.94456278153724, 127.04620350224158]","[80.57552961027933, 109.94456278153724, 127.04620350224158]",0.25,0.25,fail,unclear,False,False,Price verdict fail → unclear; before/after price metrics and reasons retained in JSON.
EQT.ST,PFPPP,PFPPP,"[152.8019812533834, 166.2772959654171, 184.21579812914604]","[153.13878652903475, 166.64380345467097, 184.62184556491414]",0.5,0.5,fail,fail,False,False,"Existing publication repricing; observed valuation fields changed: bondYield, perShareTrading."
EVO.ST,PPFPP,PPFPP,"[926.0570902218597, 1293.4682847484096, 1507.4124826700179]","[928.0983001000474, 1296.319340334322, 1510.7351128648716]",0.35,0.35,pass,pass,False,False,"Existing publication repricing; observed valuation fields changed: bondYield, perShareTrading."
EVTC.US,PFPFP,PFPFP,,"[27.930028433480828, 31.265739341785522, 35.70627810655082]",0.5,0.5,,,False,False,Comparable trading value became available under existing publication calculations.
EWG.LSE,FFPFP,FFPFP,"[24.026226055080695, 26.559333160852713, 29.93143602218844]","[24.015582626376418, 26.547567585673217, 29.918176632029184]",0.5,0.5,fail,fail,False,False,"Existing publication repricing; observed valuation fields changed: bondYield, perShareTrading."
EXPN.LSE,PPPPP,PPPPP,"[1053.7239963806214, 1196.7521706220657, 1387.153008593821]","[1049.8876804424622, 1192.395128890119, 1382.1027703779191]",0.35,0.35,fail,fail,False,False,"Existing publication repricing; observed valuation fields changed: bondYield, perShareTrading."
FLMNF.US,FFPFP,FFPFP,"[25.036464540724538, 28.083990766247318, 32.140894590670904]","[25.116816927589664, 28.17412392730508, 32.244048036803036]",0.5,0.5,fail,fail,False,False,"Existing publication repricing; observed valuation fields changed: bondYield, perShareTrading."
FLRY3.SA,PFPFP,PFPFP,"[7.359482972393127, 7.645146953817383, 7.9741196247024]","[7.3804074079434665, 7.669129335435896, 8.001892125846124]",0.5,0.5,fail,fail,False,False,"Existing publication repricing; observed valuation fields changed: discountRate, bondYield, perShare, perShareTrading."
FMG.AU,PFPPP,PFPPP,"[18.283415395260413, 22.918405132303143, 26.417849845122273]","[18.247272328828494, 22.873099513998085, 26.365626445866777]",0.5,0.5,,,False,False,"Existing publication repricing; observed valuation fields changed: bondYield, perShareTrading."
FMS.US,PPFFP,PPFFP,"[35.76747061790165, 40.39076230772916, 46.54534420461489]","[35.88226324892996, 40.52039299713616, 46.69472749706084]",0.5,0.5,,,False,False,"Existing publication repricing; observed valuation fields changed: bondYield, perShareTrading."
FNV.TO,FFPPP,FFPPP,"[77.55019977711508, 108.80634671027062, 127.00685716110465]","[77.36266728832264, 108.54323036687454, 126.69972820353158]",0.5,0.5,fail,fail,False,False,"Existing publication repricing; observed valuation fields changed: bondYield, perShareTrading."
FOUR.LSE,FPPPP,FPPPP,"[4026.764706377464, 5625.049776016058, 6555.734040317104]","[4012.104376276456, 5604.570534599148, 6531.866436398443]",0.5,0.5,,,False,False,"Existing publication repricing; observed valuation fields changed: bondYield, perShareTrading."
FPH.AU,FPFPP,FPFPP,"[5.899604827074892, 8.184518816408087, 9.515028332857856]","[5.887942355672404, 8.16833947568319, 9.496218811020638]",0.5,0.5,fail,fail,False,False,Existing publication repricing; observed valuation fields changed: bondYield.
FRES.LSE,FFPPP,FFPPP,"[790.0228979077626, 1011.3082039184926, 1140.1630347227351]","[787.1466443108392, 1007.6263120811519, 1136.0120182922171]",0.5,0.5,fail,fail,False,False,"Existing publication repricing; observed valuation fields changed: bondYield, perShareTrading."
FRLOF.US,PFFFP,PFFFP,"[0.36941380178544775, 0.4171973629945885, 0.4808074184521709]",,0.5,0.5,fail,fail,False,False,"Comparable trading value is absent from the candidate index; see full dossier/price evidence. Existing publication behavior, not a selected rule correction."
FRW.AU,PPPPP,PPPPP,"[2.7176480261476916, 3.0923522925757623, 3.591163150631332]",,0.5,0.5,fail,fail,False,False,"Comparable trading value is absent from the candidate index; see full dossier/price evidence. Existing publication behavior, not a selected rule correction."
FSV.TO,FFPPP,FFPPP,"[45.18581515910992, 51.010562183428206, 58.76453597415517]","[45.076546473803404, 50.887208050125466, 58.62243112187059]",0.5,0.5,fail,fail,False,False,"Existing publication repricing; observed valuation fields changed: bondYield, perShareTrading."
FULT.US,PFPPF,PFPPF,"[17.92287895102522, 22.403598688781518, 29.871464918375352]","[17.92287895102522, 22.403598688781518, 29.871464918375352]",0.25,0.25,fail,unclear,False,False,Price verdict fail → unclear; before/after price metrics and reasons retained in JSON.
GCARSOA1.MX,PFPPP,PFPPP,"[37.810723417846496, 46.91047289061071, 51.028050506136495]","[38.136923715250106, 47.40431274041152, 51.63307072309145]",0.35,0.35,fail,fail,False,False,"Existing publication repricing; observed valuation fields changed: discountRate, bondYield, perShare, perShareTrading."
GCC.MX,PPFPP,PPFPP,"[70.18055912229505, 72.61172114465131, 75.54684820678736]","[70.29730139028533, 72.78040662478266, 75.78549944242032]",0.25,0.25,fail,fail,False,False,"Existing publication repricing; observed valuation fields changed: discountRate, bondYield, perShare, perShareTrading."
GENTERA.MX,FFFFP,FFFFP,"[32.7057095464351, 35.0345371243046, 37.84611643658293]","[32.98779896810357, 35.3723974420145, 38.258275836270336]",0.5,0.5,fail,fail,False,False,"Existing publication repricing; observed valuation fields changed: discountRate, bondYield, perShare, perShareTrading."
GFINBURO.MX,PFPPP,PFPPP,"[31.99120627341846, 36.23294669683645, 41.77145887917159]","[32.48946427149453, 36.873415731688105, 42.6250014018937]",0.25,0.25,fail,fail,False,False,"Existing publication repricing; observed valuation fields changed: discountRate, bondYield, perShare, perShareTrading."
GFNORTEO.MX,PPPFP,PPPFP,"[143.9350819810634, 163.01955320634363, 187.9384699300281]","[146.17684820856542, 165.90115642723572, 191.77873503076646]",0.25,0.25,fail,fail,False,False,"Existing publication repricing; observed valuation fields changed: discountRate, bondYield, perShare, perShareTrading."
GIGNF.US,PFFPP,PFFPP,"[0.24922261444991478, 0.2577412904984891, 0.2690814552363851]",,0.35,0.35,fail,fail,False,False,"Comparable trading value is absent from the candidate index; see full dossier/price evidence. Existing publication behavior, not a selected rule correction."
GIII.US,PFFFP,PFFFP,,"[18.53160122154399, 19.623820862622217, 21.077796878280854]",0.35,0.35,,fail,False,False,Comparable trading value became available under existing publication calculations. Price verdict None → fail; before/after price metrics and reasons retained in JSON.
GL9.IR,FFPFP,FFPFP,"[9.307326251508519, 10.439671347364166, 11.947062854440041]","[9.277550747638056, 10.406273305197178, 11.908842445414907]",0.5,0.5,fail,fail,False,False,Existing publication repricing; observed valuation fields changed: perShareTrading.
GLEN.LSE,FFPFP,FFPFP,"[63.31100372423817, 72.04020742503643, 83.66062912357852]","[63.080505971997155, 71.77792907047466, 83.3560440462664]",0.5,0.5,fail,fail,False,False,"Existing publication repricing; observed valuation fields changed: bondYield, perShareTrading."
GM.US,FFFFP,FFFFP,"[38.35189115924982, 40.662792636755356, 43.73909267428827]",,0.5,0.5,fail,fail,False,False,"Comparable trading value is absent from the candidate index; see full dossier/price evidence. Existing publication behavior, not a selected rule correction."
GMAB.CO,PFPPP,PFPPP,"[939.15210282602, 1047.7507811397918, 1192.3186571070962]","[938.5272511275331, 1047.0536748316483, 1191.5253645873975]",0.5,0.5,fail,fail,False,False,"Existing publication repricing; observed valuation fields changed: bondYield, perShareTrading."
GMEXICOB.MX,PPPPP,PPPPP,"[91.57817955793934, 97.18751196894704, 103.95962473176034]","[92.02495443292385, 97.75413354304726, 104.68767576896778]",0.5,0.5,fail,fail,False,False,"Existing publication repricing; observed valuation fields changed: discountRate, bondYield, perShare, perShareTrading."
GNE.AU,PFPFP,PFPFP,"[0.5263794027272557, 0.591456471688449, 0.6780878541323041]","[0.5253388440947533, 0.5902872672435637, 0.6767473948237586]",0.5,0.5,fail,fail,False,False,Existing publication repricing; observed valuation fields changed: bondYield.
GOOS.US,FFPFP,FFPFP,"[7.975045416268418, 9.423506508009543, 10.773421911234797]","[7.994377481301436, 9.446349743520189, 10.7995374356168]",0.5,0.5,,,False,False,"Existing publication repricing; observed valuation fields changed: bondYield, perShareTrading."
GPOR.US,FFFPP,FFFPP,"[130.46993921419997, 148.0600815690716, 171.4762921315885]",,0.5,0.5,fail,fail,False,False,"Comparable trading value is absent from the candidate index; see full dossier/price evidence. Existing publication behavior, not a selected rule correction."
GRASIM.NSE,PFPPF,PFPPF,"[676.2837232921366, 803.5831898559742, 911.4806387284474]","[674.8921909483047, 801.6920316107016, 909.0309648241891]",0.5,0.5,fail,fail,False,False,"Existing publication repricing; observed valuation fields changed: discountRate, bondYield, perShare, perShareTrading."
GRBK.US,PFPPP,PFPPP,"[89.24185546080274, 126.580864358569, 148.32343624757854]",,0.35,0.35,pass,pass,False,False,"Comparable trading value is absent from the candidate index; see full dossier/price evidence. Existing publication behavior, not a selected rule correction."
GRUMAB.MX,PPPFP,PPPFP,"[203.34322300040705, 219.96563314709832, 240.0337674017597]","[204.83876155645163, 221.8163193109972, 242.36282541972486]",0.35,0.35,fail,fail,False,False,"Existing publication repricing; observed valuation fields changed: discountRate, bondYield, perShare, perShareTrading."
GTK.AU,FFPFP,FFPFP,"[1.1826862601960566, 1.2674121630716655, 1.3802003112178998]","[1.1803482994186922, 1.2649067142254726, 1.377471900225792]",0.5,0.5,fail,fail,False,False,Existing publication repricing; observed valuation fields changed: bondYield.
GTX.US,PPPFP,PPPFP,"[17.047582461410858, 19.34192459688362, 22.396180637728317]",,0.35,0.35,fail,fail,False,False,"Comparable trading value is absent from the candidate index; see full dossier/price evidence. Existing publication behavior, not a selected rule correction."
HBR.LSE,FFPFP,FFPFP,"[469.74133168914625, 524.4838364036196, 597.3577217453532]","[468.0311341765518, 522.5743366600309, 595.1829084578266]",0.5,0.5,,,False,False,"Existing publication repricing; observed valuation fields changed: bondYield, perShareTrading."
HEINY.US,PFPFP,PFPFP,"[26.941428678801987, 30.069938393389762, 34.2346484193651]","[27.027894884778352, 30.166445283125167, 34.344521588937816]",0.5,0.5,fail,fail,False,False,"Existing publication repricing; observed valuation fields changed: bondYield, perShareTrading."
HEXA-B.ST,PPPPP,PPPPP,"[42.4933289603806, 47.15817568283537, 53.36807614248772]","[42.58699251929816, 47.262121470905576, 53.485709758548936]",0.25,0.25,fail,fail,False,False,"Existing publication repricing; observed valuation fields changed: bondYield, perShareTrading."
HGH.AU,PFPFP,PFPFP,"[1.0066116290635174, 1.1866067711866413, 1.4449895373162527]","[1.0046217365738561, 1.1842610602550458, 1.4421330495260016]",0.35,0.35,,,False,False,Existing publication repricing; observed valuation fields changed: bondYield.
HIK.LSE,PFPFP,PFPFP,"[1551.4881811878695, 1929.7643428793353, 2239.2891596353293]","[1545.8396443245153, 1922.7386077428973, 2231.136530746964]",0.5,0.5,,,False,False,"Existing publication repricing; observed valuation fields changed: bondYield, perShareTrading."
HINDALCO.NSE,PFPPP,PFPPP,"[576.6987677270581, 786.9741245557234, 895.692683776425]","[575.527524929369, 785.0713837517281, 893.2212280984959]",0.5,0.5,fail,fail,False,False,"Existing publication repricing; observed valuation fields changed: discountRate, bondYield, perShare, perShareTrading."
HOC.LSE,FFFPP,FFFPP,"[190.46455281607348, 254.0907442765428, 291.1403897462676]","[189.7711243640951, 253.165670561457, 290.0804285787684]",0.5,0.5,fail,fail,False,False,"Existing publication repricing; observed valuation fields changed: bondYield, perShareTrading."
HSBA.LSE,PFPPP,PFPPP,"[464.6051553973438, 532.2232885385295, 622.8759879157312]","[462.91365727380867, 530.285611602735, 620.6082697199365]",0.5,0.5,fail,fail,False,False,"Existing publication repricing; observed valuation fields changed: bondYield, perShareTrading."
HSX.LSE,PFPPP,PFPPP,"[638.8367787424374, 798.5459734280469, 1064.7279645707288]","[636.5109517473325, 795.6386896841656, 1060.8515862455538]",0.5,0.5,fail,fail,False,False,"Existing publication repricing; observed valuation fields changed: bondYield, perShareTrading."
HYPE3.SA,PFFFP,PFFFP,"[12.380012009870939, 14.721340661268142, 15.739079296092784]","[12.434217119662838, 14.795405230202856, 15.825165054320157]",0.5,0.5,fail,fail,False,False,"Existing publication repricing; observed valuation fields changed: discountRate, bondYield, perShare, perShareTrading."
IDT.US,PFPPP,PFPPP,,"[40.91824672263202, 44.44064119881384, 49.129695390332486]",0.5,0.5,,fail,False,False,Comparable trading value became available under existing publication calculations. Price verdict None → fail; before/after price metrics and reasons retained in JSON.
IFCN.SW,PPPPP,PPPPP,"[48.3577297797262, 68.70883459034377, 80.05939910566342]","[48.51491859964696, 68.93217552625171, 80.31963552549345]",0.15,0.15,fail,fail,False,False,"Existing publication repricing; observed valuation fields changed: bondYield, perShareTrading."
IFT.AU,FFFFP,FFFFP,"[3.9514347910475243, 4.467923670201626, 5.1554799220770535]","[3.943623505952987, 4.459091378283853, 5.145288453509296]",0.5,0.5,fail,fail,False,False,Existing publication repricing; observed valuation fields changed: bondYield.
INPST.AS,FFFPP,FFFPP,"[1.994376365409676, 2.2504041129304753, 2.5912313515533376]","[1.9953775684827049, 2.2515338452881686, 2.5925321836515813]",0.5,0.5,fail,fail,False,False,"Existing publication repricing; observed valuation fields changed: bondYield, perShareTrading."
ISAE3.SA,PFPPF,PFPPF,"[28.026476721482105, 34.53250703518481, 37.13885956032935]","[28.161443898054117, 34.72213220212419, 37.35938130441326]",0.5,0.5,fail,fail,False,False,"Existing publication repricing; observed valuation fields changed: discountRate, bondYield, perShare, perShareTrading."
ITSA3.SA,FFFFP,FFFFP,"[7.607413007589419, 8.08743743719537, 8.640236981296791]","[7.642574039056528, 8.127736984235291, 8.686905374539014]",0.5,0.5,fail,fail,False,False,"Existing publication repricing; observed valuation fields changed: discountRate, bondYield, perShare, perShareTrading."
ITUB.US,PPPFP,PPPFP,"[9.962563914720288, 12.453204893400358, 16.604273191200473]","[9.995435444909337, 12.494294306136668, 16.659059074848887]",0.25,0.25,,,False,False,"Existing publication repricing; observed valuation fields changed: bondYield, perShareTrading."
JSWSTEEL.NSE,FFPPP,FFPPP,"[514.2776661808828, 656.5353058379192, 730.0866998524475]","[513.4852849985253, 655.2480441267141, 728.4146853255829]",0.5,0.5,fail,fail,False,False,"Existing publication repricing; observed valuation fields changed: discountRate, bondYield, perShare, perShareTrading."
JUP.LSE,PFFFP,PFFFP,"[186.6240910721213, 201.40970336385058, 221.09248953658357]","[186.6240910721213, 201.4097033638506, 221.0924895365836]",0.35,0.35,,,False,False,"Existing publication repricing; observed valuation fields changed: bondYield, perShare, perShareTrading."
K.TO,FFPPP,FFPPP,"[9.44994518096061, 11.860362908735699, 13.388554761234062]","[9.427093250935528, 11.831682088046012, 13.356178455268063]",0.5,0.5,fail,fail,False,False,"Existing publication repricing; observed valuation fields changed: bondYield, perShareTrading."
KARO.US,PPPPP,PPPPP,"[4.555452507286393, 4.917030470083856, 5.398367433754672]","[4.570607039912097, 4.933387856877215, 5.416326074585525]",0.25,0.25,fail,fail,False,False,"Existing publication repricing; observed valuation fields changed: bondYield, perShareTrading."
KEP1.F,PFFFP,PFFPP,"[3.200278639869167, 3.5181478312666266, 3.941299149029467]","[3.1900404783979783, 3.5068927595590287, 3.9286903540978875]",0.5,0.5,fail,fail,False,False,management: potential debt-funded buybacks (informational); ROIC first 3 years vs last 3 years: 3.8% vs 4.6%; Per-share earnings: 0.25 to 0.53 (three-year endpoint medians) Existing publication repricing; observed valuation fields changed: bondYield.
KIMBERA.MX,PPPFP,PPPFP,"[27.741878024405672, 34.13864500248418, 37.20065887397227]","[27.99033044083127, 34.50595291725639, 37.650480798562704]",0.25,0.25,fail,fail,False,False,"Existing publication repricing; observed valuation fields changed: discountRate, bondYield, perShare, perShareTrading."
KLBN3.SA,FFPFP,FFPFP,"[2.2173633197636593, 2.3923984414855486, 2.4584915550493047]","[2.2207092467274943, 2.3972060699556774, 2.4640849038433297]",0.5,0.5,fail,fail,False,False,"Existing publication repricing; observed valuation fields changed: discountRate, bondYield, perShare, perShareTrading."
KN.US,PFFFF,PFFFF,"[2.90346546702871, 3.2459750846275526, 3.7019280362055946]",,0.5,0.5,fail,fail,False,False,"Comparable trading value is absent from the candidate index; see full dossier/price evidence. Existing publication behavior, not a selected rule correction."
KSPI.US,PFFPP,PFFPP,"[89.85070660176162, 98.31787436061907, 109.5894706393524]",,0.35,0.35,,,False,False,"Comparable trading value is absent from the candidate index; see full dossier/price evidence. Existing publication behavior, not a selected rule correction."
KWIPF.US,FFFFP,FFFFP,"[0.21473604786000253, 0.24410905465117175, 0.2832107570706391]","[0.2147360478600025, 0.24410905465117175, 0.2832107570706391]",0.5,0.5,fail,fail,False,False,"Existing publication repricing; observed valuation fields changed: bondYield, perShare."
LABB.MX,PFPFP,PFPFP,"[15.339252329724737, 19.892170693309613, 21.868688210036524]","[15.492879353558308, 20.129189739822554, 22.15915929628053]",0.35,0.35,pass,pass,False,False,"Existing publication repricing; observed valuation fields changed: discountRate, bondYield, perShare, perShareTrading."
LGND.US,FFFFP,FFFFP,,"[71.5101312251353, 72.18463922598586, 73.08255244666226]",0.5,0.5,,fail,False,False,Comparable trading value became available under existing publication calculations. Price verdict None → fail; before/after price metrics and reasons retained in JSON.
LIVEPOLC-1.MX,FFPFP,FFPFP,"[111.6742429999865, 145.7633213377341, 160.56210644280722]","[112.82449504319118, 147.53795470448657, 162.736951415434]",0.5,0.5,,,False,False,"Existing publication repricing; observed valuation fields changed: discountRate, bondYield, perShare, perShareTrading."
LNW.AU,FFPPF,FFPPF,"[54.13129534165553, 61.12026091092765, 70.42405653023556]","[54.02428738054524, 60.99943700561876, 70.28484067266459]",0.5,0.5,fail,fail,False,False,"Existing publication repricing; observed valuation fields changed: bondYield, perShareTrading."
LRE.LSE,FFPFP,FFPFP,"[274.55632125107525, 302.01195337618276, 335.5688370846475]","[273.5567380634894, 300.9124118698383, 334.34712429982034]",0.5,0.5,fail,fail,False,False,"Existing publication repricing; observed valuation fields changed: bondYield, perShareTrading."
LREN3.SA,PFFFP,PFFFP,"[6.695115023368812, 8.18176908489838, 8.717353483053392]","[6.721703739672603, 8.220720895944332, 8.762687733386224]",0.35,0.35,fail,fail,False,False,"Existing publication repricing; observed valuation fields changed: discountRate, bondYield, perShare, perShareTrading."
LTOD.LSE,PFPPP,PFPPP,"[13.404161234149022, 14.51660785285887, 15.997510266138962]","[13.404161234149022, 14.516607852858872, 15.997510266138962]",0.35,0.35,fail,fail,False,False,Existing publication repricing; observed valuation fields changed: bondYield.
M2L.F,PFPFP,PFPFP,"[0.5563951127932948, 0.6303231282007211, 0.7287369977604443]",,0.5,0.5,fail,fail,False,False,"Comparable trading value is absent from the candidate index; see full dossier/price evidence. Existing publication behavior, not a selected rule correction."
MAERSK-B.CO,FFFFP,FFFFP,"[17188.001679356134, 18451.19409623254, 20132.77114193282]","[17176.565883162286, 18438.917852655537, 20119.376084619493]",0.5,0.5,fail,fail,False,False,"Existing publication repricing; observed valuation fields changed: bondYield, perShareTrading."
MAPGF.US,PFPFP,PFPFP,"[0.5202878418428375, 0.5854783966492781, 0.6722608528249182]",,0.5,0.5,fail,fail,False,False,"Comparable trading value is absent from the candidate index; see full dossier/price evidence. Existing publication behavior, not a selected rule correction."
MARUTI.NSE,FFPPP,FFPPP,"[4386.1958830308595, 6110.624175654363, 7002.204445834096]","[4376.590743140348, 6095.020159447117, 6981.936506883654]",0.5,0.5,fail,fail,False,False,"Existing publication repricing; observed valuation fields changed: discountRate, bondYield, perShare, perShareTrading."
MAU.PA,FFPPP,FFPPP,"[11.903950247403777, 13.282154929427358, 15.116837695571826]","[11.86586776194154, 13.239663364737106, 15.068476711208492]",0.5,0.5,,,False,False,"Existing publication repricing; observed valuation fields changed: bondYield, perShareTrading."
MAXHEALTH.NSE,FPPPP,FPPPP,"[98.14859817772094, 108.99957275053968, 122.8324558354282]","[97.95535283242093, 108.75694352267203, 122.51859355008874]",0.5,0.5,fail,fail,False,False,"Existing publication repricing; observed valuation fields changed: discountRate, bondYield, perShare, perShareTrading."
MBRF3.SA,FFPFP,FFPFP,"[17.565956175827818, 17.805588309808478, 18.081550378083428]","[17.58350885124132, 17.825706174358743, 18.10484762291587]",0.5,0.5,,,False,False,"Existing publication repricing; observed valuation fields changed: discountRate, bondYield, perShare, perShareTrading."
MCY.AU,PFPPP,PFPPP,"[0.14868378387560352, 0.1682115090398798, 0.1942070533071503]","[0.1483898624303052, 0.16787898474863508, 0.19382314043980675]",0.5,0.5,fail,fail,False,False,Existing publication repricing; observed valuation fields changed: bondYield.
MEZ.AU,PFPFP,PFPFP,"[1.5283903857499386, 1.7208439114593646, 1.9770403759673731]","[1.5253690292882576, 1.717442108543102, 1.9731321181226327]",0.5,0.5,fail,fail,False,False,Existing publication repricing; observed valuation fields changed: bondYield.
MG.TO,PFFFP,PFFFP,"[36.01945033236687, 40.54262732115278, 46.56393531537764]","[35.93234782089458, 40.444586828342025, 46.45133404932339]",0.5,0.5,fail,fail,False,False,"Existing publication repricing; observed valuation fields changed: bondYield, perShareTrading."
MHID.LSE,PFPPP,PFPPP,"[15.196102361341882, 19.94852503044856, 22.71586927927227]","[15.196102361341882, 19.948525030448565, 22.715869279272273]",0.5,0.5,fail,fail,False,False,Existing publication repricing; observed valuation fields changed: bondYield.
MKL.US,PFPPP,PFPPP,"[674.6596957108792, 843.3246196385988, 1124.4328261847982]",,0.5,0.5,fail,fail,False,False,"Comparable trading value is absent from the candidate index; see full dossier/price evidence. Existing publication behavior, not a selected rule correction."
MNDI.LSE,PFFFP,PFFFP,"[98.84076271940013, 112.02642793102282, 129.5793451714396]","[98.79697704083918, 111.97680110673734, 129.52194254321503]",0.5,0.5,fail,fail,False,False,"Existing publication repricing; observed valuation fields changed: bondYield, perShareTrading."
MOWI.OL,FFPPP,FFPPP,"[56.761736624841284, 72.2794922394599, 83.99847809528228]","[56.75326030361785, 72.26869862688709, 83.98593446774458]",0.5,0.5,fail,fail,False,False,"Existing publication repricing; observed valuation fields changed: bondYield, perShareTrading."
MULT3.SA,PFPFP,PFPFP,"[14.623936903868792, 15.559347340375412, 16.636572645914658]","[14.692454241246125, 15.63787796207435, 16.727514063478772]",0.35,0.35,fail,fail,False,False,"Existing publication repricing; observed valuation fields changed: discountRate, bondYield, perShare, perShareTrading."
NESR.US,FFPPP,FFPPP,,"[4.689908902185557, 5.138134142160283, 5.734817010720243]",0.5,0.5,,fail,False,False,Comparable trading value became available under existing publication calculations. Price verdict None → fail; before/after price metrics and reasons retained in JSON.
NIC.AU,FFPPP,FFPPP,"[0.2640497442918941, 0.28574046010503806, 0.31461540372319624]","[0.2635277648234548, 0.2851756019421294, 0.31399346492284386]",0.5,0.5,fail,fail,False,False,"Existing publication repricing; observed valuation fields changed: bondYield, perShareTrading."
NK7.F,PFPPP,PFPPP,"[12.528431093250434, 14.218203111924359, 16.467648090461406]",,0.5,0.5,fail,fail,False,False,"Comparable trading value is absent from the candidate index; see full dossier/price evidence. Existing publication behavior, not a selected rule correction."
NOMD.US,PFPFP,PFPFP,"[14.112779583387038, 15.838156628524194, 18.13499944955319]","[14.158073339739175, 15.888987834606647, 18.19320217578872]",0.5,0.5,,,False,False,"Existing publication repricing; observed valuation fields changed: bondYield, perShareTrading."
NOVN.SW,PPPPP,PPPPP,"[71.13918510247305, 80.54907266869623, 93.0756289736409]","[71.37042599420471, 80.81090079289018, 93.378175192175]",0.35,0.35,fail,fail,False,False,"Existing publication repricing; observed valuation fields changed: bondYield, perShareTrading."
NSIS-B.CO,PFPFP,PFPFP,"[84.36713427079955, 95.49700225388834, 110.31321732294053]","[84.58159071283363, 95.73975018535836, 110.59362722782689]",0.5,0.5,fail,fail,False,False,"Existing publication repricing; observed valuation fields changed: bondYield, perShareTrading."
NSRGY.US,PPFPP,PPFPP,"[41.01241226715399, 46.38387826711026, 53.53443886786296]","[40.879531642544954, 46.233594039111814, 53.360986752232265]",0.5,0.5,fail,fail,False,False,"Existing publication repricing; observed valuation fields changed: bondYield, perShareTrading."
NTPC.NSE,PFFPP,PFFPP,"[33.810627639902144, 45.37748935305348, 51.35789789509465]","[33.746199721777465, 45.27282307124226, 51.221947651148184]",0.5,0.5,fail,fail,False,False,"Existing publication repricing; observed valuation fields changed: discountRate, bondYield, perShare, perShareTrading."
NTR.TO,FFPFP,FFPFP,"[72.5681813445045, 82.4262010129038, 95.54931620024281]","[72.3926964109545, 82.22687734046862, 95.31825810985816]",0.5,0.5,fail,fail,False,False,"Existing publication repricing; observed valuation fields changed: bondYield, perShareTrading."
OCA.AU,FFFFP,FFFFP,"[0.023295198110936773, 0.02477463539576049, 0.026744080228927287]",,0.5,0.5,fail,fail,False,False,"Comparable trading value is absent from the candidate index; see full dossier/price evidence. Existing publication behavior, not a selected rule correction."
OCBA.F,PPPPP,PPPPP,"[18.851783127968908, 20.480395425152732, 22.648423841648114]","[18.791473504525655, 20.414875631737154, 22.57596820685745]",0.35,0.35,fail,fail,False,False,Existing publication repricing; observed valuation fields changed: bondYield.
OMAB.MX,PPPPP,PPPPP,"[72.63506334152093, 78.70658255817642, 86.03669062880732]","[73.37050265044657, 79.58742295658739, 87.11123721152022]",0.35,0.35,fail,fail,False,False,"Existing publication repricing; observed valuation fields changed: discountRate, bondYield, perShare, perShareTrading."
ONON.US,FFFPP,FFFPP,"[6.966789544063308, 7.281236738839213, 7.699832653250682]","[6.944217076486796, 7.257645459216821, 7.6748851186925044]",0.5,0.5,fail,fail,False,False,"Existing publication repricing; observed valuation fields changed: bondYield, perShareTrading."
OPM.PA,FFFFP,FFFFP,"[21.784835070410825, 24.37692349510733, 27.631145798507116]","[21.784835070410825, 24.37692349510733, 27.631145798507116]",0.5,0.5,pass,unclear,False,False,Price verdict pass → unclear; before/after price metrics and reasons retained in JSON.
OTEX.TO,PPPFP,PPPFP,"[53.358568318353086, 60.044551507904856, 68.94501331347021]","[53.22953621857898, 59.89935131222429, 68.77828995268374]",0.5,0.5,,,False,False,"Existing publication repricing; observed valuation fields changed: bondYield, perShareTrading."
PAF.LSE,FPFPP,FPFPP,"[16.705252172716254, 17.915188448555178, 19.52587027424405]","[16.64443299674485, 17.849964231192388, 19.4547820124252]",0.5,0.5,fail,fail,False,False,"Existing publication repricing; observed valuation fields changed: bondYield, perShareTrading."
PE&OLES.MX,FFFPP,FFFPP,"[287.7480681515479, 299.4758356189945, 313.63469765928744]","[288.4393422436315, 300.41768038794015, 314.91405268203823]",0.5,0.5,fail,fail,False,False,"Existing publication repricing; observed valuation fields changed: discountRate, bondYield, perShare, perShareTrading."
PETR3.SA,PFFFP,PFFFP,"[384.9886656197073, 409.23691750063443, 437.16137667042415]","[385.4928760791198, 409.92010037351065, 438.0733874784227]",0.5,0.5,pass,pass,False,False,"Existing publication repricing; observed valuation fields changed: discountRate, bondYield, perShare, perShareTrading."
PINE.LSE,FFFPF,FFFPF,"[330.94461017061303, 372.64193545000296, 428.1499199186757]","[330.94461017061303, 372.641935450003, 428.1499199186757]",0.5,0.5,fail,fail,False,False,"Existing publication repricing; observed valuation fields changed: bondYield, perShareTrading."
PKF1.F,PFPPP,PFPPP,"[0.8380364594601413, 0.9535833712606043, 1.1074008198055207]","[0.8353554577236652, 0.9505327179801119, 1.1038580819122479]",0.35,0.35,fail,fail,False,False,Existing publication repricing; observed valuation fields changed: bondYield.
PKOH.US,FFFFP,FFFFP,,"[4.842953216524317, 5.360647227254741, 6.049807764881669]",0.5,0.5,,fail,False,False,Comparable trading value became available under existing publication calculations. Price verdict None → fail; before/after price metrics and reasons retained in JSON.
PLUS.LSE,PPPPP,PPPPP,"[3007.5530263087644, 3422.2288561527084, 3974.2503435810345]","[2996.603362403113, 3409.7694729081563, 3959.7812036661385]",0.25,0.25,,,False,False,"Existing publication repricing; observed valuation fields changed: bondYield, perShareTrading."
POMO3.SA,FFPFP,FFPFP,"[5.754397330266382, 7.084758029391833, 7.573678941121863]","[5.778875790420843, 7.1203187596483, 7.615059982709814]",0.5,0.5,,,False,False,"Existing publication repricing; observed valuation fields changed: discountRate, bondYield, perShare, perShareTrading."
POWL.US,FFPPP,FFPPP,"[34.16669867034887, 39.576871236017105, 43.45461640885306]","[34.1675567849317, 39.57786522992556, 43.45570779436828]",0.5,0.5,fail,fail,False,False,"Existing publication repricing; observed valuation fields changed: bondYield, shares, perShare, perShareTrading."
PRU.AU,FFPPP,FFPPP,"[4.386289687006948, 4.860900153100483, 5.492707354259522]","[4.3776187709816945, 4.851291016440055, 5.481849246925399]",0.5,0.5,fail,fail,False,False,"Existing publication repricing; observed valuation fields changed: bondYield, perShareTrading."
PRU.LSE,PPPFP,PPPFP,"[1501.1855315919938, 1876.481914489992, 2501.9758859866556]","[1495.7201326822587, 1869.6501658528232, 2492.866887803764]",0.5,0.5,pass,pass,False,False,"Existing publication repricing; observed valuation fields changed: bondYield, perShareTrading."
PRX.AS,FFPPP,FFPPP,"[57.92299306251704, 65.18398054951736, 74.84989504055679]","[57.73768889916054, 64.97544742059327, 74.61043923130946]",0.5,0.5,,,False,False,"Existing publication repricing; observed valuation fields changed: bondYield, perShareTrading."
PSSA3.SA,PPPFP,PPPFP,"[29.869355298866722, 32.587222023058416, 35.84920620955076]","[30.06494039904399, 32.820158544117675, 36.13131255381477]",0.25,0.25,fail,fail,False,False,"Existing publication repricing; observed valuation fields changed: discountRate, bondYield, perShare, perShareTrading."
PTEC.LSE,FFFFF,FFFFF,"[302.3348722403235, 330.936481835612, 369.01129096441343]","[302.2009402757224, 330.78987958347363, 368.8478218720371]",0.5,0.5,fail,fail,False,False,"Existing publication repricing; observed valuation fields changed: bondYield, perShareTrading."
Q.MX,PPPPP,PPPPP,"[114.34522528611963, 129.50635300902067, 149.30249379303484]","[116.12613415694138, 131.79556259533584, 152.35328566433222]",0.5,0.5,fail,fail,False,False,"Existing publication repricing; observed valuation fields changed: discountRate, bondYield, perShare, perShareTrading."
QSR.TO,PPPPP,PPPPP,"[31.482472571469444, 35.33350669093126, 40.46004995621532]","[31.406341414468738, 35.24806293364167, 40.36220915262277]",0.5,0.5,fail,fail,False,False,"Existing publication repricing; observed valuation fields changed: bondYield, perShareTrading."
RADL3.SA,PFFPP,PFFPP,"[1.1500970951502114, 1.491395686857155, 1.614352469851072]","[1.1562011994368822, 1.5003380484989348, 1.6247600799300204]",0.5,0.5,fail,fail,False,False,"Existing publication repricing; observed valuation fields changed: discountRate, bondYield, perShare, perShareTrading."
RDOR3.SA,PFPPP,PFPPP,"[27.942487572010087, 30.47543631599174, 31.387960529733256]","[27.987789204251605, 30.541802085552913, 31.46520064591856]",0.35,0.35,fail,fail,False,False,"Existing publication repricing; observed valuation fields changed: discountRate, bondYield, perShare, perShareTrading."
RH.US,FFFPP,FFFPP,"[29.16043532852677, 32.7873119509002, 37.615454040963805]",,0.5,0.5,fail,fail,False,False,"Comparable trading value is absent from the candidate index; see full dossier/price evidence. Existing publication behavior, not a selected rule correction."
RHIM.LSE,PFPFP,PFPFP,"[3317.6045914449514, 3701.3444585102047, 4212.1836175772505]","[3316.134918769056, 3699.7047920988502, 4210.317653446212]",0.5,0.5,,,False,False,"Existing publication repricing; observed valuation fields changed: bondYield, perShareTrading."
RIO.AU,PFPPP,PFPPP,"[119.26688363689966, 157.4592432774939, 183.17008915895062]","[119.03111418107173, 157.1479743068412, 182.80799441036612]",0.5,0.5,fail,fail,False,False,"Existing publication repricing; observed valuation fields changed: bondYield, perShareTrading."
RTHA.F,PFFFP,PFFFP,"[4.148148451848029, 4.495590432967959, 4.958109406608276]","[4.134877915611779, 4.481208378796906, 4.942247686299212]",0.5,0.5,,,False,False,"Existing publication repricing; observed valuation fields changed: bondYield, perShareTrading."
RTO.LSE,PPPPP,PPPPP,"[265.8880877796074, 295.40327587261083, 334.6942517632437]","[264.9200632186985, 294.32779472260654, 333.47572310027317]",0.35,0.35,fail,fail,False,False,"Existing publication repricing; observed valuation fields changed: bondYield, perShareTrading."
RWC.AU,PFPFP,PFPFP,"[1.5634139652462267, 2.2318660232032888, 2.6211068561424105]","[1.5603233733855215, 2.22745402029246, 2.6159253932057167]",0.5,0.5,fail,fail,False,False,"Existing publication repricing; observed valuation fields changed: bondYield, perShareTrading."
S05.F,PFFFP,PFFFP,"[0.6241640620474683, 0.6883711693373923, 0.7738444482670864]","[0.6221672695269219, 0.686168968848976, 0.7713688062038485]",0.5,0.5,fail,fail,False,False,Existing publication repricing; observed valuation fields changed: bondYield.
SCRPF.US,PFFPP,PFFPP,"[2.9390388429381966, 3.2519580203526885, 3.6685198195446094]",,0.5,0.5,fail,fail,False,False,"Comparable trading value is absent from the candidate index; see full dossier/price evidence. Existing publication behavior, not a selected rule correction."
SDZ.SW,FFPUP,FFPUP,"[19.2582704940264, 21.645793392724567, 24.824092794222228]","[19.320870306434056, 21.716153948010138, 24.904784544428487]",0.5,0.5,fail,fail,False,False,"Existing publication repricing; observed valuation fields changed: bondYield, perShareTrading."
SFR.AU,FFPPP,FFPPP,"[6.0167714064358035, 6.711509623598484, 7.636353553267051]","[6.00487731750618, 6.698242160548498, 7.621257837953111]",0.5,0.5,fail,fail,False,False,"Existing publication repricing; observed valuation fields changed: bondYield, perShareTrading."
SHEL.LSE,FFPFP,FFPFP,"[2620.6842456541403, 2935.103062406127, 3353.6611996484266]","[2611.1430633568607, 2924.4171686643836, 3341.4514521665533]",0.5,0.5,fail,fail,False,False,"Existing publication repricing; observed valuation fields changed: bondYield, perShareTrading."
SHOP.TO,FFFPP,FFFPP,"[16.805268710479602, 21.78342283763292, 24.682210919570355]","[16.76463008059651, 21.730745997200522, 24.622524207531566]",0.5,0.5,fail,fail,False,False,"Existing publication repricing; observed valuation fields changed: bondYield, perShareTrading."
SIA1.F,FFFPP,FFFPP,"[3.4679829304055296, 4.189110753773035, 4.609024779441537]","[3.4568883435847173, 4.175709173115804, 4.594279832133274]",0.5,0.5,fail,fail,False,False,Existing publication repricing; observed valuation fields changed: bondYield.
SIT4.F,PFFPP,PFFPP,"[0.9552041370518017, 1.0670187078291304, 1.215867618796258]","[0.9521482987034622, 1.0636051582439667, 1.2119778796798746]",0.35,0.35,fail,fail,False,False,Existing publication repricing; observed valuation fields changed: bondYield.
SJX.F,PPFPP,PPFPP,"[0.7518059078620082, 0.8453160414729218, 0.9697978639725457]","[0.7494007703268591, 0.8426117512842588, 0.9666953381480534]",0.5,0.5,fail,fail,False,False,Existing publication repricing; observed valuation fields changed: bondYield.
SKT.AU,FFFFP,FFFFP,"[3.1470595287591054, 3.530604043326185, 4.041183146781464]","[3.140838350759582, 3.5236246659109667, 4.0331944451204205]",0.5,0.5,,,False,False,Existing publication repricing; observed valuation fields changed: bondYield.
SNZ.AU,FFFFP,FFFPP,"[7.566203030398232, 8.609417062853348, 9.998156218734934]","[7.551245990214374, 8.59239777372625, 9.978391638835705]",0.5,0.5,,,False,False,management: ROIC first 3 years vs last 3 years: 1.3% vs 0.3%; Per-share earnings: 0.66 to 1.44 (three-year endpoint medians) Existing publication repricing; observed valuation fields changed: bondYield.
SOU.F,PPPPP,PPPPP,"[5.640386188696552, 6.220090341229251, 6.991799530718081]","[5.622341764739112, 6.200191358532703, 6.9694317369647845]",0.25,0.25,fail,fail,False,False,Existing publication repricing; observed valuation fields changed: bondYield.
SPK.AU,FFFFP,FFFPP,"[2.056153534150157, 2.3347133792905512, 2.7055356191835145]","[2.052088883636431, 2.330098065414947, 2.7001872555706954]",0.5,0.5,,,False,False,management: ROIC first 3 years vs last 3 years: 15.6% vs 10.0%; Per-share earnings: -0.00 to 0.17 (three-year endpoint medians) Existing publication repricing; observed valuation fields changed: bondYield.
SRE.LSE,FFPFP,FFPFP,"[98.50443898166003, 123.00569658332506, 140.26312453922236]","[98.4608022918631, 122.9512060295942, 140.2009890809756]",0.5,0.5,,,False,False,"Existing publication repricing; observed valuation fields changed: bondYield, perShareTrading."
SSL.US,PFFFP,PFFFP,"[15.05413179426429, 16.57480972491585, 18.599154605333915]","[15.10421207302099, 16.62994881249042, 18.661028040481398]",0.5,0.5,,,False,False,"Existing publication repricing; observed valuation fields changed: bondYield, perShareTrading."
STAN.LSE,PFPPP,PFPPP,"[237.87478022177768, 277.9251898216735, 334.19236082540414]","[237.0087443207396, 276.9133415207986, 332.9756594077186]",0.5,0.5,fail,fail,False,False,"Existing publication repricing; observed valuation fields changed: bondYield, perShareTrading."
STO.AU,FFPFP,FFPFP,"[3.5697822740817, 3.963387827613141, 4.487360308001605]","[3.562725448259481, 3.955552913487304, 4.478489593301435]",0.5,0.5,fail,fail,False,False,"Existing publication repricing; observed valuation fields changed: bondYield, perShareTrading."
SUBC.OL,FFPPP,FFPPP,"[120.43000774566625, 133.04482745697308, 149.8378282530321]","[120.02680798757383, 132.59939327283362, 149.33617108937645]",0.5,0.5,fail,fail,False,False,"Existing publication repricing; observed valuation fields changed: bondYield, perShareTrading."
SUZB3.SA,FFFPP,FFFPP,"[51.29204169955033, 53.387991441280256, 55.8017020572981]","[51.44556670843986, 53.56395295490468, 56.005472117174605]",0.5,0.5,,,False,False,"Existing publication repricing; observed valuation fields changed: discountRate, bondYield, perShare, perShareTrading."
T6W.F,PPPPP,PPPPP,"[0.2808418395682819, 0.3129721232385917, 0.355744346036948]",,0.5,0.5,,,False,False,"Comparable trading value is absent from the candidate index; see full dossier/price evidence. Existing publication behavior, not a selected rule correction."
TAC.US,FFFPP,FFFPP,"[6.598548709045063, 7.429882388189148, 8.536563851352998]","[6.61454405027617, 7.447892940106902, 8.557257076145953]",0.5,0.5,fail,fail,False,False,"Existing publication repricing; observed valuation fields changed: bondYield, perShareTrading."
TATACONSUM.NSE,PPPFP,PPPFP,"[146.01841172725287, 159.5475246236461, 176.79451342471285]","[145.77747133284666, 159.24501186833942, 176.4031865200388]",0.25,0.25,fail,fail,False,False,"Existing publication repricing; observed valuation fields changed: discountRate, bondYield, perShare, perShareTrading."
TBCG.LSE,PPPFP,PPPFP,"[9786.404382611307, 12233.005478264133, 16310.67397101884]",,0.25,0.25,pass,pass,False,False,"Comparable trading value is absent from the candidate index; see full dossier/price evidence. Existing publication behavior, not a selected rule correction."
TEMN.SW,PPPFP,PPPFP,"[25.017078049917295, 28.169450926126885, 32.36592788189452]","[25.098397106755666, 28.261016902632882, 32.47113468197736]",0.35,0.35,fail,fail,False,False,"Existing publication repricing; observed valuation fields changed: bondYield, perShareTrading."
TGS.OL,FFPFP,FFPFP,"[112.22474540582927, 127.55763857542354, 147.96897168168238]","[111.84901687232976, 127.13057550385862, 147.47357145125778]",0.5,0.5,fail,fail,False,False,"Existing publication repricing; observed valuation fields changed: bondYield, perShareTrading."
THL.AU,FFPFP,FFPFP,"[3.0830190220497404, 3.4933809217656404, 4.039659653155253]","[3.076924440763046, 3.486475127853629, 4.031673963170646]",0.5,0.5,,,False,False,Existing publication repricing; observed valuation fields changed: bondYield.
TIMS3.SA,PFFPP,PFFPP,"[9.185976905160155, 9.699294718649755, 10.29043516020838]","[9.223576624423508, 9.742389349037914, 10.340340365236877]",0.35,0.35,fail,fail,False,False,"Existing publication repricing; observed valuation fields changed: discountRate, bondYield, perShare, perShareTrading."
TITAN.NSE,PFPPP,PFPPP,"[399.3740960988406, 555.6573162152117, 636.4603488562074]","[398.503591829003, 554.2431397544983, 634.6234857185246]",0.5,0.5,fail,fail,False,False,"Existing publication repricing; observed valuation fields changed: discountRate, bondYield, perShare, perShareTrading."
TOM.OL,PPFPP,PPFPP,"[19.107732298767786, 21.539043272106966, 24.77563388894757]","[19.10487891043885, 21.535826812208523, 24.771934103778122]",0.5,0.5,fail,fail,False,False,"Existing publication repricing; observed valuation fields changed: bondYield, perShareTrading."
TOTS3.SA,PPPPP,PPPPP,"[10.121611998504969, 10.584253425551065, 11.117034580384074]","[10.155499752483886, 10.623093615345502, 11.162012982973405]",0.35,0.35,fail,fail,False,False,"Existing publication repricing; observed valuation fields changed: discountRate, bondYield, perShare, perShareTrading."
TRA.AU,FFFFF,FFFFF,"[3.318470973309066, 4.40823481567325, 5.042806256750359]","[3.311910945313869, 4.399520518024482, 5.032837524016306]",0.5,0.5,fail,fail,False,False,"Existing publication repricing; observed valuation fields changed: bondYield, perShare."
TRENT.NSE,FFFPP,FFFPP,"[305.7458159520856, 425.94946153453367, 488.0982903744622]","[305.07627646696596, 424.861762126062, 486.68548581731864]",0.5,0.5,fail,fail,False,False,"Existing publication repricing; observed valuation fields changed: discountRate, bondYield, perShare, perShareTrading."
TRI.TO,PPFPP,PPFPP,"[65.78693283298037, 74.61412008254052, 86.36497866801518]","[65.62784636667017, 74.4336876442186, 86.15613021319922]",0.35,0.35,fail,fail,False,False,"Existing publication repricing; observed valuation fields changed: bondYield, perShareTrading."
TRN.LSE,FFFPP,FFFPP,"[49.62010954746342, 54.390141665337225, 60.74006619742421]","[49.620109547463414, 54.39014166533722, 60.740066197424206]",0.5,0.5,fail,fail,False,False,"Existing publication repricing; observed valuation fields changed: bondYield, perShare, perShareTrading."
TTE.PA,FFPFP,FFPFP,"[50.73009838103127, 56.17818630983922, 63.43074695035856]","[50.56780534435507, 55.998464039586466, 63.22782267325797]",0.5,0.5,fail,fail,False,False,"Existing publication repricing; observed valuation fields changed: bondYield, perShareTrading."
TTST.LSE,FFFPP,FFFPP,"[3.0712544718752874, 3.3950135724299613, 3.826005608604113]","[3.0712544718752874, 3.3950135724299613, 3.8260056086041137]",0.5,0.5,fail,fail,False,False,Existing publication repricing; observed valuation fields changed: bondYield.
TWR.AU,FFFFP,FFFFP,"[0.2861553734367891, 0.32382101869751856, 0.37290525130445773]","[0.28558969506388193, 0.3231808820306095, 0.3721680838234737]",0.5,0.5,fail,fail,False,False,Existing publication repricing; observed valuation fields changed: bondYield.
U1O.F,PFPFP,PFPPP,"[5.247331390336252, 5.850108341614162, 6.65253232026073]",,0.5,0.5,,,False,False,"management: ROIC first 3 years vs last 3 years: 2.5% vs 4.0%; Per-share earnings: 0.57 to 0.57 (three-year endpoint medians) Comparable trading value is absent from the candidate index; see full dossier/price evidence. Existing publication behavior, not a selected rule correction."
UGPA3.SA,PFFFP,PFFFP,"[18.08683103457543, 20.923609557660104, 22.13545117449208]","[18.151006816614846, 21.011795081422697, 22.23796115035519]",0.5,0.5,fail,fail,False,False,"Existing publication repricing; observed valuation fields changed: discountRate, bondYield, perShare, perShareTrading."
ULTRACEMCO.NSE,PFPPP,PFPPP,"[2720.9864900092043, 3790.7394632794985, 4343.833290963606]","[2715.0279198555445, 3781.0594766984022, 4331.260029409592]",0.35,0.35,fail,fail,False,False,"Existing publication repricing; observed valuation fields changed: discountRate, bondYield, perShare, perShareTrading."
ULVR.LSE,PPPFP,PPPFP,"[2529.1091143297676, 2851.4082509531936, 3280.45676545833]","[2527.9887389332325, 2850.1450995803466, 3279.0035489764505]",0.35,0.35,fail,fail,False,False,"Existing publication repricing; observed valuation fields changed: bondYield, perShareTrading."
VAMO3.SA,PFFPF,PFFPF,"[7.881172677868994, 8.179518416315897, 8.52309548870248]","[7.903026032095614, 8.204565470963871, 8.552100921312258]",0.5,0.5,,,False,False,"Existing publication repricing; observed valuation fields changed: discountRate, bondYield, perShare, perShareTrading."
VBBR3.SA,FFPFP,FFPFP,"[12.136096216302699, 14.72673643176157, 15.790868396697816]","[12.19169853601835, 14.80416365381991, 15.880895783225954]",0.5,0.5,fail,fail,False,False,"Existing publication repricing; observed valuation fields changed: discountRate, bondYield, perShare, perShareTrading."
VEM.F,PPPFP,PPPFP,"[8.599670853660498, 9.422392078600222, 10.517608538409313]",,0.25,0.25,fail,fail,False,False,"Comparable trading value is absent from the candidate index; see full dossier/price evidence. Existing publication behavior, not a selected rule correction."
VIVA3.SA,PFFPP,PFFPP,"[8.113177315719554, 8.563868533380628, 9.08288774216981]","[8.146189735731467, 8.601705465849928, 9.126704334991741]",0.35,0.35,fail,fail,False,False,"Existing publication repricing; observed valuation fields changed: discountRate, bondYield, perShare, perShareTrading."
VIVT3.SA,PFPPP,PFPPP,"[15.726916545216993, 16.642897001394463, 17.697746603520716]","[15.794010667216892, 16.719796415684016, 17.78679902146989]",0.25,0.25,fail,fail,False,False,"Existing publication repricing; observed valuation fields changed: discountRate, bondYield, perShare, perShareTrading."
VLX.LSE,PPPPP,PPPPP,"[152.32940197084525, 171.66539217715035, 197.4056965459896]","[151.77481299437864, 171.04040623937001, 196.68699732062882]",0.35,0.35,fail,fail,False,False,"Existing publication repricing; observed valuation fields changed: bondYield, perShareTrading."
VOD.LSE,FFPFP,FFPFP,"[160.29699319004905, 174.8404162995393, 194.20079729937137]","[160.22598288594983, 174.76296337367222, 194.11476787737098]",0.5,0.5,,,False,False,"Existing publication repricing; observed valuation fields changed: bondYield, perShareTrading."
VSL.AU,FFFFP,FFFFP,"[1.2579327771908717, 1.4256852556591233, 1.6489993868894923]","[1.2554460674077157, 1.4228669290066722, 1.6457396078439432]",0.5,0.5,fail,fail,False,False,Existing publication repricing; observed valuation fields changed: bondYield.
VWS.CO,FPFPP,FPFPP,"[45.04084867528115, 49.60328809306879, 53.738563293328745]","[45.155339942960005, 49.729376821453066, 53.875163655347905]",0.5,0.5,fail,fail,False,False,"Existing publication repricing; observed valuation fields changed: bondYield, perShareTrading."
WALMEX.MX,PPFPP,PPFPP,"[15.256680122548124, 16.59098300928206, 18.201878735657132]","[15.418303393083969, 16.784560241670203, 18.43802566298807]",0.25,0.25,fail,fail,False,False,"Existing publication repricing; observed valuation fields changed: discountRate, bondYield, perShare, perShareTrading."
WCN.TO,PFPPP,PFPPP,"[39.58419725043918, 45.041992906889575, 52.307476592030895]","[39.48847444058748, 44.933072013658126, 52.1809862503432]",0.5,0.5,fail,fail,False,False,"Existing publication repricing; observed valuation fields changed: bondYield, perShareTrading."
WEGE3.SA,PPPPP,PPPPP,"[9.759230968506031, 12.333517323129362, 13.199445214128112]","[9.801430951047895, 12.396489190968778, 13.272747661362228]",0.15,0.15,fail,fail,False,False,"Existing publication repricing; observed valuation fields changed: discountRate, bondYield, perShare, perShareTrading."
WING.US,PPFPP,PPFPP,"[26.302433853307917, 35.848209445486454, 41.406731703470406]",,0.5,0.5,fail,fail,False,False,"Comparable trading value is absent from the candidate index; see full dossier/price evidence. Existing publication behavior, not a selected rule correction."
WIT.US,PPPFP,PPPPP,"[2.026535458926352, 2.453468886346729, 2.798275475449543]",,0.25,0.15,pass,pass,False,False,"management: ROIC first 3 years vs last 3 years: 37.7% vs 69.9%; Per-share earnings: 6.54 to 12.52 (three-year endpoint medians) Comparable trading value is absent from the candidate index; see full dossier/price evidence. Existing publication behavior, not a selected rule correction. Existing safety tier 0.25 → 0.15."
YAR.OL,FFPFP,FFPFP,"[236.13594306118085, 266.74956919097303, 307.5027991009542]","[235.34535974310728, 265.8564914291896, 306.47327949424545]",0.5,0.5,fail,fail,False,False,"Existing publication repricing; observed valuation fields changed: bondYield, perShareTrading."
YDUQ3.SA,PPFFP,PPFFP,"[2.1673962572164203, 2.315182736004393, 2.4853746951207447]","[2.1782213834195656, 2.3275898715301198, 2.4997426253396764]",0.5,0.5,fail,fail,False,False,"Existing publication repricing; observed valuation fields changed: discountRate, bondYield, perShare, perShareTrading."
ZGN.US,FFPPP,FFPPP,"[9.897224543890898, 11.109461552705616, 12.723206141999373]","[9.92898883769317, 11.145116417277016, 12.764040181502983]",0.5,0.5,fail,fail,False,False,"Existing publication repricing; observed valuation fields changed: bondYield, perShareTrading."
ZURN.SW,PPPFP,PPPFP,"[188.1704369591657, 214.99036944238114, 250.7264039327204]","[188.7820928219268, 215.68920461559776, 251.541400578276]",0.35,0.35,fail,fail,False,False,"Existing publication repricing; observed valuation fields changed: bondYield, perShareTrading."
